PLR_NAME,TEAM,RK,GP,REC,TGTS,YDS,AVG,TD,LNG,BIG,YDS/G,FUM,LST,YAC,FD
Ja'Marr Chase,CIN,1,15,108,146,1510,14.0,16,70,18,100.7,0,0,722,67
Justin Jefferson,MIN,2,15,92,134,1387,15.1,10,97,26,92.5,1,0,405,59
CeeDee Lamb,DAL,3,15,101,152,1194,11.8,6,65,16,79.6,1,1,537,54
Amon-Ra St. Brown,DET,4,15,101,124,1126,11.1,11,66,13,75.1,1,1,380,63
Jaxon Smith-Njigba,SEA,5,15,93,126,1089,11.7,6,46,14,72.6,1,0,447,53
Brian Thomas Jr.,JAX,6,15,73,112,1088,14.9,9,85,15,72.5,0,0,490,46
Jerry Jeudy,CLE,7,15,72,114,1072,14.9,4,89,12,71.5,0,0,308,49
Brock Bowers,LV,8,15,101,137,1067,10.6,4,57,14,71.1,0,0,549,53
A.J. Brown,PHI,9,12,64,92,1043,16.3,6,67,16,86.9,0,0,352,50
Terry McLaurin,WSH,10,15,73,98,1029,14.1,12,86,12,68.6,0,0,279,52
Zay Flowers,BAL,11,15,71,109,1016,14.3,4,53,18,67.7,0,0,439,46
Garrett Wilson,NYJ,12,15,90,141,987,11.0,6,42,14,65.8,1,1,377,53
Drake London,ATL,13,15,83,127,978,11.8,7,31,6,65.2,0,0,266,55
Malik Nabers,NYG,14,13,97,154,969,10.0,4,39,12,74.5,1,0,327,49
George Kittle,SF,15,13,68,83,967,14.2,8,43,18,74.4,0,0,456,44
Ladd McConkey,LAC,16,14,69,94,960,13.9,5,60,13,68.6,2,0,326,45
Trey McBride,ARI,17,14,92,120,958,10.4,0,37,8,68.4,0,0,411,51
Darnell Mooney,ATL,18,15,62,101,955,15.4,5,49,20,63.7,0,0,269,46
Davante Adams,LV/NYJ,19,12,74,121,928,12.5,7,71,13,77.3,0,0,409,44
Courtland Sutton,DEN,19,15,71,119,928,13.1,6,37,15,61.9,1,1,162,49
Nico Collins,HOU,21,10,60,88,909,15.1,6,67,13,90.9,0,0,332,42
DK Metcalf,SEA,22,13,60,100,897,14.9,4,71,17,69.0,2,2,244,31
Jameson Williams,DET,23,13,47,75,890,18.9,6,82,16,68.5,0,0,421,35
Puka Nacua,LAR,24,10,69,92,861,12.5,3,51,9,86.1,0,0,447,42
Calvin Ridley,TEN,25,15,56,109,857,15.3,4,63,15,57.1,0,0,187,33
Jauan Jennings,SF,26,13,63,93,856,13.6,6,45,12,65.8,0,0,211,43
George Pickens,PIT,27,12,55,90,850,15.5,3,44,16,70.8,1,1,199,35
Jakobi Meyers,LV,28,13,73,110,843,11.5,2,43,11,64.8,0,0,268,44
Tyreek Hill,MIA,29,15,70,111,834,11.9,6,80,12,55.6,0,0,269,47
DJ Moore,CHI,30,15,83,122,826,10.0,5,44,10,55.1,0,0,468,35
Mike Evans,TB,31,12,57,87,818,14.4,9,57,13,68.2,0,0,194,43
Jordan Addison,MIN,32,13,56,85,806,14.4,8,69,12,62.0,0,0,186,35
Jonnu Smith,MIA,33,15,76,95,802,10.6,6,57,4,53.5,1,0,457,49
Khalil Shakir,BUF,34,14,73,94,796,10.9,4,52,9,56.9,1,0,576,34
Travis Kelce,KC,35,15,89,122,739,8.3,2,38,8,49.3,2,1,287,42
Tee Higgins,CIN,36,10,58,92,727,12.5,7,42,11,72.7,0,0,206,37
Jayden Reed,GB,36,14,49,65,727,14.8,6,70,12,51.9,0,0,363,25
Marvin Harrison Jr.,ARI,38,15,51,100,726,14.2,7,60,10,48.4,1,1,127,36
DeVonta Smith,PHI,39,12,62,82,713,11.5,6,46,11,59.4,0,0,262,38
Rome Odunze,CHI,40,15,51,95,701,13.7,3,47,8,46.7,2,1,249,35
Jaylen Waddle,MIA,41,14,54,74,700,13.0,2,63,11,50.0,0,0,232,36
Keenan Allen,CHI,42,13,62,110,694,11.2,7,45,9,53.4,1,0,220,39
Josh Downs,IND,43,12,59,90,687,11.6,5,69,10,57.3,0,0,332,34
Cooper Kupp,LAR,44,11,66,97,681,10.3,6,69,9,61.9,1,0,260,27
Hunter Henry,NE,45,15,66,96,674,10.2,2,35,4,44.9,0,0,268,40
Rashod Bateman,BAL,46,15,39,63,668,17.1,8,59,9,44.5,0,0,149,30
Tank Dell,HOU,47,14,51,81,667,13.1,3,50,9,47.6,0,0,164,35
Deebo Samuel Sr.,SF,48,14,50,80,665,13.3,2,76,10,47.5,0,0,412,27
Alec Pierce,IND,49,14,29,58,645,22.2,5,65,10,46.1,0,0,98,25
Michael Pittman Jr.,IND,50,14,54,91,627,11.6,2,33,10,44.8,1,1,210,26
Christian Watson,GB,51,13,29,51,620,21.4,2,60,12,47.7,0,0,149,21
Ray-Ray McCloud III,ATL,52,15,57,79,607,10.6,1,60,7,40.5,3,1,325,26
DeAndre Hopkins,KC/TEN,53,15,54,76,603,11.2,5,35,6,40.2,1,0,104,35
Cade Otton,TB,54,14,59,87,600,10.2,4,44,7,42.9,2,1,311,31
Sam LaPorta,DET,55,14,47,68,599,12.7,6,52,10,42.8,0,0,292,32
Wan'Dale Robinson,NYG,56,15,78,123,585,7.5,2,25,3,39.0,0,0,301,30
De'Von Achane,MIA,57,15,76,85,579,7.6,6,39,3,38.6,1,0,648,30
Chris Godwin,TB,58,7,50,62,576,11.5,5,55,7,82.3,1,0,350,33
Xavier Worthy,KC,59,15,51,89,559,11.0,5,54,3,37.3,0,0,339,31
Tucker Kraft,GB,60,14,41,56,555,13.5,7,67,7,39.6,1,1,365,24
Tyler Lockett,SEA,61,15,44,66,552,12.5,2,37,7,36.8,0,0,112,33
Mark Andrews,BAL,62,15,49,59,551,11.2,9,38,4,36.7,0,0,142,34
Alvin Kamara,NO,63,14,68,89,543,8.0,2,57,7,38.8,1,0,542,18
Joshua Palmer,LAC,63,14,35,59,543,15.5,1,45,10,38.8,0,0,91,26
Kyle Pitts,ATL,63,15,41,66,543,13.2,3,52,6,36.2,0,0,249,18
Darius Slayton,NYG,66,14,38,67,541,14.2,1,43,8,38.6,0,0,105,29
DeMario Douglas,NE,66,15,59,78,541,9.2,2,35,7,36.1,1,0,348,26
Zach Ertz,WSH,68,15,55,79,538,9.8,4,25,6,35.9,1,0,137,31
Michael Wilson,ARI,69,15,43,65,526,12.2,4,41,10,35.1,1,1,122,24
Tutu Atwell,LAR,70,15,37,54,525,14.2,0,50,9,35.0,0,0,120,27
Romeo Doubs,GB,71,11,37,58,523,14.1,4,39,8,47.5,0,0,103,27
Calvin Austin III,PIT,72,15,32,52,517,16.2,4,55,10,34.5,0,0,142,17
Mike Gesicki,CIN,73,15,47,61,511,10.9,2,47,5,34.1,1,1,191,27
Pat Freiermuth,PIT,74,15,50,59,508,10.2,6,30,7,33.9,2,1,222,26
David Njoku,CLE,75,11,64,97,505,7.9,5,29,4,45.9,0,0,251,23
Elijah Moore,CLE,76,15,57,92,501,8.8,1,44,4,33.4,0,0,121,23
Keon Coleman,BUF,77,11,24,40,498,20.8,3,64,11,45.3,0,0,207,18
Stefon Diggs,HOU,78,8,47,64,496,10.6,3,49,5,62.0,0,0,185,31
Amari Cooper,BUF/CLE,79,13,41,82,491,12.0,3,30,7,37.8,0,0,108,23
Tre Tucker,LV,79,15,42,69,491,11.7,2,58,6,32.7,0,0,200,22
Dalton Schultz,HOU,81,15,48,76,482,10.0,2,32,5,32.1,0,0,203,24
Jalen Tolbert,DAL,81,15,42,69,482,11.5,6,48,5,32.1,0,0,89,24
Quentin Johnston,LAC,83,13,37,69,477,12.9,8,66,9,36.7,0,0,223,22
Cole Kmet,CHI,84,15,45,53,471,10.5,4,31,7,31.4,0,0,181,25
Jake Ferguson,DAL,85,12,54,77,464,8.6,0,27,6,38.7,3,1,293,17
Adam Thielen,CAR,86,8,38,50,461,12.1,3,36,6,57.6,0,0,129,23
Breece Hall,NYJ,87,14,53,70,460,8.7,2,57,5,32.9,0,0,457,14
Noah Brown,WSH,88,11,35,56,453,12.9,1,52,4,41.2,0,0,83,21
Allen Lazard,NYJ,89,10,33,54,450,13.6,5,52,7,45.0,0,0,130,25
Kayshon Boutte,NE,90,13,32,56,444,13.9,2,40,9,34.2,0,0,116,20
Dallas Goedert,PHI,91,9,38,46,441,11.6,2,61,6,49.0,2,0,231,16
Jahmyr Gibbs,DET,92,15,43,54,440,10.2,3,54,6,29.3,1,1,512,22
Xavier Legette,CAR,93,14,41,70,439,10.7,4,35,7,31.4,0,0,95,23
Chig Okonkwo,TEN,94,15,47,63,437,9.3,2,70,4,29.1,2,1,234,17
Demarcus Robinson,LAR,95,15,28,56,433,15.5,7,46,7,28.9,0,0,54,24
Austin Hooper,NE,96,15,38,50,430,11.3,3,38,5,28.7,2,1,213,23
Noah Gray,KC,96,15,38,47,430,11.3,5,35,6,28.7,0,0,203,25
Isaiah Likely,BAL,96,14,38,52,430,11.3,5,49,4,30.7,1,1,242,23
Dalton Kincaid,BUF,99,12,42,73,424,10.1,2,29,5,35.3,1,0,248,21
Bijan Robinson,ATL,100,15,56,62,420,7.5,1,29,3,28.0,0,0,508,20
Will Dissly,LAC,101,13,43,55,418,9.7,1,29,5,32.2,0,0,256,19
James Conner,ARI,102,15,45,52,410,9.1,1,44,4,27.3,2,1,475,17
Nick Westbrook-Ikhine,TEN,102,15,25,47,410,16.4,9,98,4,27.3,0,0,106,21
Andrei Iosivas,CIN,104,15,31,54,408,13.2,6,39,6,27.2,0,0,45,23
Chris Olave,NO,105,8,32,44,400,12.5,1,39,4,50.0,1,1,121,22
Devaughn Vele,DEN,106,11,35,49,398,11.4,2,37,6,36.2,0,0,118,21
Noah Fant,SEA,107,12,39,53,394,10.1,0,28,2,32.8,0,0,201,20
Rachaad White,TB,108,14,50,56,389,7.8,6,32,3,27.8,1,1,516,18
Justice Hill,BAL,109,15,42,51,383,9.1,3,27,3,25.5,0,0,433,17
Jalen Coker,CAR,110,9,23,37,381,16.6,2,83,5,42.3,0,0,149,16
Tim Patrick,DET,111,14,31,42,379,12.2,3,42,6,27.1,0,0,134,20
Christian Kirk,JAX,111,8,27,47,379,14.0,1,61,7,47.4,0,0,113,18
Marquez Valdes-Scantling,BUF/NO,113,12,16,34,378,23.6,4,71,7,31.5,0,0,123,12
T.J. Hockenson,MIN,113,8,34,48,378,11.1,0,34,4,47.3,0,0,122,25
Tyler Boyd,TEN,115,15,37,53,376,10.2,0,40,4,25.1,0,0,182,19
Tyler Conklin,NYJ,115,14,41,61,376,9.2,2,27,6,26.9,0,0,208,19
Juwan Johnson,NO,117,14,36,47,375,10.4,3,30,6,26.8,1,0,136,18
Brandon Aiyuk,SF,118,7,25,47,374,15.0,0,53,5,53.4,0,0,107,19
Olamide Zaccheaus,WSH,119,15,35,50,370,10.6,2,49,3,24.7,0,0,227,19
Evan Engram,JAX,120,9,47,64,365,7.8,1,24,2,40.6,1,1,150,17
Diontae Johnson,BAL/CAR,121,11,31,63,363,11.7,3,39,5,33.0,0,0,87,20
D'Andre Swift,CHI,122,15,38,45,358,9.4,0,42,4,23.9,0,0,360,10
KaVontae Turpin,DAL,123,15,27,43,351,13.0,2,64,5,23.4,1,1,209,15
Brenton Strange,JAX,123,15,36,48,351,9.8,2,30,6,23.4,1,1,159,17
Rashid Shaheed,NO,125,6,20,41,349,17.5,3,70,5,58.2,0,0,106,12
Marvin Mims Jr.,DEN,125,15,26,39,349,13.4,2,93,4,23.3,0,0,366,9
Aaron Jones,MIN,127,15,42,51,348,8.3,2,25,4,23.2,2,2,353,15
Austin Ekeler,WSH,128,11,33,39,346,10.5,0,34,8,31.5,1,0,403,13
Parker Washington,JAX,129,15,27,44,344,12.7,1,30,5,22.9,0,0,94,16
David Montgomery,DET,130,14,36,38,341,9.5,0,40,2,24.4,0,0,365,16
Cedric Tillman,CLE,131,11,29,49,339,11.7,3,38,6,30.8,1,1,104,15
Chase Brown,CIN,132,15,50,61,336,6.7,4,34,2,22.4,0,0,303,21
Jalen McMillan,TB,132,11,27,47,336,12.4,5,32,6,30.5,0,0,107,17
Theo Johnson,NYG,134,12,29,43,331,11.4,1,35,4,27.6,0,0,149,16
David Moore,CAR,135,15,30,53,325,10.8,2,21,2,21.7,0,0,56,16
Sterling Shepard,TB,136,13,31,49,323,10.4,1,30,4,24.8,0,0,99,15
Mack Hollins,BUF,137,15,26,44,320,12.3,5,44,3,21.3,0,0,73,21
Bucky Irving,TB,137,15,41,43,320,7.8,0,32,2,21.3,0,0,429,13
Dontayvion Wicks,GB,139,14,27,58,310,11.5,4,36,4,22.1,0,0,121,19
Dawson Knox,BUF,140,15,21,30,307,14.6,1,39,7,20.5,0,0,93,12
Foster Moreau,NO,141,14,23,31,302,13.1,4,41,5,21.6,0,0,113,16
Josh Jacobs,GB,141,14,31,38,302,9.7,1,49,5,21.6,0,0,354,13
Ja'Tavion Sanders,CAR,141,14,29,37,302,10.4,1,46,5,21.6,1,0,169,11
Kenneth Walker III,SEA,144,11,46,53,299,6.5,1,21,1,27.2,0,0,363,19
Javonte Williams,DEN,145,15,47,64,296,6.3,0,34,2,19.7,0,0,346,12
Dyami Brown,WSH,146,15,27,36,292,10.8,1,51,5,19.5,1,1,192,12
Joe Mixon,HOU,147,12,33,48,291,8.8,1,37,4,24.3,0,0,329,12
Adonai Mitchell,IND,148,15,21,50,290,13.8,0,36,4,19.3,1,0,81,14
Samaje Perine,KC,149,15,25,32,289,11.6,1,36,5,19.3,0,0,291,14
Zach Charbonnet,SEA,149,15,39,49,289,7.4,1,30,3,19.3,0,0,312,7
Colby Parkinson,LAR,151,15,29,47,288,9.9,1,23,2,19.2,0,0,154,15
Rashee Rice,KC,151,4,24,29,288,12.0,2,44,3,72.0,0,0,186,15
Jordan Akins,CLE,153,15,28,42,281,10.0,1,21,2,18.7,1,0,135,15
Jalen Nailor,MIN,154,15,20,33,280,14.0,5,33,5,18.7,0,0,74,17
Greg Dortch,ARI,155,15,30,43,277,9.2,1,39,1,18.5,1,1,237,13
Alexander Mattison,LV,155,12,31,40,277,8.9,1,31,3,23.1,0,0,296,11
Saquon Barkley,PHI,157,15,31,41,276,8.9,2,43,4,18.4,0,0,244,12
Ty Johnson,BUF,158,15,16,22,275,17.2,3,41,5,18.3,0,0,156,13
Mike Williams,PIT/NYJ,159,16,20,31,273,13.6,1,32,5,17.1,0,0,35,13
Kendrick Bourne,NE,160,10,24,32,271,11.3,1,37,2,27.1,0,0,84,11
Jaylen Warren,PIT,161,13,33,40,269,8.2,0,29,2,20.7,1,0,278,13
Lil'Jordan Humphrey,DEN,162,15,29,43,267,9.2,1,41,5,17.8,2,1,187,10
Tyrone Tracy Jr.,NYG,163,15,34,48,263,7.7,1,19,0,17.5,1,0,263,13
Van Jefferson,PIT,164,15,21,35,258,12.3,2,43,4,17.2,0,0,76,11
James Cook,BUF,164,14,32,38,258,8.1,2,28,3,18.4,0,0,260,14
Tyler Johnson,LAR,166,14,22,34,256,11.6,0,63,3,18.3,0,0,154,7
Najee Harris,PIT,166,15,30,39,256,8.5,0,32,4,17.1,0,0,294,11
Grant Calcaterra,PHI,168,15,21,24,254,12.1,1,34,5,16.9,0,0,122,14
Troy Franklin,DEN,169,14,25,49,252,10.1,2,30,5,18.0,0,0,142,10
Josh Oliver,MIN,170,13,20,25,242,12.1,3,28,5,18.6,0,0,119,13
Gabe Davis,JAX,171,10,20,42,239,11.9,2,22,6,23.9,1,1,39,13
Tony Pollard,TEN,172,15,41,57,238,5.8,0,30,2,15.9,0,0,221,9
Rico Dowdle,DAL,173,14,36,45,233,6.5,3,22,1,16.6,0,0,238,12
Nelson Agholor,BAL,174,14,14,29,231,16.5,2,56,5,16.5,0,0,85,10
Ameer Abdullah,LV,175,15,37,43,229,6.2,3,24,1,15.3,0,0,227,14
Jerome Ford,CLE,176,13,37,43,225,6.1,0,26,3,17.3,0,0,294,10
Luke Schoonmaker,DAL,176,15,25,34,225,9.0,1,24,3,15.0,0,0,88,10
Justin Watson,KC,178,15,19,27,224,11.8,1,25,1,14.9,0,0,59,11
Josh Whyle,TEN,179,15,23,29,219,9.5,1,33,3,14.6,0,0,130,13
Tyjae Spears,TEN,180,11,27,31,216,8.0,1,43,2,19.6,0,0,251,9
AJ Barner,SEA,181,15,25,33,211,8.4,3,20,1,14.1,0,0,137,14
JuJu Smith-Schuster,KC,182,12,15,22,209,13.9,2,50,3,17.4,0,0,140,10
Kalif Raymond,DET,183,11,16,21,204,12.8,2,38,3,18.5,0,0,131,9
Tommy Tremble,CAR,183,10,21,29,204,9.7,1,38,2,20.4,1,1,107,10
Curtis Samuel,BUF,185,13,24,38,201,8.4,1,38,2,15.5,0,0,100,8
Jordan Whittington,LAR,185,13,18,23,201,11.2,0,31,2,15.5,0,0,126,10
Travis Etienne Jr.,JAX,187,13,35,45,199,5.7,0,21,1,15.3,0,0,230,10
Brandin Cooks,DAL,188,8,19,37,192,10.1,3,29,2,24.0,0,0,37,15
Darnell Washington,PIT,188,15,18,24,192,10.7,1,29,3,12.8,0,0,123,9
Tylan Wallace,BAL,190,15,10,10,191,19.1,1,84,2,12.7,0,0,119,5
Ricky Pearsall,SF,191,9,17,28,190,11.2,1,46,2,21.1,0,0,63,8
Taysom Hill,NO,192,8,23,31,187,8.1,0,34,2,23.4,1,1,137,8
Zack Moss,CIN,192,8,23,27,187,8.1,1,21,1,23.4,0,0,194,11
Antonio Gibson,NE,194,15,19,22,186,9.8,0,50,2,12.4,0,0,191,9
Stone Smartt,LAC,195,13,14,17,185,13.2,0,31,4,14.2,1,1,65,9
Ray Davis,BUF,196,15,14,15,184,13.1,2,63,2,12.3,0,0,147,7
Josh Reynolds,DEN/JAX,197,7,12,21,183,15.3,1,49,4,26.1,0,0,35,8
Adam Trautman,DEN,197,15,12,19,183,15.3,2,37,2,12.2,0,0,95,8
John Metchie III,HOU,199,11,17,25,182,10.7,1,28,2,16.5,0,0,62,9
Kareem Hunt,KC,200,12,23,32,176,7.7,0,26,1,14.7,0,0,216,10
Trey Palmer,TB,201,13,12,22,172,14.3,1,27,2,13.2,0,0,42,7
Chuba Hubbard,CAR,202,15,43,54,171,4.0,1,20,1,11.4,3,2,245,10
Luke McCaffrey,WSH,203,15,18,24,168,9.3,0,30,2,11.2,0,0,97,8
Rhamondre Stevenson,NE,203,14,33,40,168,5.1,1,16,0,12.0,1,0,237,8
Dare Ogunbowale,HOU,205,15,16,24,166,10.4,1,31,2,11.1,0,0,149,7
Kyren Williams,LAR,205,15,31,37,166,5.4,2,26,1,11.1,0,0,187,6
Jalen Brooks,DAL,207,12,11,29,165,15.0,1,41,2,13.8,0,0,37,7
Cedrick Wilson Jr.,NO,208,12,13,17,159,12.2,1,25,1,13.3,0,0,57,7
DJ Turner,LV,209,12,16,29,158,9.9,1,30,2,13.2,0,0,83,9
Erick All Jr.,CIN,209,9,20,22,158,7.9,0,28,1,17.6,0,0,87,8
Derrick Henry,BAL,211,15,15,17,152,10.1,2,27,2,10.1,0,0,176,8
Lucas Krull,DEN,212,11,18,22,149,8.3,0,23,1,13.5,0,0,63,7
Elijah Higgins,ARI,212,15,18,21,149,8.3,2,23,1,9.9,0,0,69,8
Mo Alie-Cox,IND,214,15,12,20,147,12.3,1,22,2,9.8,0,0,49,7
Christian McCaffrey,SF,215,4,15,19,146,9.7,0,30,2,36.5,1,1,98,6
Raheem Mostert,MIA,216,11,17,21,145,8.5,0,25,1,13.2,0,0,135,10
Brian Robinson Jr.,WSH,217,12,17,22,144,8.5,0,32,1,12.0,0,0,160,4
Robert Woods,HOU,218,13,16,25,143,8.9,0,32,1,11.0,2,0,65,9
Tanner Hudson,CIN,218,10,18,22,143,7.9,1,19,0,14.3,1,1,89,8
Kyle Juszczyk,SF,220,15,16,26,142,8.9,0,34,2,9.5,0,0,62,5
Kylen Granson,IND,221,15,10,23,141,14.1,0,40,2,9.4,0,0,74,6
Braelon Allen,NYJ,222,15,17,24,140,8.2,1,15,0,9.3,0,0,156,8
Johnny Mundt,MIN,223,15,18,26,135,7.5,2,20,1,9.0,0,0,78,7
J.K. Dobbins,LAC,224,11,28,34,134,4.8,0,15,0,12.2,0,0,175,6
Malik Washington,MIA,224,12,18,26,134,7.4,0,20,1,11.2,0,0,85,6
Cade Stover,HOU,226,13,14,20,132,9.4,1,27,1,10.2,0,0,91,5
Charlie Kolar,BAL,227,12,9,11,131,14.6,1,55,2,10.9,0,0,76,4
Jonathan Mingo,DAL/CAR,227,15,14,37,131,9.4,0,35,2,8.7,0,0,67,4
Jonathan Taylor,IND,229,12,15,25,122,8.1,1,25,1,10.2,1,0,142,7
Jahan Dotson,PHI,229,15,12,22,122,10.2,0,36,2,8.1,0,0,52,6
Michael Mayer,LV,231,9,16,26,121,7.6,0,29,1,13.4,0,0,40,6
Bub Means,NO,232,7,9,15,118,13.1,1,36,1,16.9,0,0,20,7
Daniel Bellinger,NYG,233,15,12,15,116,9.7,0,17,0,7.7,0,0,45,8
Devin Singletary,NYG,234,13,19,22,115,6.1,0,23,1,8.8,0,0,171,4
Rakim Jarrett,TB,235,8,8,10,113,14.1,0,30,2,14.1,0,0,17,4
Hunter Luepke,DAL,236,14,11,15,110,10.0,0,24,1,7.9,0,0,84,5
Jermaine Burton,CIN,237,13,4,14,107,26.8,0,47,2,8.2,0,0,22,4
Simi Fehoko,LAC,238,8,6,16,106,17.7,0,30,2,13.3,0,0,16,6
Emari Demercado,ARI,239,13,16,20,104,6.5,0,24,1,8.0,0,0,95,3
Sean Tucker,TB,239,15,8,11,104,13.0,1,36,1,6.9,0,0,103,6
Jake Bobo,SEA,241,15,12,16,103,8.6,0,15,0,6.9,0,0,27,7
Ryan Miller,TB,242,9,10,16,102,10.2,2,39,1,11.3,0,0,52,7
Kenneth Gainwell,PHI,242,15,13,17,102,7.8,0,16,0,6.8,0,0,94,5
Nick Vannett,TEN,244,15,14,17,101,7.2,2,24,1,6.7,0,0,78,4
Jalen Reagor,LAC,245,8,7,12,100,14.3,0,41,2,12.5,1,1,26,3
Brock Wright,DET,245,15,13,16,100,7.7,2,16,0,6.7,0,0,75,7
Jeremy Ruckert,NYJ,245,15,17,26,100,5.9,0,12,0,6.7,0,0,81,6
Julian Hill,MIA,245,14,12,18,100,8.3,0,17,0,7.1,1,0,58,5
Mason Tipton,NO,249,10,14,25,99,7.1,0,15,0,9.9,0,0,27,2
KhaDarel Hodge,ATL,250,15,5,6,98,19.6,1,45,2,6.5,0,0,73,4
Miles Sanders,CAR,250,10,21,26,98,4.7,0,27,1,9.8,0,0,137,3
Kevin Austin Jr.,NO,250,5,8,15,98,12.3,0,22,1,19.6,0,0,22,7
Drew Sample,CIN,253,15,15,17,92,6.1,1,12,0,6.1,1,0,61,6
Jordan Mason,SF,254,12,11,14,91,8.3,0,24,1,7.6,0,0,59,5
Xavier Hutchinson,HOU,254,14,9,20,91,10.1,0,19,0,6.5,0,0,30,5
Mecole Hardman,KC,256,12,12,14,90,7.5,0,17,0,7.5,0,0,99,6
Pierre Strong Jr.,CLE,257,13,11,17,89,8.1,0,21,2,6.8,0,0,111,3
Brevyn Spann-Ford,DAL,258,15,9,14,88,9.8,0,18,0,5.9,0,0,53,6
Roschon Johnson,CHI,258,12,11,15,88,8.0,0,17,0,7.3,0,0,70,5
Drew Ogletree,IND,258,15,8,13,88,11.0,1,22,2,5.9,0,0,41,5
Isaac Guerendo,SF,261,14,11,12,87,7.9,0,27,2,6.2,1,0,67,5
Ja'Lynn Polk,NE,261,14,12,32,87,7.3,2,21,1,6.2,0,0,13,4
Harrison Bryant,LV,263,11,9,12,86,9.6,0,18,0,7.8,0,0,71,5
D'Ernest Johnson,JAX,264,12,9,15,85,9.4,0,26,2,7.1,0,0,85,3
Ryan Flournoy,DAL,264,9,7,10,85,12.1,0,26,1,9.4,1,1,32,4
Trey Sermon,IND,266,15,14,15,84,6.0,0,14,0,5.6,0,0,88,3
Trent Sherfield Sr.,MIN,267,15,8,9,83,10.4,1,17,0,5.5,0,0,40,4
Nate Adkins,DEN,267,15,10,11,83,8.3,3,16,0,5.5,0,0,48,5
Cordarrelle Patterson,PIT,269,11,12,14,80,6.7,1,20,1,7.3,0,0,56,5
Eric Saubert,SF,269,15,7,9,80,11.4,1,20,1,5.3,0,0,32,3
Bryce Oliver,TEN,269,8,5,6,80,16.0,0,33,1,10.0,0,0,24,3
Isiah Pacheco,KC,272,6,12,16,79,6.6,0,23,1,13.2,0,0,119,4
Derius Davis,LAC,273,13,10,14,78,7.8,1,19,0,6.0,0,0,106,4
Eric Gray,NYG,273,15,9,10,78,8.7,0,19,0,5.2,0,0,99,3
Alec Ingold,MIA,275,13,9,10,75,8.3,0,25,1,5.8,0,0,49,3
Devin Duvernay,JAX,275,11,10,15,75,7.5,0,28,1,6.8,0,0,62,6
Hayden Hurst,LAC,277,8,8,13,73,9.1,0,27,1,9.1,0,0,20,2
Bo Melton,GB,277,14,5,12,73,14.6,0,28,1,5.2,0,0,6,4
DeAndre Carter,CHI,279,13,9,14,72,8.0,0,14,0,5.5,0,0,32,3
Brandon Powell,MIN,280,15,7,10,71,10.1,0,13,0,4.7,0,0,12,5
Tyler Allgeier,ATL,280,15,11,11,71,6.5,0,13,0,4.7,0,0,80,2
John Bates,WSH,282,15,7,11,70,10.0,0,20,1,4.7,1,1,44,2
Ezekiel Elliott,DAL,283,14,12,15,69,5.8,0,15,0,4.9,0,0,97,3
Scotty Miller,PIT,283,12,5,9,69,13.8,0,21,2,5.8,0,0,33,2
Ben Skowronek,PIT,283,9,5,5,69,13.8,0,23,1,7.7,0,0,29,4
Chris Brooks,GB,286,12,10,11,67,6.7,0,15,0,5.6,0,0,92,2
Ashton Dulin,IND,286,13,2,8,67,33.5,1,54,1,5.2,0,0,43,2
Isaiah Davis,NYJ,286,15,8,11,67,8.4,1,24,1,4.5,0,0,62,4
Michael Burton,DEN,289,15,10,10,65,6.5,1,28,1,4.3,0,0,41,3
Luke Farrell,JAX,290,15,11,16,63,5.7,0,11,0,4.2,0,0,29,4
Payne Durham,TB,290,14,7,9,63,9.0,0,26,1,4.5,1,0,10,2
Michael Woods II,CLE,292,4,6,14,62,10.3,0,16,0,15.5,0,0,35,4
Kimani Vidal,LAC,292,8,5,7,62,12.4,1,38,1,7.8,0,0,37,2
Jalin Hyatt,NYG,292,14,8,18,62,7.8,0,19,0,4.4,0,0,6,3
Pharaoh Brown,SEA,295,13,7,11,61,8.7,0,17,0,4.7,0,0,25,2
Hunter Long,LAR,296,15,7,9,60,8.6,0,18,0,4.0,0,0,30,2
Jaleel McLaughlin,DEN,296,14,20,23,60,3.0,2,11,0,4.3,1,1,135,3
JaMycal Hasty,NE,298,14,10,12,59,5.9,1,16,0,4.2,0,0,72,2
Trey Benson,ARI,298,13,6,6,59,9.8,0,19,0,4.5,0,0,78,3
K.J. Osborn,NE,300,7,7,18,57,8.1,1,22,1,8.1,0,0,16,2
Tyler Goodson,IND,301,14,10,13,56,5.6,1,24,1,4.0,0,0,64,3
Odell Beckham Jr.,MIA,302,9,9,18,55,6.1,0,11,0,6.1,0,0,14,3
Durham Smythe,MIA,303,15,9,16,53,5.9,0,8,0,3.5,0,0,16,1
Tank Bigsby,JAX,304,14,6,10,51,8.5,0,28,1,3.6,0,0,57,1
Jacob Cowing,SF,305,13,2,4,50,25.0,0,41,1,3.8,0,0,16,1
Cam Akers,HOU/MIN,306,15,10,13,49,4.9,2,9,0,3.3,0,0,50,2
Jamison Crowder,WSH,307,4,6,8,47,7.8,2,12,0,11.8,0,0,8,3
Tyquan Thornton,NE,307,6,4,8,47,11.8,0,17,0,7.8,0,0,24,2
D'Onta Foreman,CLE,309,9,5,5,46,9.2,0,16,0,5.1,0,0,42,1
Dante Pettis,NO,309,5,5,11,46,9.2,0,12,0,9.2,0,0,20,3
Blake Corum,LAR,309,15,6,7,46,7.7,0,12,0,3.1,0,0,54,4
Emanuel Wilson,GB,309,14,9,12,46,5.1,1,30,1,3.3,0,0,86,3
Hollywood Brown,KC,313,1,5,8,45,9.0,0,20,1,45.0,0,0,35,2
Cody White,SEA,314,4,2,3,44,22.0,0,28,1,11.0,0,0,13,2
Ty Chandler,MIN,315,15,6,6,42,7.0,0,10,0,2.8,0,0,53,2
Jordan Mims,NO,315,9,4,7,42,10.5,0,25,1,4.7,0,0,44,2
Blake Whiteheart,CLE,315,9,4,7,42,10.5,1,29,1,4.7,0,0,4,2
Ben Sims,GB,315,14,4,5,42,10.5,0,28,1,3.0,0,0,16,1
Malik Heath,GB,319,11,6,7,41,6.8,1,12,0,3.7,0,0,10,3
MyCole Pruitt,PIT,320,10,6,10,40,6.7,1,18,0,4.0,0,0,16,2
Charlie Woerner,ATL,320,14,6,11,40,6.7,0,13,0,2.9,0,0,21,3
Austin Trammell,JAX,320,1,2,3,40,20.0,0,22,1,40.0,0,0,9,2
Hassan Haskins,LAC,323,15,2,2,39,19.5,1,34,1,2.6,0,0,36,1
Davis Allen,LAR,323,13,6,12,39,6.5,0,13,0,3.0,0,0,21,2
Xavier Gipson,NYJ,323,15,6,10,39,6.5,1,17,0,2.6,0,0,22,3
Jamaal Williams,NO,326,11,7,9,38,5.4,0,13,0,3.5,0,0,39,2
Tip Reiman,ARI,327,15,6,7,37,6.2,0,14,0,2.5,0,0,29,1
Sione Vaki,DET,327,14,3,3,37,12.3,0,17,0,2.6,0,0,20,2
Gerald Everett,CHI,329,15,8,12,36,4.5,0,17,0,2.4,0,0,41,1
Dee Eskridge,MIA,329,5,2,2,36,18.0,0,30,1,7.2,0,0,18,2
Laviska Shenault Jr.,LAC/SEA,329,12,5,5,36,7.2,0,18,0,3.0,0,0,46,2
Britain Covey,PHI,332,5,7,8,34,4.9,0,11,0,6.8,0,0,28,2
Divine Deablo,LV,332,12,1,1,34,34.0,0,34,1,2.8,0,0,30,1
Treylon Burks,TEN,332,5,4,8,34,8.5,0,13,0,6.8,0,0,5,3
Connor Heyward,PIT,335,15,5,7,32,6.4,1,16,0,2.1,0,0,7,2
Nick Chubb,CLE,336,8,5,11,31,6.2,1,19,0,3.9,0,0,31,3
Alex Bachman,LV,336,6,3,3,31,10.3,0,18,0,5.2,0,0,10,2
Tucker Fisk,LAC,336,7,6,7,31,5.2,0,10,0,4.4,0,0,18,1
Parris Campbell,PHI,339,5,6,8,30,5.0,1,7,0,6.0,0,0,9,1
Michael Carter,ARI,339,1,5,5,30,6.0,0,18,0,30.0,0,0,35,2
Tim Jones,JAX,339,15,2,4,30,15.0,0,20,1,2.0,0,0,17,2
Zamir White,LV,339,8,6,8,30,5.0,0,14,0,3.8,0,0,50,2
Dan Chisena,CAR,343,4,2,3,29,14.5,0,23,1,7.3,0,0,9,1
Will Mallory,IND,343,10,4,8,29,7.3,0,10,0,2.9,0,0,4,1
Sincere McCormick,LV,343,5,6,7,29,4.8,0,15,0,5.8,0,0,29,2
Greg Dulcich,DEN/NYG,346,7,5,12,28,5.6,0,9,0,4.0,0,0,15,0
Scott Matlock,LAC,346,15,4,5,28,7.0,0,10,0,1.9,0,0,23,1
Ben Sinnott,WSH,346,15,5,5,28,5.6,1,12,0,1.9,0,0,19,2
Kenny Yeboah,NYJ,349,7,3,4,27,9.0,1,12,0,3.9,0,0,27,2
David Bell,CLE,349,2,3,3,27,9.0,0,12,0,13.5,0,0,8,1
Peyton Hendershot,KC,351,5,3,3,26,8.7,0,11,0,5.2,0,0,15,1
DJ Chark Jr.,LAC,352,5,3,3,25,8.3,0,12,0,5.0,0,0,7,0
Carson Steele,KC,353,15,5,9,24,4.8,0,9,0,1.6,0,0,35,0
Anthony Gould,IND,354,6,1,1,23,23.0,0,23,1,3.8,0,0,5,1
Jonathon Brooks,CAR,354,3,3,3,23,7.7,0,18,0,7.7,0,0,31,2
Jeremy McNichols,WSH,356,15,7,9,22,3.1,0,10,0,1.5,0,0,26,0
Ronnie Bell,SF,356,9,2,6,22,11.0,0,12,0,2.4,0,0,2,2
Kenny McIntosh,SEA,356,15,3,3,22,7.3,0,15,0,1.5,0,0,17,1
Luke Musgrave,GB,356,4,5,7,22,4.4,0,6,0,5.5,0,0,15,1
Jamari Thrash,CLE,356,7,3,5,22,7.3,0,11,0,3.1,0,0,14,2
Shane Zylstra,DET,356,10,1,1,22,22.0,0,22,1,2.2,0,0,13,1
James Proche II,CLE,362,7,3,3,21,7.0,0,14,0,3.0,0,0,4,1
Devontez Walker,BAL,362,7,1,1,21,21.0,1,21,1,3.0,0,0,0,1
C.J. Ham,MIN,364,15,3,4,20,6.7,0,9,0,1.3,1,1,17,0
Deven Thompkins,CAR,364,7,4,4,20,5.0,0,12,0,2.9,0,0,28,2
Zay Jones,ARI,366,9,3,5,19,6.3,0,13,0,2.1,0,0,14,2
Jeff Wilson Jr.,MIA,366,7,3,3,19,6.3,0,7,0,2.7,0,0,19,0
Kristian Wilkerson,LV,368,3,2,3,18,9.0,1,9,0,6.0,0,0,11,2
Marcus Jones,NE,368,14,1,1,18,18.0,0,18,0,1.3,0,0,25,1
Deuce Vaughn,DAL,368,6,3,5,18,6.0,0,8,0,3.0,0,0,13,0
Mason Kinsey,TEN,371,4,2,2,17,8.5,0,11,0,4.3,0,0,0,1
Chris Blair,ATL,371,2,1,1,17,17.0,0,17,0,8.5,0,0,0,1
Tanner Conner,MIA,373,8,3,4,16,5.3,0,11,0,2.0,0,0,5,1
Quintin Morris,BUF,373,14,2,3,16,8.0,1,14,0,1.1,0,0,8,2
Malachi Corley,NYJ,373,8,3,6,16,5.3,0,10,0,2.0,0,0,5,1
Trenton Irwin,CIN,376,7,3,10,15,5.0,0,6,0,2.1,0,0,4,1
Josiah Deguara,JAX,377,13,3,3,14,4.7,0,8,0,1.1,0,0,7,0
Casey Washington,ATL,377,8,1,2,14,14.0,0,14,0,1.8,0,0,11,1
Audric Estime,DEN,377,11,4,4,14,3.5,0,11,0,1.3,0,0,23,1
Johnny Wilson,PHI,377,14,2,10,14,7.0,1,9,0,1.0,0,0,6,2
Patrick Taylor Jr.,SF,381,11,2,7,13,6.5,0,12,0,1.2,0,0,12,1
Blake Watson,DEN,381,2,1,2,13,13.0,0,13,0,6.5,0,0,18,0
Terrace Marshall Jr.,LV,381,5,2,4,13,6.5,0,7,0,2.6,0,0,1,0
River Cracraft,MIA,384,6,2,4,12,6.0,0,6,0,2.0,0,0,4,0
Isaiah Hodgins,NYG,384,3,2,2,12,6.0,0,7,0,4.0,0,0,1,0
Cam Grandy,CIN,384,6,3,3,12,4.0,0,9,0,2.0,0,0,4,1
Tyler Higbee,LAR,387,1,1,2,11,11.0,1,11,0,11.0,0,0,11,1
Myles Gaskin,MIN,387,5,1,1,11,11.0,0,11,0,2.2,0,0,13,0
Khalil Herbert,CHI/CIN,387,12,3,3,11,3.7,0,7,0,0.9,0,0,15,0
Travis Homer,CHI,387,10,3,3,11,3.7,0,6,0,1.1,0,0,10,0
Julius Chestnut,TEN,387,15,2,2,11,5.5,0,9,0,0.7,0,0,14,0
Grant DuBose,MIA,387,3,2,4,11,5.5,0,13,0,3.7,0,0,3,1
Dalvin Cook,DAL,393,2,1,1,10,10.0,0,10,0,5.0,0,0,7,1
Jack Stoll,MIA/PHI,393,9,2,3,10,5.0,0,6,0,1.1,0,0,2,0
Dallin Holker,NO,393,9,1,1,10,10.0,0,10,0,1.1,0,0,11,1
Jermar Jefferson,DET,393,1,1,1,10,10.0,0,10,0,10.0,0,0,10,1
Allen Robinson,DET,397,11,2,6,9,4.5,0,7,0,0.8,0,0,2,2
Eric Tomlinson,LAC,397,9,2,4,9,4.5,0,7,0,1.0,0,0,12,0
Dan Skipper,DET,397,15,1,1,9,9.0,1,9,0,0.6,0,0,8,1
Brandon Johnson,PIT,397,3,1,1,9,9.0,0,9,0,3.0,0,0,4,0
Kendric Pryor,CIN,397,1,1,1,9,9.0,0,9,0,9.0,0,0,0,0
Tristan Wirfs,TB,397,14,0,0,9,0.0,0,9,0,0.6,1,0,9,0
Patrick Ricard,BAL,403,15,2,4,8,4.0,1,5,0,0.5,0,0,5,1
Velus Jones Jr.,CHI/CAR,403,2,1,1,8,8.0,0,8,0,4.0,0,0,13,0
Jha'Quan Jackson,TEN,403,12,1,3,8,8.0,0,8,0,0.7,0,0,2,1
Jaylen Wright,MIA,403,13,3,6,8,2.7,0,6,0,0.6,0,0,8,1
Geoff Swaim,CLE,407,8,1,1,7,7.0,0,7,0,0.9,0,0,5,0
Jared Goff,DET,407,15,1,1,7,7.0,1,7,0,0.5,0,0,2,1
Josh Allen,BUF,407,15,0,0,7,0.0,1,7,0,0.5,0,0,7,1
Ian Thomas,CAR,407,5,3,6,7,2.3,0,3,0,1.4,0,0,6,1
John Samuel Shenker,LV,407,6,1,1,7,7.0,0,7,0,1.2,0,0,3,0
Brevin Jordan,HOU,407,2,2,3,7,3.5,0,4,0,3.5,0,0,3,1
Ramel Keyton,LV,407,6,1,3,7,7.0,0,7,0,1.2,0,0,0,1
Jared Wiley,KC,407,7,1,1,7,7.0,0,7,0,1.0,0,0,3,0
Gus Edwards,LAC,415,11,3,5,6,2.0,0,3,0,0.5,0,0,11,0
John Ross,PHI,415,1,1,2,6,6.0,0,6,0,6.0,0,0,2,1
Collin Johnson,CHI,415,7,1,2,6,6.0,0,6,0,0.9,0,0,3,1
Jaelon Darden,SEA/CLE,415,10,1,1,6,6.0,0,6,0,0.6,0,0,9,1
David Martin-Robinson,TEN,415,3,1,2,6,6.0,0,6,0,2.0,0,0,6,1
Xavier Smith,LAR,415,13,2,2,6,3.0,0,11,0,0.5,0,0,5,1
Ainias Smith,PHI,415,5,3,3,6,2.0,0,5,0,1.2,0,0,7,0
Isaiah Williams,CIN/DET,415,6,2,3,6,3.0,0,4,0,1.0,0,0,7,0
Robbie Chosen,MIA,423,2,1,4,5,5.0,0,5,0,2.5,0,0,1,0
Ross Dwelley,ATL,423,15,1,1,5,5.0,0,5,0,0.3,0,0,4,0
Mike Caliendo,KC,423,15,1,1,5,5.0,0,5,0,0.3,0,0,3,1
Charlie Jones,CIN,423,8,1,1,5,5.0,0,5,0,0.6,0,0,0,0
Jody Fortson,KC,423,3,1,3,5,5.0,0,5,0,1.7,0,0,2,1
Craig Reynolds,DET,423,15,1,1,5,5.0,0,5,0,0.3,0,0,9,0
Tyler Scott,CHI,423,9,1,1,5,5.0,0,5,0,0.6,0,0,7,0
Zach Davidson,BUF,423,3,1,2,5,5.0,0,5,0,1.7,0,0,2,0
Chris Conley,SF,431,13,1,7,4,4.0,0,4,0,0.3,0,0,0,0
Vederian Lowe,NE,431,12,1,1,4,4.0,1,4,0,0.3,0,0,0,1
Juanyeh Thomas,DAL,431,11,1,1,4,4.0,0,4,0,0.4,0,0,0,0
MarShawn Lloyd,GB,434,1,1,1,3,3.0,0,3,0,3.0,0,0,8,0
Marcedes Lewis,CHI,435,15,1,1,2,2.0,0,2,0,0.1,0,0,1,1
Chris Manhertz,NYG,435,15,1,2,2,2.0,1,2,0,0.1,0,0,0,1
Jake Brendel,SF,435,15,0,0,2,0.0,0,2,0,0.1,1,0,2,0
Sam Hubbard,CIN,435,14,1,1,2,2.0,1,2,0,0.1,0,0,0,1
Patrick Mahomes,KC,435,15,1,1,2,2.0,0,2,0,0.1,0,0,3,0
Dameon Pierce,HOU,435,9,2,2,2,1.0,0,1,0,0.2,0,0,5,0
John FitzPatrick,GB,435,6,1,1,2,2.0,0,2,0,0.3,0,0,0,0
Bo Nix,DEN,435,15,1,1,2,2.0,1,2,0,0.1,0,0,0,1
Trent Scott,WSH,443,15,1,1,1,1.0,1,1,0,0.1,0,0,0,1
DeeJay Dallas,ARI,443,15,1,1,1,1.0,1,1,0,0.1,0,0,0,1
Jaheim Bell,NE,443,13,1,2,1,1.0,0,1,0,0.1,0,0,3,0
Wanya Morris,KC,443,15,1,1,1,1.0,1,1,0,0.1,0,0,0,1
Kendre Miller,NO,443,4,2,5,1,0.5,0,6,0,0.3,0,0,4,0
Jordan Matthews,CAR,448,4,0,1,0,0.0,0,0,0,0.0,0,0,0,0
C.J. Goodwin,DAL,448,15,0,1,0,0.0,0,0,0,0.0,0,0,0,0
Taylor Decker,DET,448,12,0,1,0,0.0,0,0,0,0.0,0,0,0,0
Braxton Berrios,MIA,448,6,0,4,0,0.0,0,0,0,0.0,0,0,0,0
Andrew Beck,HOU/GB,448,4,0,2,0,0.0,0,0,0,0.0,0,0,0,0
Tom Kennedy,DET,448,3,0,1,0,0.0,0,0,0,0.0,0,0,0,0
Irvin Charles,NYJ,448,13,0,1,0,0.0,0,0,0,0.0,0,0,0,0
Adam Prentice,NO,448,14,0,3,0,0.0,0,0,0,0.0,0,0,0,0
Feleipe Franks,CAR,448,14,0,2,0,0.0,0,0,0,0.0,0,0,0,0
Stephen Sullivan,CAR,448,1,0,1,0,0.0,0,0,0,0.0,0,0,0,0
J.J. Taylor,HOU,448,5,2,3,0,0.0,0,2,0,0.0,0,0,1,0
Sam Franklin Jr.,CAR,448,8,0,1,0,0.0,0,0,0,0.0,0,0,0,0
Kadarius Toney,CLE,448,3,0,1,0,0.0,0,0,0,0.0,0,0,0,0
Ronnie Rivers,LAR,448,15,1,1,0,0.0,0,0,0,0.0,0,0,7,0
James Pierre,PIT,448,13,0,1,0,0.0,0,0,0,0.0,0,0,0,0
Justyn Ross,KC,448,2,0,1,0,0.0,0,0,0,0.0,0,0,0,0
Erik Ezukanma,MIA,448,2,0,2,0,0.0,0,0,0,0.0,0,0,0,0
Ben VanSumeren,PHI,448,11,1,1,0,0.0,0,0,0,0.0,0,0,0,0
Dareke Young,SEA,448,12,0,1,0,0.0,0,0,0,0.0,0,0,0,0
Baylor Cupp,KC,448,1,0,1,0,0.0,0,0,0,0.0,0,0,0,0
Xavier Weaver,ARI,448,1,0,1,0,0.0,0,0,0,0.0,0,0,0,0
Skyy Moore,KC,448,6,0,3,0,0.0,0,0,0,0.0,0,0,0,0
JC Latham,TEN,448,15,1,1,0,0.0,0,0,0,0.0,0,0,4,0
C.J. Stroud,HOU,448,15,0,1,0,0.0,0,0,0,0.0,0,0,0,0
Tyler Smith,DAL,448,14,1,1,0,0.0,0,0,0,0.0,0,0,6,0
Javon Baker,NE,448,9,0,2,0,0.0,0,0,0,0.0,0,0,0,0
Kameron Johnson,TB,448,4,0,1,0,0.0,0,0,0,0.0,0,0,0,0
Anthony Richardson,IND,475,11,1,1,-1,-1.0,0,-1,0,-0.1,0,0,7,0
George Holani,SEA,475,3,1,1,-1,-1.0,0,-1,0,-0.3,0,0,0,0
Brycen Tremayne,WSH,477,1,1,1,-2,-2.0,0,-2,0,-2.0,0,0,0,0
Tyler Badie,DEN,477,3,3,3,-2,-0.7,0,2,0,-0.7,1,1,4,0
Zach Frazier,PIT,477,13,0,0,-2,0.0,0,-2,0,-0.2,0,0,-2,0
Dominick Puni,SF,480,15,0,0,-3,0.0,0,-3,0,-0.2,0,0,-3,0
Trevor Lawrence,JAX,481,10,0,0,-5,0.0,0,-5,0,-0.5,1,0,-5,0
