PLR_NAME,TEAM,RK,GP,SOLO,AST,TOT,SACK,YDS,TFL,PD,INT,YDS.1,LNG,TD,FF,FR,FTD
Zaire Franklin,IND,1,15,83,68,151,2.5,4,6,5,2,4,4,0,3,0,0
Budda Baker,ARI,2,15,90,58,148,2.0,13,9,3,0,0,0,0,0,0,0
Zack Baun,PHI,3,15,92,53,145,3.5,23,11,3,1,0,0,0,5,1,0
Daiyan Henley,LAC,4,15,82,60,142,1.0,1,7,7,0,0,0,0,0,0,0
Jamien Sherwood,NYJ,4,15,90,52,142,2.0,11,9,2,0,0,0,0,0,0,0
Roquan Smith,BAL,6,14,71,65,136,0.5,3,3,4,1,0,0,0,1,1,0
Robert Spillane,LV,7,15,81,53,134,1.0,6,8,5,2,0,0,0,0,0,0
Kaden Elliss,ATL,8,15,75,56,131,5.0,37,8,2,0,0,0,0,1,1,0
Nick Cross,IND,8,15,82,49,131,1.0,2,5,5,3,25,20,0,1,0,0
Germaine Pratt,CIN,10,15,73,57,130,0.0,0,4,5,1,24,24,0,2,2,0
E.J. Speed,IND,11,13,87,42,129,0.0,0,7,4,1,12,12,0,0,0,0
Christian Rozeboom,LAR,12,15,66,62,128,1.0,6,5,4,1,16,16,0,0,0,0
Jordyn Brooks,MIA,12,15,75,53,128,3.0,19,10,5,0,0,0,0,0,2,0
Nakobe Dean,PHI,12,15,80,48,128,3.0,26,9,4,1,0,0,0,1,2,0
Eric Kendricks,DAL,15,13,63,61,124,3.0,8,3,3,2,15,8,0,3,1,0
Ernest Jones IV,SEA/TEN,16,14,72,51,123,0.0,0,4,4,1,12,12,0,1,0,0
T.J. Edwards,CHI,17,15,72,47,119,3.0,18,10,3,1,0,0,0,1,1,0
Kyzir White,ARI,17,15,51,68,119,2.5,15,7,2,1,0,0,0,0,1,0
Bobby Wagner,WSH,19,15,71,47,118,2.0,13,8,2,0,0,0,0,1,2,0
Fred Warner,SF,20,15,68,49,117,1.0,0,3,7,2,70,45,1,4,0,0
Patrick Queen,PIT,20,15,57,60,117,0.0,0,5,6,0,0,0,0,1,1,0
Jack Campbell,DET,22,15,63,53,116,1.5,5,5,5,0,0,0,0,1,0,0
Lavonte David,TB,23,15,72,40,112,5.5,44,9,5,1,7,7,0,3,1,0
Kevin Byard III,CHI,23,15,67,45,112,1.0,3,4,7,1,0,0,0,0,2,0
Dorian Williams,BUF,25,15,65,43,108,0.0,0,5,0,0,0,0,0,1,3,0
Micah McFadden,NYG,26,14,60,47,107,3.0,4,8,1,0,0,0,0,1,1,0
Quentin Lake,LAR,27,15,69,37,106,2.0,7,1,5,0,0,0,0,0,0,0
Demario Davis,NO,28,13,51,53,104,2.0,0,3,6,1,0,0,0,0,0,0
Logan Wilson,CIN,28,11,55,49,104,0.0,0,2,1,0,0,0,0,2,2,0
Xavier Woods,CAR,30,15,64,38,102,0.0,0,2,5,3,70,33,0,0,0,0
Quay Walker,GB,30,13,72,30,102,2.5,19,9,2,0,0,0,0,0,0,0
Kyle Hamilton,BAL,30,15,73,29,102,2.0,19,4,8,0,0,0,0,2,1,0
Jahlani Tavai,NE,33,15,53,48,101,1.0,7,7,5,1,0,0,0,0,0,0
Brandon Jones,DEN,33,14,70,31,101,0.0,0,2,10,3,74,37,0,1,1,0
Devin Lloyd,JAX,33,14,53,48,101,1.0,5,5,3,0,0,0,0,1,0,0
Jeremy Chinn,WSH,36,15,63,36,99,1.0,9,5,3,1,0,0,0,1,2,0
Julian Love,SEA,37,15,72,26,98,0.0,0,3,9,2,26,26,0,2,1,0
Grant Delpit,CLE,37,14,57,41,98,1.0,9,6,1,0,0,0,0,0,1,0
Terrel Bernard,BUF,37,12,55,43,98,1.0,6,5,3,2,1,1,0,0,1,0
Nick Bolton,KC,37,15,70,28,98,3.0,28,11,4,1,0,0,0,1,1,0
Tyler Nubin,NYG,37,13,57,41,98,0.0,0,4,1,0,0,0,0,1,1,0
Josey Jewell,CAR,42,12,51,46,97,3.5,26,7,7,1,0,0,0,0,2,0
Quincy Williams,NYJ,42,15,62,35,97,2.0,22,8,2,0,0,0,0,3,2,0
Cody Barton,DEN,42,15,49,48,97,1.5,3,2,4,2,71,56,0,1,1,1
Henry To'oTo'o,HOU,42,13,50,47,97,1.5,1,7,3,1,0,0,0,1,0,0
DeShon Elliott,PIT,46,13,64,32,96,0.0,0,4,6,1,0,0,0,2,3,0
Brian Branch,DET,46,14,72,24,96,0.0,0,7,15,4,48,47,0,1,0,0
Josh Metellus,MIN,48,15,57,38,95,0.0,0,2,4,2,16,12,0,1,0,0
Kenneth Murray Jr.,TEN,48,14,57,38,95,3.5,13,8,2,1,6,6,0,1,0,0
Tremaine Edmunds,CHI,50,15,52,42,94,1.0,7,3,6,1,0,0,0,1,0,0
Bobby Okereke,NYG,51,12,47,46,93,2.0,4,6,3,0,0,0,0,3,2,0
Blake Cashman,MIN,51,12,57,36,93,3.0,24,7,8,0,0,0,0,0,1,0
Tre'von Moehrig,LV,53,15,60,32,92,1.0,4,5,10,2,28,16,0,0,2,0
Isaiah McDuffie,GB,54,14,43,47,90,0.5,0,2,3,0,0,0,0,1,0,0
DeMarvion Overshown,DAL,54,13,56,34,90,5.0,32,8,4,1,23,23,1,1,1,0
Frankie Luvu,WSH,56,15,47,42,89,8.0,46,11,7,1,0,0,0,1,2,0
Derwin James Jr.,LAC,57,14,56,32,88,3.5,14,7,6,1,2,2,0,0,0,0
Tyrel Dodson,SEA/MIA,57,15,48,40,88,2.0,9,5,3,1,0,0,0,1,0,0
Foyesade Oluokun,JAX,59,11,54,33,87,1.0,9,5,6,1,0,0,0,0,0,0
Minkah Fitzpatrick,PIT,60,15,54,32,86,0.0,0,1,4,1,25,25,0,1,0,0
Drue Tranquill,KC,61,15,48,37,85,2.0,11,5,2,0,0,0,0,0,2,0
Jessie Bates III,ATL,61,15,51,34,85,0.0,0,1,10,4,55,55,1,4,1,0
Camryn Bynum,MIN,61,15,46,39,85,0.0,0,1,10,3,3,3,0,0,1,0
Jaylon Jones,IND,61,15,59,26,85,0.0,0,3,12,2,5,5,0,1,0,0
Jordan Poyer,MIA,65,14,43,41,84,0.0,0,0,2,0,0,0,0,0,0,0
Devon Witherspoon,SEA,65,15,56,28,84,0.0,0,3,7,0,0,0,0,1,0,0
Damar Hamlin,BUF,67,13,58,25,83,0.0,0,2,5,2,19,19,0,0,1,0
Justin Reid,KC,68,15,56,26,82,0.0,0,5,8,1,8,8,0,0,0,0
Jalen Thompson,ARI,68,13,52,30,82,0.0,0,2,2,0,0,0,0,0,1,0
Ventrell Miller,JAX,70,15,53,27,80,0.0,0,4,3,0,0,0,0,1,0,0
Mike Sainristil,WSH,70,15,53,27,80,0.0,0,1,11,2,38,38,0,1,1,0
Harrison Smith,MIN,72,14,51,28,79,1.0,8,3,9,2,0,0,0,0,1,0
De'Vondre Campbell,SF,72,13,44,35,79,0.0,0,3,2,0,0,0,0,0,0,0
Donovan Wilson,DAL,72,15,41,38,79,3.5,26,5,5,1,0,0,0,2,1,0
Quan Martin,WSH,72,15,43,36,79,0.0,0,2,1,0,0,0,0,3,0,0
Alontae Taylor,NO,72,14,55,24,79,4.0,33,7,13,0,0,0,0,2,0,0
Julian Blackmon,IND,77,14,56,21,77,0.5,1,1,3,2,17,17,0,0,1,0
Jordan Whitehead,TB,78,11,47,29,76,0.0,0,2,3,0,0,0,0,0,0,0
Geno Stone,CIN,78,15,44,32,76,0.0,0,0,6,4,88,49,1,0,1,0
Deommodore Lenoir,SF,78,14,48,28,76,0.0,0,2,9,2,33,33,0,1,0,0
Isaiah Pola-Mao,LV,78,15,50,26,76,1.0,8,1,3,0,0,0,0,2,0,0
Taylor Rapp,BUF,82,12,42,33,75,0.0,0,2,6,2,5,5,0,1,0,0
Tony Adams,NYJ,82,13,37,38,75,1.0,0,2,6,1,0,0,0,0,0,0
Xavier McKinney,GB,82,14,50,25,75,1.0,8,2,9,7,111,48,0,0,1,0
Reed Blankenship,PHI,82,14,51,24,75,0.0,0,0,6,4,29,28,0,0,1,0
Christian Izien,TB,82,14,48,27,75,0.0,0,4,3,1,17,17,0,1,0,0
Javon Bullard,GB,87,13,50,24,74,0.0,0,1,1,0,0,0,0,0,0,0
A'Shawn Robinson,CAR,88,14,42,31,73,5.5,46,8,1,0,0,0,0,1,0,0
Devin Bush,CLE,88,15,42,31,73,1.0,2,5,3,0,0,0,0,0,0,0
Jason Pinnock,NYG,88,14,42,31,73,3.0,13,4,1,0,0,0,0,0,0,0
Chamarri Conner,KC,91,14,55,17,72,1.0,9,4,4,2,32,29,0,1,1,1
Trenton Simpson,BAL,91,15,40,32,72,1.5,13,5,4,0,0,0,0,0,1,0
Tyrice Knight,SEA,91,14,36,36,72,1.0,6,3,2,0,0,0,0,0,1,0
Jordan Hicks,CLE,94,11,38,33,71,2.0,7,4,4,0,0,0,0,0,0,0
Amani Hooker,TEN,94,14,47,24,71,0.0,0,4,9,5,68,30,0,2,0,0
Byron Murphy Jr.,MIN,94,15,54,17,71,0.0,0,5,13,6,2,2,0,1,0,0
Elijah Molden,LAC,94,14,41,30,71,0.0,0,2,7,3,28,25,0,0,2,0
Kerby Joseph,DET,94,15,49,22,71,0.0,0,1,10,7,60,33,1,0,0,0
Riley Moss,DEN,94,12,53,18,71,0.0,0,1,8,1,0,0,0,1,1,0
Martin Emerson Jr.,CLE,94,15,56,15,71,0.0,0,3,5,0,0,0,0,1,1,0
Ja'Quan McMillian,DEN,94,15,52,19,71,1.0,14,3,9,2,44,44,1,1,0,0
Anfernee Jennings,NE,102,14,39,31,70,2.5,13,6,0,0,0,0,0,1,0,0
Pete Werner,NO,102,11,45,25,70,0.0,0,3,1,0,0,0,0,0,0,0
Bryan Cook,KC,102,15,51,19,70,0.0,0,1,5,2,0,0,0,0,0,0
Zyon McCollum,TB,102,15,46,24,70,0.0,0,1,12,2,4,4,0,0,1,0
Keisean Nixon,GB,102,14,45,25,70,2.0,14,5,6,1,16,16,0,2,0,0
Kyle Dugger,NE,102,11,47,23,70,1.0,4,8,4,0,0,0,0,1,0,0
Dee Alford,ATL,102,14,53,17,70,1.0,4,1,10,0,0,0,0,1,0,0
Ji'Ayir Brown,SF,102,15,45,25,70,0.0,0,3,5,1,0,0,0,0,0,0
Andrew Van Ginkel,MIN,110,15,45,24,69,11.0,73,17,5,2,73,63,2,1,0,0
Kamren Curl,LAR,110,15,44,25,69,1.0,10,1,8,0,0,0,0,2,1,1
Anthony Walker Jr.,MIA,112,14,34,34,68,1.0,0,0,2,1,5,5,0,0,0,0
Azeez Al-Shaair,HOU,112,10,45,23,68,2.0,2,7,4,0,0,0,0,2,0,0
Jaycee Horn,CAR,112,15,49,19,68,2.0,27,5,13,1,0,0,0,0,0,0
Justin Strnad,DEN,115,15,43,24,67,3.0,8,7,3,0,0,0,0,0,0,0
Mack Wilson Sr.,ARI,115,14,40,27,67,3.0,20,4,4,1,0,0,0,0,1,0
Kenny Moore II,IND,115,13,44,23,67,0.5,5,4,7,3,28,12,0,0,1,1
Cam Taylor-Britt,CIN,115,15,50,17,67,0.5,3,1,15,3,79,51,1,0,0,0
Tyrique Stevenson,CHI,115,14,45,22,67,0.0,0,1,11,2,43,43,1,1,0,0
Antonio Johnson,JAX,115,15,50,17,67,0.0,0,1,1,0,0,0,0,0,0,0
Malik Mustapha,SF,115,14,27,40,67,0.0,0,2,5,1,1,1,0,0,0,0
Cameron Heyward,PIT,122,15,33,33,66,8.0,62,11,8,0,0,0,0,0,0,0
Malik Hooker,DAL,122,15,40,26,66,0.0,0,1,4,2,20,21,0,0,0,0
Harold Landry III,TEN,122,15,37,29,66,8.0,37,13,4,0,0,0,0,0,0,0
Cam Lewis,BUF,122,15,47,19,66,0.0,0,2,4,1,0,0,0,0,0,0
Jeffery Simmons,TEN,122,14,37,29,66,5.0,35,11,4,0,0,0,0,2,2,0
K.J. Britt,TB,122,12,35,31,66,0.5,5,0,1,0,0,0,0,0,0,0
Nate Landman,ATL,122,11,31,35,66,0.0,0,0,0,0,0,0,0,3,0,0
Michael Jackson,CAR,129,15,51,14,65,0.0,0,1,14,1,1,1,0,0,0,0
P.J. Locke,DEN,129,13,44,21,65,1.0,10,3,2,0,0,0,0,1,0,0
Jalen Pitre,HOU,129,12,44,21,65,0.0,0,6,8,1,10,10,0,1,0,0
Montaric Brown,JAX,129,15,48,17,65,0.0,0,6,7,1,0,0,0,0,0,0
Kyler Gordon,CHI,129,13,41,24,65,0.5,4,3,4,0,0,0,0,0,2,0
Jarvis Brownlee Jr.,TEN,129,15,42,23,65,0.0,0,7,8,1,2,2,0,0,0,0
Akeem Davis-Gaither,CIN,135,15,30,34,64,0.0,0,2,4,1,12,12,0,0,0,0
Brandon Stephens,BAL,135,15,53,11,64,1.5,4,3,9,0,0,0,0,0,0,0
Payton Wilson,PIT,135,15,38,26,64,0.0,0,2,2,1,0,0,0,0,2,1
Joey Porter Jr.,PIT,135,15,47,17,64,0.0,0,2,6,1,16,16,0,0,0,0
Trevin Wallace,CAR,135,13,36,28,64,1.0,8,2,0,0,0,0,0,2,1,0
Benjamin St-Juste,WSH,140,15,50,13,63,0.0,0,0,7,0,0,0,0,1,1,0
Jared Verse,LAR,140,15,34,29,63,4.5,45,11,2,0,0,0,0,2,2,0
Eric Murray,HOU,142,15,42,20,62,1.0,14,1,10,1,0,0,0,0,0,0
Mike Hilton,CIN,142,14,43,19,62,0.0,0,12,4,1,0,0,0,0,0,0
Jack Jones,LV,142,15,49,13,62,0.0,0,3,12,2,53,29,1,0,0,0
Christian Elliss,NE,142,14,35,27,62,1.5,14,1,4,1,6,6,0,1,1,0
Christian Benford,BUF,142,14,48,14,62,1.0,8,3,9,1,6,6,0,2,1,0
Jourdan Lewis,DAL,147,14,34,27,61,1.0,10,3,7,1,0,0,0,1,1,0
Chuck Clark,NYJ,147,11,36,25,61,1.0,8,1,2,0,0,0,0,1,1,0
Taron Johnson,BUF,147,11,38,23,61,1.0,1,1,5,2,23,23,1,1,1,1
Grover Stewart,IND,147,15,26,35,61,3.5,11,8,3,0,0,0,0,1,1,0
A.J. Terrell,ATL,147,15,46,15,61,0.0,0,2,5,2,1,1,0,0,0,0
Kobie Turner,LAR,147,15,34,27,61,7.0,57,9,4,0,0,0,0,1,1,0
Jeremiah Owusu-Koramoah,CLE,147,8,39,22,61,3.0,14,10,3,1,0,0,0,1,0,0
Dru Phillips,NYG,147,12,38,23,61,1.0,5,7,0,0,0,0,0,2,0,0
Antoine Winfield Jr.,TB,155,9,34,26,60,2.0,11,2,3,0,0,0,0,0,1,1
Brian Burns,NYG,155,15,36,24,60,8.0,72,14,8,0,0,0,0,2,0,0
Coby Bryant,SEA,155,15,41,19,60,0.0,0,1,5,3,87,69,1,1,0,0
Andre Cisco,JAX,155,15,38,22,60,0.0,0,0,7,1,22,22,0,0,0,0
Mike Hughes,ATL,159,13,47,12,59,0.0,0,3,6,0,0,0,0,0,0,0
Ivan Pace Jr.,MIN,159,9,31,28,59,3.0,14,6,0,0,0,0,0,0,1,1
Edgerrin Cooper,GB,159,11,37,22,59,3.5,33,7,4,1,22,22,0,1,1,0
Mohamoud Diabate,CLE,159,11,29,30,59,0.0,0,5,3,0,0,0,0,0,0,0
T.J. Watt,PIT,163,15,39,19,58,11.5,80,18,3,0,0,0,0,6,2,0
Jamel Dean,TB,163,11,44,14,58,0.0,0,0,6,1,0,0,0,1,0,0
C.J. Gardner-Johnson,PHI,163,15,34,24,58,0.0,0,2,10,4,22,15,0,1,0,0
Marcus Jones,NE,163,14,48,10,58,0.0,0,1,10,1,35,35,0,0,1,0
Ar'Darius Washington,BAL,163,15,41,17,58,1.0,7,5,7,2,33,32,0,1,0,0
Christian Gonzalez,NE,163,15,49,9,58,0.0,0,1,11,2,2,2,0,0,1,1
Adam Butler,LV,169,15,32,25,57,3.5,27,7,2,0,0,0,0,0,0,0
Alex Anzalone,DET,170,9,40,16,56,1.0,8,7,4,0,0,0,0,0,0,0
Jalen Ramsey,MIA,170,15,36,20,56,1.0,12,5,9,2,7,7,0,0,0,0
Marlon Humphrey,BAL,170,14,42,14,56,0.5,3,4,13,6,37,37,1,1,0,0
Carlton Davis III,DET,170,13,42,14,56,0.0,0,2,11,2,0,0,0,1,2,0
Denzel Perryman,LAC,174,11,39,16,55,1.0,7,2,0,0,0,0,0,0,0,0
Davon Godchaux,NE,174,15,19,36,55,0.0,0,1,1,0,0,0,0,0,0,0
Rasul Douglas,BUF,174,13,40,15,55,0.0,0,5,5,0,0,0,0,1,0,0
Trent McDuffie,KC,174,15,41,14,55,0.5,0,6,12,2,0,0,0,0,0,0
Leonard Williams,SEA,178,14,28,26,54,7.0,52,12,3,1,92,92,1,0,0,0
D.J. Reed,NYJ,178,12,43,11,54,1.0,8,3,10,0,0,0,0,0,0,0
Jerome Baker,SEA/TEN,178,8,30,24,54,1.0,0,2,2,0,0,0,0,1,1,0
Travon Walker,JAX,178,15,28,26,54,8.5,80,11,1,0,0,0,0,1,1,1
Leo Chenal,KC,178,15,38,16,54,1.0,0,4,3,0,0,0,0,3,0,0
Renardo Green,SF,178,15,37,17,54,0.0,0,0,9,1,20,20,0,1,0,0
Omar Speights,LAR,178,15,31,23,54,0.0,0,2,2,0,0,0,0,0,0,0
Zach Allen,DEN,185,14,30,23,53,5.0,22,13,1,0,0,0,0,0,0,0
DaVon Hamilton,JAX,185,15,29,24,53,0.0,0,5,0,0,0,0,0,0,0,0
Jevon Holland,MIA,185,13,37,16,53,1.0,12,2,3,0,0,0,0,1,0,0
Tyrann Mathieu,NO,188,14,38,14,52,0.0,0,1,6,3,29,23,0,2,1,0
Jonathan Jones,NE,188,15,37,15,52,0.0,0,0,6,0,0,0,0,2,0,0
DeForest Buckner,IND,188,10,24,28,52,6.5,62,8,1,0,0,0,0,0,0,0
Vonn Bell,CIN,188,15,22,30,52,0.0,0,1,2,1,32,32,0,1,1,0
Jonathan Greenard,MIN,188,15,36,16,52,11.0,99,16,2,0,0,0,0,4,0,0
Divine Deablo,LV,188,12,32,20,52,1.0,13,3,2,0,0,0,0,0,0,0
Jonathon Cooper,DEN,188,15,29,23,52,8.0,40,9,1,0,0,0,0,1,0,0
Paulson Adebo,NO,188,7,43,9,52,0.0,0,1,10,3,68,47,0,0,0,0
Keion White,NE,188,15,28,24,52,5.0,25,7,5,0,0,0,0,2,0,0
Jordan Battle,CIN,188,15,32,20,52,0.0,0,1,3,1,0,0,0,0,1,0
Terrion Arnold,DET,188,14,40,12,52,0.0,0,0,9,0,0,0,0,0,1,0
Byron Young,LAR,188,15,28,24,52,6.0,44,11,1,0,0,0,0,1,0,0
Rayshawn Jenkins,SEA,200,11,33,18,51,1.0,16,1,0,0,0,0,0,0,1,1
Charvarius Ward,SF,200,11,35,16,51,0.0,0,1,7,0,0,0,0,0,0,0
Zaven Collins,ARI,200,15,30,21,51,4.0,33,6,1,0,0,0,0,1,0,0
Tarheeb Still,LAC,200,12,36,15,51,0.5,5,0,10,4,85,61,1,0,0,0
Kamari Lassiter,HOU,200,12,38,13,51,0.0,0,3,10,3,9,9,0,0,0,0
Justin Simmons,ATL,205,14,27,23,50,0.0,0,2,7,2,0,0,0,0,0,0
Kendall Fuller,MIA,205,11,37,13,50,0.0,0,1,7,0,0,0,0,0,1,0
Neville Hewitt,HOU,205,15,27,23,50,0.0,0,0,3,1,45,45,0,2,0,0
Will Harris,NO,205,10,34,16,50,0.0,0,2,4,1,7,7,0,0,0,0
Carl Granderson,NO,205,14,32,18,50,5.5,32,8,3,0,0,0,0,1,0,0
Malik Harrison,BAL,205,13,21,29,50,2.0,8,3,0,0,0,0,0,0,0,0
Greg Rousseau,BUF,205,15,35,15,50,7.5,44,16,2,0,0,0,0,3,1,0
Derek Stingley Jr.,HOU,205,15,36,14,50,0.0,0,4,18,5,48,31,0,0,0,0
Stephon Gilmore,MIN,213,13,33,16,49,0.0,0,1,9,1,0,0,0,0,0,0
Ugo Amadi,NO,213,8,39,10,49,2.0,22,5,6,0,0,0,0,0,0,0
Chauncey Golston,DAL,213,15,24,25,49,4.0,16,4,4,1,18,18,0,0,1,0
Noah Igbinoghene,WSH,213,15,30,19,49,0.0,0,1,6,0,0,0,0,0,0,0
Tykee Smith,TB,213,11,35,14,49,0.0,0,3,7,2,0,0,0,3,0,0
Evan Williams,GB,213,13,31,18,49,0.0,0,1,3,1,1,1,0,1,0,0
Calen Bullock,HOU,213,15,32,17,49,0.0,0,0,10,5,96,68,0,0,1,0
Garrett Williams,ARI,213,14,36,13,49,0.0,0,0,6,2,0,0,0,1,0,0
Jimmie Ward,HOU,221,10,32,16,48,0.0,0,5,4,2,67,65,1,0,0,0
B.J. Hill,CIN,221,13,23,25,48,3.0,11,6,4,0,0,0,0,0,0,0
Isaiah Oliver,NYJ,221,15,34,14,48,1.0,6,2,2,0,0,0,0,0,0,0
Tyson Campbell,JAX,221,10,33,15,48,0.0,0,2,5,0,0,0,0,0,0,0
Cor'Dale Flott,NYG,221,12,33,15,48,0.0,0,2,7,1,26,26,0,0,0,0
Eric Wilson,GB,226,14,28,19,47,2.0,17,7,3,1,0,0,0,1,0,0
Sean Murphy-Bunting,ARI,226,13,26,21,47,0.0,0,3,4,2,2,2,0,2,0,0
Troy Dye,LAC,226,15,26,21,47,1.5,10,2,0,0,0,0,0,0,0,0
Alohi Gilman,LAC,226,10,31,16,47,1.0,0,1,4,1,18,18,0,0,0,0
Troy Andersen,ATL,226,7,28,19,47,0.0,0,1,1,1,47,47,1,0,0,0
Calais Campbell,MIA,231,15,32,14,46,4.0,31,10,5,0,0,0,0,1,0,0
Darius Slay Jr.,PHI,231,13,37,9,46,0.0,0,3,13,0,0,0,0,1,1,0
Rakeem Nunez-Roches,NYG,231,13,11,35,46,1.0,1,1,2,0,0,0,0,0,0,0
Grady Jarrett,ATL,231,15,25,21,46,2.5,23,9,0,0,0,0,0,0,0,0
Ronald Darby,JAX,231,13,36,10,46,0.0,0,3,9,0,0,0,0,0,0,0
Troy Reeder,LAR,231,6,26,20,46,0.0,0,1,1,0,0,0,0,0,0,0
Michael Hoecht,LAR,231,15,20,26,46,3.0,14,4,2,0,0,0,0,0,0,0
Jordan Fuller,CAR,231,8,27,19,46,0.0,0,0,1,0,0,0,0,1,0,0
Sauce Gardner,NYJ,231,14,33,13,46,1.0,4,1,8,1,0,0,0,0,0,0
Yaya Diaby,TB,231,15,33,13,46,2.5,20,8,0,0,0,0,0,1,1,0
Max Melton,ARI,231,15,34,12,46,0.0,0,2,4,0,0,0,0,1,0,0
Zach Sieler,MIA,242,13,24,21,45,8.5,75,12,2,1,0,0,0,1,1,0
Raekwon McMillan,NE,242,9,25,20,45,0.0,0,1,1,0,0,0,0,0,0,0
David Long Jr.,MIA/DET,242,13,29,16,45,0.0,0,3,0,0,0,0,0,0,1,0
Maxx Crosby,LV,242,12,28,17,45,7.5,64,17,5,0,0,0,0,0,0,0
Juan Thornhill,CLE,242,9,28,17,45,0.0,0,1,2,0,0,0,0,0,0,0
Nate Hobbs,LV,242,10,30,15,45,0.0,0,2,5,1,35,35,0,0,0,0
Jordan Howden,NO,242,14,22,23,45,0.0,0,1,1,1,-5,-5,0,0,0,0
Beanie Bishop Jr.,PIT,242,15,30,15,45,0.5,3,2,6,3,46,41,0,0,1,0
Deonte Banks,NYG,242,12,34,11,45,0.0,0,1,9,0,0,0,0,1,0,0
Kamren Kinchens,LAR,242,15,27,18,45,0.0,0,1,5,3,112,103,1,1,0,0
Cooper DeJean,PHI,242,15,34,11,45,0.5,8,3,6,0,0,0,0,1,2,0
Jalen Mills,NYJ,253,9,17,27,44,0.0,0,1,6,1,0,0,0,1,0,0
Danielle Hunter,HOU,253,15,30,14,44,12.0,94,17,3,0,0,0,0,1,0,0
Daniel Ekuale,NE,253,14,22,22,44,1.0,6,2,0,0,0,0,0,0,0,0
Harrison Phillips,MIN,253,15,14,30,44,2.0,14,2,4,0,0,0,0,1,1,0
Denzel Ward,CLE,253,15,37,7,44,0.0,0,1,19,2,0,0,0,1,1,0
Kristian Fulton,LAC,253,13,32,12,44,0.0,0,2,7,1,29,29,0,0,0,0
Dexter Lawrence II,NYG,253,12,23,21,44,9.0,65,8,1,0,0,0,0,1,0,0
Nick Bosa,SF,253,12,28,16,44,7.0,40,11,1,1,30,30,0,1,1,0
Nazeeh Johnson,KC,253,14,24,20,44,1.0,17,3,3,0,0,0,0,0,0,0
Jack Gibbens,TEN,253,10,22,22,44,0.5,3,2,0,0,0,0,0,0,0,0
Dane Belton,NYG,253,15,19,25,44,1.0,5,1,4,0,0,0,0,1,0,0
Gervon Dexter Sr.,CHI,253,13,23,21,44,5.0,37,4,1,0,0,0,0,0,2,0
DeMarcus Walker,CHI,265,15,23,20,43,3.5,20,5,0,0,0,0,0,0,0,0
Jarran Reed,SEA,265,15,20,23,43,3.5,36,4,2,0,0,0,0,1,0,0
Jaylinn Hawkins,NE,265,15,26,17,43,0.0,0,3,1,0,0,0,0,0,1,0
Amik Robertson,DET,265,15,34,9,43,0.0,0,4,6,0,0,0,0,2,0,0
Malcolm Rodriguez,DET,265,10,27,16,43,2.0,7,2,1,0,0,0,0,0,1,0
Jaylon Johnson,CHI,265,15,34,9,43,0.0,0,7,7,2,11,9,0,0,0,0
Riq Woolen,SEA,265,13,29,14,43,0.0,0,0,13,2,4,4,0,1,0,0
Nik Bonitto,DEN,265,15,29,14,43,11.5,80,14,3,1,71,71,1,2,1,1
Roger McCreary,TEN,265,13,36,7,43,1.0,13,11,1,0,0,0,0,0,0,0
T'Vondre Sweat,TEN,265,15,19,24,43,1.0,9,4,1,0,0,0,0,1,1,0
Quandre Diggs,TEN,275,8,35,7,42,0.0,0,0,0,0,0,0,0,0,0,0
Emmanuel Ogbah,MIA,275,14,22,20,42,3.5,11,7,2,1,0,0,0,0,0,0
Marcus Maye,LAC/MIA,275,15,19,23,42,0.0,0,1,3,1,0,0,0,0,0,0
Sebastian Joseph-Day,TEN,275,15,18,24,42,2.5,32,3,1,0,0,0,0,0,0,0
Darnell Savage,JAX,275,12,33,9,42,0.0,0,2,6,1,16,16,0,0,0,0
Osa Odighizuwa,DAL,275,15,23,19,42,4.0,22,5,1,0,0,0,0,1,0,0
Trevon Diggs,DAL,275,11,35,7,42,0.0,0,0,11,2,1,1,0,0,0,0
Starling Thomas V,ARI,275,15,30,12,42,0.0,0,1,6,0,0,0,0,1,0,0
Jalen Carter,PHI,275,15,25,17,42,4.5,31,12,5,0,0,0,0,2,0,0
John Jenkins,LV,284,15,12,29,41,1.0,11,3,2,0,0,0,0,0,0,0
Elandon Roberts,PIT,284,15,21,20,41,1.0,9,5,0,0,0,0,0,1,0,0
Sam Hubbard,CIN,284,14,25,16,41,2.0,6,3,2,1,0,0,0,1,0,0
Myles Garrett,CLE,284,15,34,7,41,12.0,85,18,1,0,0,0,0,3,1,0
David Onyemata,ATL,284,15,21,20,41,2.0,8,7,1,0,0,0,0,0,0,0
Darious Williams,LAR,284,11,29,12,41,0.0,0,1,6,1,0,0,0,0,0,0
DJ Johnson,CAR,284,13,17,24,41,0.5,0,2,1,0,0,0,0,0,1,0
Braden Fiske,LAR,284,15,18,23,41,6.0,62,8,0,0,0,0,0,2,2,0
Quinyon Mitchell,PHI,284,15,32,9,41,0.0,0,0,10,0,0,0,0,0,0,0
Jadeveon Clowney,CAR,293,12,22,18,40,3.5,39,7,3,0,0,0,0,0,0,0
Jabrill Peppers,NE,293,6,20,20,40,0.0,0,2,2,1,0,0,0,1,0,0
Shy Tuttle,CAR,293,13,20,20,40,0.0,0,0,3,0,0,0,0,1,2,0
Malcolm Roach,DEN,293,15,17,23,40,2.5,14,4,2,0,0,0,0,1,1,0
Baylon Spector,BUF,293,11,22,18,40,1.5,1,2,0,0,0,0,0,0,1,0
Grant Stuard,IND,293,15,25,15,40,0.0,0,2,0,0,0,0,0,0,0,0
LaBryan Ray,CAR,293,14,15,25,40,1.0,5,2,0,0,0,0,0,0,0,0
Elijah Hicks,CHI,293,12,24,16,40,0.0,0,0,2,0,0,0,0,0,2,0
Jonathan Owens,CHI,293,15,24,16,40,0.0,0,1,2,1,0,0,0,1,1,0
Bobby Brown III,LAR,293,15,13,27,40,0.0,0,3,0,0,0,0,0,0,0,0
Cobie Durant,LAR,293,13,28,12,40,1.0,11,4,6,1,0,0,0,1,0,0
Nolan Smith Jr.,PHI,293,15,21,19,40,6.5,42,7,2,0,0,0,0,0,2,0
Jaquan Brisker,CHI,293,5,23,17,40,1.0,9,3,2,1,0,0,0,1,0,0
Leonard Floyd,SF,306,15,23,16,39,8.5,40,8,1,0,0,0,0,1,0,0
Josh Hines-Allen,JAX,306,15,23,16,39,7.0,46,8,2,0,0,0,0,1,1,0
Pat Jones II,MIN,306,14,19,20,39,7.0,47,9,0,0,0,0,0,1,0,0
Darrell Baker Jr.,TEN,306,15,31,8,39,0.0,0,1,5,0,0,0,0,0,0,0
Rashan Gary,GB,306,14,21,18,39,6.5,35,6,1,0,0,0,0,1,0,0
Percy Butler,WSH,306,15,23,16,39,0.0,0,2,1,0,0,0,0,0,0,0
Darius Muasau,NYG,306,13,20,19,39,0.0,0,2,1,1,1,1,0,0,0,0
Tuli Tuipulotu,LAC,306,15,23,16,39,7.5,19,9,2,0,0,0,0,1,0,0
Chau Smith-Wade,CAR,306,14,24,15,39,0.0,0,1,1,1,3,3,0,1,0,0
Daryl Worley,TEN,315,7,22,16,38,0.0,0,0,2,1,0,0,0,0,0,0
Trey Hendrickson,CIN,315,15,28,10,38,13.5,98,15,5,0,0,0,0,2,0,0
Poona Ford,LAC,315,15,23,15,38,3.0,19,8,5,1,3,3,0,0,0,0
Vita Vea,TB,315,14,25,13,38,6.0,39,9,1,0,0,0,0,0,0,0
D.J. Jones,DEN,315,15,20,18,38,0.5,2,1,3,0,0,0,0,0,1,0
Daron Payne,WSH,315,15,21,17,38,4.0,37,5,1,0,0,0,0,0,0,0
Nnamdi Madubuike,BAL,315,15,19,19,38,5.5,18,9,1,0,0,0,0,1,0,0
Javon Kinlaw,NYJ,315,15,25,13,38,3.5,37,4,0,0,0,0,0,1,1,0
Marist Liufau,DAL,315,15,21,17,38,1.5,9,3,3,0,0,0,0,2,1,0
Jer'Zhan Newton,WSH,315,14,18,20,38,2.0,8,6,1,0,0,0,0,1,1,0
Khalil Mack,LAC,325,14,18,19,37,5.0,33,5,8,0,0,0,0,2,1,0
Shelby Harris,CLE,325,14,18,19,37,1.5,9,5,2,0,0,0,0,1,0,0
Chris Jones,KC,325,15,19,18,37,5.0,23,9,0,0,0,0,0,1,0,0
Larry Ogunjobi,PIT,325,13,14,23,37,1.5,11,5,0,0,0,0,0,0,0,0
John Franklin-Myers,DEN,325,15,17,20,37,5.5,40,7,0,0,0,0,0,0,0,0
Isaac Yiadom,SF,325,15,30,7,37,0.0,0,0,6,1,11,11,0,1,1,0
Mike Brown,TEN,325,15,18,19,37,0.0,0,0,1,0,0,0,0,0,0,0
Marte Mapu,NE,325,8,16,21,37,0.5,5,1,6,1,6,6,0,3,0,0
Kwity Paye,IND,325,13,26,11,37,7.0,43,8,0,0,0,0,0,1,0,0
Micah Parsons,DAL,325,11,25,12,37,9.5,70,9,1,0,0,0,0,2,0,0
Joseph Ossai,CIN,325,15,21,16,37,4.0,27,4,0,0,0,0,0,1,0,0
Travis Jones,BAL,325,15,20,17,37,1.0,11,4,0,0,0,0,0,0,0,0
Dante Stills,ARI,325,14,16,21,37,4.5,32,4,1,0,0,0,0,1,0,0
Josh Sweat,PHI,338,15,24,12,36,8.0,54,9,2,0,0,0,0,0,0,0
Arden Key,TEN,338,15,23,13,36,6.5,38,11,1,0,0,0,0,2,1,0
Mike Danna,KC,338,11,17,19,36,1.5,14,2,1,0,0,0,0,1,0,0
Eric Stokes,GB,338,14,25,11,36,0.0,0,0,0,0,0,0,0,0,0,0
Kader Kohou,MIA,338,13,27,9,36,0.0,0,3,7,2,2,2,0,1,1,0
Kingsley Enagbare,GB,338,14,17,19,36,4.5,37,6,0,0,0,0,0,2,0,0
Pat Surtain II,DEN,338,14,27,9,36,0.0,0,1,11,4,132,100,1,0,0,0
Mazi Smith,DAL,338,15,19,17,36,0.5,4,3,0,0,0,0,0,0,0,0
Jaylen McCollough,LAR,338,15,22,14,36,0.0,0,0,4,4,6,4,1,0,0,0
Ronnie Hickman,CLE,338,12,25,11,36,0.0,0,1,1,0,0,0,0,0,1,0
Rodney McLeod Jr.,CLE,348,15,26,9,35,0.0,0,2,4,0,0,0,0,0,1,1
Shaq Thompson,CAR,348,4,19,16,35,0.0,0,2,0,0,0,0,0,0,0,0
Jonathan Bullard,MIN,348,15,18,17,35,0.0,0,6,2,0,0,0,0,0,0,0
Anthony Nelson,TB,348,15,22,13,35,3.0,21,5,1,0,0,0,0,1,1,0
Matthew Judon,ATL,348,15,20,15,35,4.5,33,5,5,1,27,27,1,0,0,0
Quinnen Williams,NYJ,348,14,24,11,35,6.0,50,8,0,0,0,0,0,0,0,0
AJ Epenesa,BUF,348,15,19,16,35,5.0,44,6,2,0,0,0,0,2,0,0
Brandin Echols,NYJ,348,14,25,10,35,0.0,0,1,3,2,0,0,0,0,1,0
Jonah Elliss,DEN,348,15,23,12,35,5.0,28,7,2,0,0,0,0,0,0,0
Kyle Van Noy,BAL,357,14,21,13,34,10.5,69,12,2,0,0,0,0,2,1,0
Shaquill Griffin,MIN,357,15,27,7,34,0.0,0,1,6,2,28,28,0,0,0,0
Marshon Lattimore,WSH/NO,357,9,25,9,34,0.0,0,0,5,0,0,0,0,0,0,0
Donte Jackson,PIT,357,14,24,10,34,0.0,0,2,8,5,88,49,0,0,1,0
Krys Barnes,ARI,357,15,19,15,34,2.0,5,3,0,0,0,0,0,0,0,0
Alex Highsmith,PIT,357,9,21,13,34,6.0,40,9,1,0,0,0,0,1,0,0
Boye Mafe,SEA,357,13,19,15,34,6.0,59,8,3,0,0,0,0,1,0,0
Arnold Ebiketie,ATL,357,15,22,12,34,5.0,15,6,2,0,0,0,0,0,1,0
Cam Hart,LAC,357,12,25,9,34,0.5,1,0,6,0,0,0,0,1,0,0
Derick Hall,SEA,357,15,19,15,34,7.0,39,5,0,0,0,0,0,2,1,1
Byron Murphy II,SEA,357,12,10,24,34,0.5,5,2,0,0,0,0,0,0,0,0
Will Anderson Jr.,HOU,357,13,25,9,34,10.5,82,14,1,0,0,0,0,1,1,0
Dante Fowler Jr.,WSH,369,15,22,11,33,9.5,64,13,1,1,67,67,1,1,0,0
Luke Gifford,TEN,369,14,23,10,33,0.0,0,1,1,1,0,0,0,0,0,0
Marcus Williams,BAL,369,11,26,7,33,0.0,0,1,2,0,0,0,0,0,1,0
Charles Snowden,LV,369,14,14,19,33,1.5,14,3,4,0,0,0,0,0,0,0
Odafe Oweh,BAL,369,15,20,13,33,8.0,56,7,0,0,0,0,0,1,0,0
Otito Ogbonnia,LAC,369,15,13,20,33,0.0,0,0,0,0,0,0,0,0,0,0
Josh Jobe,SEA,369,9,25,8,33,0.0,0,0,7,1,33,33,0,0,0,0
Jack Sanborn,CHI,369,15,17,16,33,1.5,9,2,3,0,0,0,0,0,0,0
George Karlaftis,KC,369,15,19,14,33,7.0,36,8,4,0,0,0,0,0,0,0
Kool-Aid McKinstry,NO,369,12,26,7,33,0.0,0,2,5,0,0,0,0,0,0,0
Troy Hill,TB/CAR,379,8,20,12,32,0.0,0,1,1,0,0,0,0,0,0,0
Za'Darius Smith,CLE/DET,379,15,19,13,32,8.0,50,8,0,0,0,0,0,0,0,0
Khalen Saunders,NO,379,10,14,18,32,2.0,18,2,1,1,37,37,0,0,0,0
Kenny Clark,GB,379,14,18,14,32,1.0,7,4,1,0,0,0,0,0,2,0
Jeremiah Ledbetter,JAX,379,13,19,13,32,2.0,15,8,0,0,0,0,0,0,0,0
Dorance Armstrong,WSH,379,14,17,15,32,4.0,23,5,0,0,0,0,0,1,0,0
Nathan Shepherd,NO,379,14,13,19,32,1.5,11,3,0,0,0,0,0,0,0,0
Samuel Womack III,IND,379,15,22,10,32,0.0,0,0,9,2,4,4,0,0,0,0
Jarrian Jones,JAX,379,15,24,8,32,1.0,9,1,7,1,0,0,0,0,0,0
Demani Richardson,CAR,379,12,20,12,32,0.0,0,0,2,1,3,3,0,0,0,0
Dadrion Taylor-Demerson,ARI,379,15,20,12,32,0.0,0,2,5,0,0,0,0,0,0,0
Clark Phillips III,ATL,379,14,25,7,32,0.0,0,2,3,1,45,45,0,1,1,0
Cole Bishop,BUF,379,14,19,13,32,0.0,0,1,1,0,0,0,0,1,0,0
Jaylen Watson,KC,379,6,21,11,32,0.0,0,0,6,0,12,0,0,0,0,0
Alex Singleton,DEN,393,3,17,14,31,0.0,0,1,1,1,21,21,0,0,0,0
Damontae Kazee,PIT,393,13,22,9,31,0.0,0,0,2,1,5,5,0,0,0,0
Micheal Clemons,NYJ,393,15,15,16,31,4.5,40,4,0,0,0,0,0,1,0,0
Chad Muma,JAX,393,15,12,19,31,0.0,0,0,0,0,0,0,0,0,0,0
Laiatu Latu,IND,393,15,16,15,31,4.0,23,5,1,0,0,0,0,3,1,0
Jaylon Carlies,IND,393,8,20,11,31,1.0,8,2,1,0,0,0,0,0,0,0
Preston Smith,PIT/GB,399,16,11,19,30,3.5,22,4,0,0,0,0,0,0,0,0
Maliek Collins,SF,399,15,18,12,30,5.0,37,4,0,0,0,0,0,0,2,0
Eddie Jackson,BAL,399,9,18,12,30,0.0,0,1,1,0,0,0,0,0,0,0
Nick Scott,CAR,399,8,16,14,30,0.0,0,0,2,0,0,0,0,0,0,0
Da'Shawn Hand,MIA,399,15,20,10,30,1.0,5,5,1,0,0,0,0,1,0,0
J.J. Russell,TB,399,14,18,12,30,0.0,0,0,1,0,0,0,0,0,1,0
Isaiah McGuire,CLE,399,14,14,16,30,1.5,23,6,0,0,0,0,0,3,0,0
Dell Pettus,NE,399,15,16,14,30,1.0,7,1,1,0,0,0,0,0,0,0
Dee Winters,SF,399,13,20,10,30,0.0,0,0,4,0,0,0,0,0,0,0
Decamerion Richardson,LV,399,10,19,11,30,0.0,0,1,2,0,0,0,0,0,0,0
Tavius Robinson,BAL,399,15,12,18,30,3.5,17,4,1,0,0,0,0,0,0,0
Mario Edwards Jr.,HOU,410,11,11,18,29,2.0,18,2,2,0,0,0,0,0,2,0
Amani Oruwariye,DAL,410,7,23,6,29,0.0,0,1,3,1,0,0,0,0,0,0
Lorenzo Carter,ATL,410,11,20,9,29,0.0,0,1,0,0,0,0,0,1,0,0
Montez Sweat,CHI,410,14,17,12,29,4.5,30,8,2,0,0,0,0,1,0,0
Tim Settle Jr.,HOU,410,15,23,6,29,5.0,41,10,0,0,0,0,0,0,1,0
Devon Key,DEN,410,15,14,15,29,1.0,0,0,0,0,0,0,0,0,0,0
Darnay Holmes,LV,410,15,14,15,29,1.0,8,2,3,0,0,0,0,0,0,0
Keeanu Benton,PIT,410,15,12,17,29,0.0,0,1,6,1,11,11,0,0,1,0
Sam Okuayinonu,SF,410,14,21,8,29,3.0,15,5,1,0,0,0,0,1,0,0
DJ Turner II,CIN,410,11,24,5,29,0.0,0,1,8,0,0,0,0,0,0,0
Nate Wiggins,BAL,410,13,21,8,29,0.0,0,0,11,0,0,0,0,1,0,0
Lukas Van Ness,GB,410,14,20,9,29,3.0,6,6,0,0,0,0,0,1,1,0
Johnathan Hankins,SEA,422,15,14,14,28,1.0,8,5,1,1,0,0,0,0,0,0
Levi Wallace,DEN,422,13,20,8,28,0.0,0,0,2,0,0,0,0,0,0,0
K'Lavon Chaisson,LV,422,13,16,12,28,4.0,29,6,2,1,0,0,0,0,0,0
Dayo Odeyingbo,IND,422,15,13,15,28,3.0,20,7,0,0,0,0,0,2,1,0
DaRon Bland,DAL,422,5,18,10,28,0.0,0,0,4,0,0,0,0,1,1,0
Claudin Cherelus,CAR,422,13,13,15,28,0.0,0,0,0,0,0,0,0,0,0,0
Damone Clark,DAL,422,13,16,12,28,0.5,4,1,1,0,0,0,0,0,0,0
Azeez Ojulari,NYG,422,11,12,16,28,6.0,31,7,0,0,0,0,0,0,1,0
Kris Jenkins Jr.,CIN,422,13,10,18,28,3.0,15,3,0,0,0,0,0,0,0,0
Joshua Williams,KC,422,15,17,11,28,1.0,12,2,3,0,0,0,0,0,0,0
Chris Board,BAL,432,15,15,12,27,0.0,0,1,0,0,0,0,0,0,0,0
Jerry Tillery,MIN,432,15,12,15,27,0.0,0,1,2,0,0,0,0,0,0,0
D.J. Wonnum,CAR,432,6,15,12,27,4.0,30,4,1,0,0,0,0,1,0,0
Roy Lopez,ARI,432,14,10,17,27,1.0,10,4,3,0,0,0,0,1,1,0
Talanoa Hufanga,SF,432,5,11,16,27,0.0,0,1,0,0,0,0,0,0,0,0
Greg Newsome II,CLE,432,13,24,3,27,0.0,0,0,5,1,-2,-2,0,0,0,0
Caelen Carson,DAL,432,6,24,3,27,0.0,0,0,4,0,0,0,0,0,0,0
Owen Pappoe,ARI,432,14,18,9,27,0.0,0,0,2,0,0,0,0,1,0,0
Anfernee Orji,NO,432,14,15,12,27,0.0,0,2,0,0,0,0,0,0,0,0
Bud Dupree,LAC,441,15,17,9,26,6.0,30,6,2,1,0,0,0,1,0,0
Arik Armstead,JAX,441,15,21,5,26,2.0,11,3,1,0,0,0,0,0,0,0
Deatrich Wise Jr.,NE,441,13,15,11,26,5.0,26,5,3,0,0,0,0,0,0,0
L.J. Collier,ARI,441,15,10,16,26,3.5,19,4,1,0,0,0,0,0,1,0
Ashtyn Davis,NYJ,441,13,17,9,26,0.0,0,3,0,0,0,0,0,0,0,0
Tershawn Wharton,KC,441,15,17,9,26,5.5,37,6,2,0,0,0,0,1,0,0
Will McDonald IV,NYJ,441,15,17,9,26,10.0,68,10,2,0,0,0,0,2,1,0
Jonah Laulu,LV,441,15,12,14,26,1.0,10,2,3,0,0,0,0,0,0,0
Teair Tart,LAC,441,15,14,12,26,1.0,11,5,2,1,4,4,0,1,1,0
Tyler Davis,LAR,441,14,12,14,26,0.5,2,2,0,0,0,0,0,0,0,0
Jakorian Bennett,LV,441,10,15,11,26,0.0,0,0,8,0,0,0,0,0,0,0
Cameron Jordan,NO,452,14,11,14,25,3.0,16,3,4,1,0,0,0,0,0,0
Morgan Fox,LAC,452,15,19,6,25,3.5,27,4,1,0,0,0,0,0,0,0
Solomon Thomas,NYJ,452,14,14,11,25,3.5,17,4,1,0,0,0,0,1,0,0
Dre'Mont Jones,SEA,452,15,13,12,25,4.0,35,7,1,0,0,0,0,1,0,0
Chazz Surratt,NYJ,452,15,17,8,25,0.0,0,2,0,0,0,0,0,0,0,0
Ed Oliver,BUF,452,13,11,14,25,2.0,11,2,0,0,0,0,0,2,0,0
T.J. Slaton,GB,452,14,11,14,25,1.0,1,1,0,0,0,0,0,0,0,0
Chase Young,NO,452,14,16,9,25,5.5,30,8,2,0,0,0,0,1,0,0
Willie Gay,NO,452,13,18,7,25,2.0,8,2,3,0,0,0,0,1,2,0
Alim McNeill,DET,452,14,17,8,25,3.5,29,7,1,0,0,0,0,1,0,0
Tyler Lacy,JAX,452,13,10,15,25,0.0,0,2,0,0,0,0,0,0,0,0
Dax Hill,CIN,452,5,20,5,25,1.0,1,1,2,0,0,0,0,0,0,0
Storm Duck,MIA,452,12,17,8,25,0.0,0,1,2,0,0,0,0,0,0,0
Mike Pennel Jr.,KC,465,15,10,14,24,3.0,6,3,0,0,0,0,0,1,0,0
Folorunso Fatukasi,HOU,465,11,16,8,24,1.0,2,4,0,0,0,0,0,0,0,0
Adoree' Jackson,NYG,465,12,15,9,24,0.0,0,1,4,0,0,0,0,1,1,0
James Smith-Williams,ATL,465,10,12,12,24,1.0,6,7,0,0,0,0,0,0,0,0
Darrell Taylor,CHI,465,14,17,7,24,2.0,18,2,2,0,0,0,0,1,0,0
Quinton Bell,MIA,465,15,14,10,24,1.0,9,3,1,0,0,0,0,1,0,0
Levi Onwuzurike,DET,465,14,13,11,24,1.5,7,1,0,0,0,0,0,1,0,0
Naquan Jones,ARI,465,10,9,15,24,3.0,21,3,2,0,0,0,0,0,0,0
Calijah Kancey,TB,465,10,20,4,24,6.5,41,10,0,0,0,0,0,1,1,0
Junior Colson,LAC,465,9,13,11,24,0.0,0,0,1,0,0,0,0,0,0,0
Jeremiah Pharms Jr.,NE,465,14,13,11,24,2.0,5,4,0,0,0,0,0,0,0,0
Sheldon Day,WSH,476,10,12,11,23,0.0,0,2,1,0,0,0,0,0,0,0
Dalvin Tomlinson,CLE,476,15,12,11,23,3.0,24,5,0,0,0,0,0,0,0,0
J.T. Gray,NO,476,14,12,11,23,0.0,0,0,0,0,0,0,0,1,0,0
Ahkello Witherspoon,LAR,476,11,19,4,23,0.0,0,0,6,0,0,0,0,0,0,0
Clelin Ferrell,WSH,476,12,11,12,23,3.5,21,4,0,0,0,0,0,1,0,0
Jake Hansen,HOU,476,14,14,9,23,1.0,0,1,0,0,0,0,0,0,0,0
L'Jarius Sneed,TEN,476,5,19,4,23,0.0,0,2,0,0,0,0,0,0,0,0
Isaiah Rodgers,PHI,476,13,16,7,23,0.0,0,0,3,0,0,0,0,1,0,0
Michael Carter II,NYJ,476,12,20,3,23,0.0,0,1,1,0,0,0,0,0,1,0
Tre Brown,SEA,476,11,19,4,23,0.0,0,0,1,0,0,0,0,0,0,0
D.J. Davidson,NYG,476,12,12,11,23,2.0,17,2,0,0,0,0,0,0,2,0
Joe Tryon-Shoyinka,TB,476,13,14,9,23,2.0,20,3,2,0,0,0,0,1,0,0
Logan Hall,TB,476,14,14,9,23,4.5,30,4,1,0,0,0,0,0,1,0
Tyree Wilson,LV,476,14,15,8,23,4.0,31,6,0,0,0,0,0,1,0,0
Zach Harrison,ATL,476,15,5,18,23,1.0,2,3,2,0,0,0,0,0,0,0
Carrington Valentine,GB,476,12,10,13,23,0.0,0,0,4,1,20,20,0,0,0,0
DaQuan Jones,BUF,492,15,11,11,22,2.0,10,5,1,0,0,0,0,0,0,0
Ogbo Okoronkwo,CLE,492,15,14,8,22,3.0,26,5,0,0,0,0,0,1,0,0
Ben Niemann,DET,492,15,10,12,22,0.0,0,0,1,0,0,0,0,0,1,0
Ja'Sir Taylor,LAC,492,13,12,10,22,0.0,0,1,5,0,0,0,0,0,1,0
Josh Hayes,TB,492,13,12,10,22,0.0,0,0,3,0,0,0,0,0,1,0
Tristin McCollum,PHI,492,12,15,7,22,0.0,0,0,2,0,0,0,0,0,0,0
James Pierre,PIT,492,13,16,6,22,0.0,0,0,2,1,18,18,0,2,0,0
Dennis Gardeck,ARI,492,7,17,5,22,3.0,19,6,2,1,10,10,0,1,0,0
Kayvon Thibodeaux,NYG,492,10,12,10,22,3.0,27,6,1,0,0,0,0,0,0,0
SirVocea Dennis,TB,492,4,14,8,22,1.0,13,1,0,0,0,0,0,0,0,0
Chop Robinson,MIA,492,15,13,9,22,6.0,43,7,4,0,0,0,0,0,0,0
Leonard Taylor III,NYJ,492,12,11,11,22,1.5,9,4,1,0,0,0,0,0,0,0
Thomas Harper,LV,492,13,11,11,22,0.0,0,0,1,0,0,0,0,0,1,0
Evan Anderson,SF,492,10,11,11,22,1.0,2,2,0,0,0,0,0,1,1,0
Nick Bellore,WSH,506,14,11,10,21,0.0,0,1,0,0,0,0,0,0,0,0
Joey Bosa,LAC,506,12,16,5,21,5.0,24,5,0,0,0,0,0,2,0,0
Charles Harris,CAR/PHI,506,12,15,6,21,3.0,18,4,0,0,0,0,0,0,0,0
Byron Cowart,CHI,506,13,11,10,21,0.5,1,3,0,0,0,0,0,0,0,0
Josh Butler,DAL,506,5,17,4,21,1.0,0,0,5,0,0,0,0,0,0,0
Nick Niemann,LAC,506,11,11,10,21,0.0,0,0,1,0,0,0,0,0,0,0
Mykal Walker,WSH,506,15,8,13,21,0.0,0,0,0,0,0,0,0,0,1,0
Jesse Luketa,ARI,506,10,12,9,21,3.0,19,4,0,0,0,0,0,1,0,0
Jordan Davis,PHI,506,15,12,9,21,1.0,12,2,2,0,0,0,0,0,0,0
Christian Roland-Wallace,KC,506,15,14,7,21,0.0,0,2,1,1,0,0,0,1,0,0
Bryan Bresee,NO,506,14,14,7,21,7.5,41,7,3,0,0,0,0,1,0,0
Kaiir Elam,BUF,506,12,14,7,21,0.0,0,2,2,0,0,0,0,0,1,0
Felix Anudike-Uzomah,KC,506,15,12,9,21,1.5,4,4,0,0,0,0,0,1,1,0
Brandon Graham,PHI,519,11,15,5,20,3.5,27,6,2,0,0,0,0,1,0,0
Tony Jefferson,LAC,519,6,12,8,20,0.0,0,0,0,0,0,0,0,0,0,0
Nick Vigil,DAL,519,14,9,11,20,0.0,0,0,0,0,0,0,0,0,0,0
Tyquan Lewis,IND,519,8,12,8,20,1.5,10,2,0,0,0,0,0,1,0,0
Derek Barnett,HOU,519,14,12,8,20,4.0,17,2,0,0,0,0,0,2,1,1
Nick McCloud,SF/NYG,519,13,12,8,20,0.0,0,1,1,0,0,0,0,0,0,0
Milton Williams,PHI,519,15,10,10,20,5.0,36,7,1,0,0,0,0,1,1,0
Josh Paschal,DET,519,12,14,6,20,2.0,21,5,0,0,0,0,0,0,1,0
Myles Murphy,CIN,519,11,11,9,20,0.0,0,1,1,0,0,0,0,0,0,0
Nick Herbig,PIT,519,11,12,8,20,4.5,30,4,0,0,0,0,0,4,2,0
James Williams,TEN,519,11,14,6,20,0.0,0,0,0,0,0,0,0,0,0,0
Austin Booker,CHI,519,15,14,6,20,1.5,3,3,0,0,0,0,0,0,0,0
Jaden Hicks,KC,519,15,16,4,20,0.0,0,2,3,3,50,47,0,0,0,0
Roy Robertson-Harris,SEA/JAX,532,15,10,9,19,2.0,11,4,1,0,0,0,0,0,0,0
Austin Johnson,BUF,532,14,7,12,19,0.5,0,0,2,2,9,5,0,0,0,0
Nick Thurman,CAR,532,9,6,13,19,0.0,0,1,0,0,0,0,0,0,0,0
Tre'Davious White,BAL/LAR,532,9,14,5,19,0.0,0,0,5,0,0,0,0,0,0,0
Marcus Epps,LV,532,3,16,3,19,0.0,0,2,0,0,0,0,0,0,0,0
Payton Turner,NO,532,13,9,10,19,2.0,16,3,4,0,0,0,0,2,0,0
Khyiris Tonga,ARI,532,11,6,13,19,0.0,0,0,0,0,0,0,0,0,0,0
Josh Newton,CIN,532,15,17,2,19,0.0,0,0,6,1,12,12,0,0,0,0
Aidan Hutchinson,DET,532,5,12,7,19,7.5,55,7,0,0,0,0,0,1,0,0
Zacch Pickens,CHI,532,9,8,11,19,1.0,7,1,0,0,0,0,0,0,0,0
Dondrea Tillman,DEN,532,10,10,9,19,4.0,34,4,0,0,0,0,0,0,0,0
Brent Urban,BAL,543,11,8,10,18,0.0,0,0,2,0,0,0,0,0,0,0
Sheldon Rankins,CIN,543,7,10,8,18,1.0,7,1,0,0,0,0,0,0,0,0
DJ Reader,DET,543,13,10,8,18,3.0,19,4,1,0,0,0,0,0,0,0
Kamu Grugier-Hill,MIN,543,15,11,7,18,0.0,0,0,3,2,5,5,0,0,0,0
Jeremy Reaves,WSH,543,15,8,10,18,0.0,0,0,0,0,0,0,0,1,0,0
Johnathan Abram,NO,543,3,10,8,18,0.0,0,0,2,1,30,30,0,0,0,0
Neville Gallimore,LAR,543,12,6,12,18,0.0,0,0,0,0,0,0,0,0,0,0
Broderick Washington,BAL,543,13,8,10,18,2.0,10,1,2,0,0,0,0,1,0,0
Chris Williams,CHI,543,15,16,2,18,3.0,26,3,0,0,0,0,0,0,0,0
Benito Jones,MIA,543,15,8,10,18,0.0,0,3,0,0,0,0,0,0,0,0
Ja'Marcus Ingram,BUF,543,15,13,5,18,1.0,8,1,4,2,56,31,1,0,0,0
Jamin Davis,MIN/WSH,543,9,12,6,18,1.0,6,2,0,0,0,0,0,0,0,0
Baron Browning,ARI/DEN,543,11,10,8,18,2.0,7,5,0,0,0,0,0,0,0,0
Winston Reid,CLE,543,14,10,8,18,0.5,3,1,2,0,0,0,0,0,1,0
Yetur Gross-Matos,SF,543,9,13,5,18,4.0,24,5,0,0,0,0,0,0,0,0
Yasir Abdullah,JAX,543,12,14,4,18,0.0,0,0,0,0,0,0,0,0,0,0
Devonte Wyatt,GB,543,11,13,5,18,4.0,25,7,0,0,0,0,0,0,2,0
JD Bertrand,ATL,543,11,13,5,18,0.0,0,0,0,0,0,0,0,0,0,0
Cedric Gray,TEN,543,5,12,6,18,0.0,0,0,0,0,0,0,0,0,0,0
Dallas Turner,MIN,543,14,10,8,18,2.0,13,2,1,1,4,4,0,0,0,0
Cameron Mitchell,CLE,543,15,13,5,18,0.0,0,1,1,0,0,0,0,0,0,0
Trevor Nowaske,DET,543,12,12,6,18,2.0,8,2,1,1,8,8,0,0,0,0
Linval Joseph,DAL,565,15,7,10,17,2.0,20,2,0,0,0,0,0,1,0,0
C.J. Mosley,NYJ,565,4,13,4,17,0.0,0,0,0,0,0,0,0,0,0,0
Michael Pierce,BAL,565,9,6,11,17,2.0,16,1,1,0,0,0,0,0,0,0
Chidobe Awuzie,TEN,565,6,10,7,17,0.0,0,0,3,1,8,8,0,0,0,0
Taven Bryan,IND,565,15,10,7,17,1.0,7,3,1,0,0,0,0,0,1,0
Christian Wilkins,LV,565,5,11,6,17,2.0,15,2,0,0,0,0,0,0,0,0
Luke Masterson,LV,565,4,10,7,17,0.0,0,0,0,0,0,0,0,0,0,0
Marco Wilson,CIN/NE,565,14,10,7,17,0.0,0,0,2,0,0,0,0,0,0,0
Zach Carter,LV/CIN,565,10,10,7,17,1.5,1,0,0,0,0,0,0,0,0,0
Phidarian Mathis,WSH,565,12,8,9,17,0.0,0,2,1,0,0,0,0,0,0,0
Robert Beal Jr.,SF,565,14,11,6,17,0.0,0,0,0,0,0,0,0,0,0,0
Terell Smith,CHI,565,12,13,4,17,0.0,0,0,3,1,23,23,0,0,0,0
Karl Brooks,GB,565,14,9,8,17,2.5,18,2,1,0,0,0,0,1,2,0
Otis Reese IV,TEN,565,13,8,9,17,0.0,0,1,1,1,2,2,0,0,0,0
Chris Braswell,TB,565,15,10,7,17,0.5,5,0,0,0,0,0,0,0,0,0
Jaquelin Roy,NE,565,6,12,5,17,2.0,12,3,0,0,0,0,0,0,0,0
Maurice Hurst II,CLE,581,8,9,7,16,0.5,3,4,0,0,0,0,0,0,0,0
George Odum,SF,581,12,14,2,16,0.0,0,0,4,0,0,0,0,0,0,0
Oren Burks,PHI,581,15,10,6,16,0.0,0,0,1,0,0,0,0,1,0,0
Jaire Alexander,GB,581,7,15,1,16,0.0,0,0,7,2,52,35,1,0,1,0
Dane Jackson,CAR,581,7,12,4,16,0.0,0,1,1,0,0,0,0,0,0,0
Isaiah Simmons,NYG,581,15,11,5,16,0.0,0,0,1,0,0,0,0,1,0,0
Isaiahh Loudermilk,PIT,581,15,10,6,16,0.0,0,0,1,0,0,0,0,0,0,0
Jordan Elliott,SF,581,13,12,4,16,0.0,0,2,0,0,0,0,0,0,0,0
Tommy Togiai,HOU,581,6,6,10,16,1.0,9,2,2,0,0,0,0,0,0,0
Israel Mukuamu,DAL,581,15,11,5,16,0.0,0,0,2,2,20,15,0,0,0,0
Cam Smith,MIA,581,6,13,3,16,0.0,0,0,0,0,0,0,0,0,0,0
D'Anthony Bell,CLE,581,15,8,8,16,0.0,0,1,0,0,0,0,0,0,0,0
Pat O'Connor,DET,593,10,4,11,15,1.0,12,2,0,0,0,0,0,0,0,0
Dawuane Smoot,BUF,593,9,11,4,15,1.5,2,4,1,0,0,0,0,2,0,0
Jonathan Allen,WSH,593,6,13,2,15,2.0,7,2,0,0,0,0,0,0,0,0
Avonte Maddox,PHI,593,15,7,8,15,0.0,0,0,5,0,0,0,0,0,0,0
Demetrius Flannigan-Fowles,SF,593,11,9,6,15,0.0,0,1,2,1,0,0,0,0,0,0
Cam Gill,CAR,593,8,4,11,15,0.0,0,0,0,0,0,0,0,0,0,0
K'Von Wallace,SEA,593,9,9,6,15,0.0,0,0,0,0,0,0,0,1,0,0
Joshua Uche,KC/NE,593,12,12,3,15,2.0,11,2,0,0,0,0,0,0,0,0
Julian Okwara,ARI,593,11,8,7,15,0.0,0,2,1,0,0,0,0,0,0,0
Jaylon Jones,CHI,593,8,13,2,15,0.0,0,0,2,0,0,0,0,0,0,0
James Lynch,TEN,593,15,3,12,15,0.0,0,1,2,0,0,0,0,0,0,0
Jordan Jackson,DEN,593,15,2,13,15,0.0,0,0,0,0,0,0,0,0,0,0
Jalen Redmond,MIN,593,11,10,5,15,1.0,7,6,2,0,0,0,0,0,0,0
Isaiah Foskey,NO,593,14,4,11,15,0.0,0,0,0,0,0,0,0,0,0,0
Elijah Chatman,NYG,593,15,9,6,15,1.0,10,2,0,0,0,0,0,0,1,0
Christian Harris,HOU,593,2,9,6,15,1.0,9,1,0,0,0,0,0,0,0,0
Jalyx Hunt,PHI,593,14,8,7,15,1.5,13,0,1,0,0,0,0,2,0,0
Von Miller,BUF,610,11,10,4,14,4.0,31,5,0,0,0,0,0,0,0,0
DeMarcus Lawrence,DAL,610,4,7,7,14,3.0,20,4,0,0,0,0,0,1,0,0
Ty Summers,NYG,610,14,8,6,14,0.0,0,1,0,0,0,0,0,0,0,0
Jalyn Holmes,WSH/NYJ,610,14,9,5,14,2.0,11,4,0,0,0,0,0,0,0,0
Casey Toohill,BUF,610,13,9,5,14,1.0,8,2,1,0,0,0,0,0,1,0
Khalil Dorsey,DET,610,14,8,6,14,0.0,0,1,2,0,0,0,0,0,0,0
Kindle Vildor,DET,610,15,10,4,14,0.0,0,0,2,0,0,0,0,0,0,0
Raekwon Davis,IND,610,15,7,7,14,0.0,0,1,1,0,0,0,0,0,0,0
D'Marco Jackson,NO,610,10,8,6,14,0.0,0,0,0,0,0,0,0,0,0,0
Theo Jackson,MIN,610,15,9,5,14,0.0,0,0,3,1,3,3,0,0,0,0
John Ridgeway III,NO,610,11,7,7,14,0.0,0,1,0,0,0,0,0,0,0,0
Jay Tufele,CIN,610,11,5,9,14,0.5,1,1,1,0,0,0,0,0,0,0
Tavierre Thomas,TB,610,15,8,6,14,0.0,0,0,0,0,0,0,0,0,0,0
Tyrek Funderburk,TB,610,11,10,4,14,0.0,0,0,1,0,0,0,0,1,0,0
Maason Smith,JAX,610,9,8,6,14,2.0,6,2,2,0,0,0,0,0,0,0
Colby Wooden,GB,610,10,7,7,14,0.0,0,2,1,0,0,0,0,0,0,0
Tyrus Wheat,DAL,610,8,6,8,14,0.5,0,1,0,0,0,0,0,0,0,0
Denico Autry,HOU,627,9,8,5,13,3.0,24,3,3,0,0,0,0,0,0,0
DeShawn Williams,CAR,627,10,6,7,13,0.5,4,0,0,0,0,0,0,0,0,0
Sam Eguavoen,NYJ,627,15,7,6,13,0.0,0,0,0,0,0,0,0,0,0,0
Eddie Goldman,ATL,627,15,7,6,13,1.0,9,1,0,0,0,0,0,0,0,0
Andrew Billings,CHI,627,8,9,4,13,1.0,10,2,0,0,0,0,0,1,0,0
Carl Lawson,DAL,627,13,7,6,13,5.0,39,4,0,0,0,0,0,1,0,0
Kentavius Street,ATL,627,11,7,6,13,1.0,7,4,0,0,0,0,0,0,0,0
Jacob Martin,CHI,627,9,8,5,13,3.0,6,3,0,0,0,0,0,0,0,0
D'Angelo Ross,HOU,627,8,10,3,13,0.0,0,0,0,0,0,0,0,0,0,0
Ka'dar Hollman,BAL/HOU,627,10,11,2,13,0.0,0,0,2,0,0,0,0,0,0,0
Devin White,HOU,627,6,9,4,13,0.0,0,0,0,0,0,0,0,0,0,0
Shemar Jean-Charles,NO,627,6,5,8,13,0.0,0,0,2,1,0,0,0,0,0,0
Amen Ogbongbemiga,CHI,627,15,7,6,13,1.0,10,1,0,0,0,0,0,0,0,0
Victor Dimukeje,ARI,627,10,8,5,13,0.0,0,2,0,0,0,0,0,1,0,0
DeAngelo Malone,ATL,627,15,8,5,13,2.0,12,3,0,0,0,0,0,0,0,0
Amari Burney,LV,627,15,7,6,13,1.0,11,2,0,0,0,0,0,1,0,0
Kaevon Merriweather,TB,627,12,8,5,13,1.0,0,0,0,0,0,0,0,0,1,0
Asante Samuel Jr.,LAC,627,4,11,2,13,0.0,0,0,2,0,0,0,0,0,0,0
Jaylen Harrell,TEN,627,15,8,5,13,0.0,0,2,0,0,0,0,0,0,0,0
Tommy Eichenberg,LV,627,12,8,5,13,0.0,0,0,0,0,0,0,0,0,0,0
Marshawn Kneeland,DAL,627,9,8,5,13,0.0,0,1,1,0,0,0,0,0,1,0
Brandon Joseph,DET,627,14,11,2,13,0.0,0,0,1,0,0,0,0,0,0,0
William Gholston,TB,649,15,6,6,12,1.0,4,1,0,0,0,0,0,0,0,0
Kwon Alexander,DEN/DET,649,5,4,8,12,0.0,0,0,0,0,0,0,0,1,1,0
Yannick Ngakoue,BAL/NE,649,10,5,7,12,1.5,4,1,0,0,0,0,0,0,0,0
Ja'Whaun Bentley,NE,649,2,7,5,12,0.5,3,0,0,0,0,0,0,0,0,0
Chris Lammons,IND,649,13,10,2,12,1.0,22,1,0,0,0,0,0,1,2,0
Sione Takitaki,NE,649,9,4,8,12,0.0,0,0,0,0,0,0,0,0,0,0
Khalil Davis,HOU/SF,649,12,7,5,12,1.0,5,4,0,0,0,0,0,0,0,0
Zayne Anderson,GB,649,14,10,2,12,0.0,0,0,0,0,0,0,0,0,0,0
Kristian Welch,BAL/DEN,649,13,6,6,12,0.0,0,0,0,0,0,0,0,0,0,0
Richie Grant,ATL,649,15,11,1,12,0.0,0,1,1,0,0,0,0,0,0,0
C.J. Brewer,TB,649,11,7,5,12,2.0,11,3,2,0,0,0,0,0,0,0
Segun Olubi,IND,649,15,6,6,12,0.0,0,0,0,0,0,0,0,1,1,0
Ta'Quon Graham,ATL,649,10,6,6,12,0.0,0,0,0,0,0,0,0,0,0,0
Juanyeh Thomas,DAL,649,11,9,3,12,0.0,0,0,1,0,0,0,0,1,0,0
Thomas Booker IV,PHI,649,15,6,6,12,0.5,2,2,1,0,0,0,0,0,0,0
Moro Ojomo,PHI,649,15,5,7,12,0.0,0,0,0,0,0,0,0,0,0,0
Maema Njongmeta,CIN,649,15,7,5,12,0.0,0,0,0,0,0,0,0,0,2,0
Eric Watts,NYJ,649,12,7,5,12,0.0,0,0,0,0,0,0,0,0,0,0
Miles Killebrew,PIT,667,15,6,5,11,0.0,0,0,0,0,0,0,0,0,0,0
Quinton Jefferson,BUF/CLE,667,10,3,8,11,2.0,18,2,0,0,0,0,0,0,0,0
Tyus Bowser,SEA/MIA,667,9,6,5,11,0.0,0,0,0,0,0,0,0,0,0,0
Duke Riley,MIA,667,15,5,6,11,0.0,0,0,0,0,0,0,0,0,0,0
Jalen Reeves-Maybin,DET,667,8,7,4,11,0.0,0,0,0,0,0,0,0,1,0,0
Matt Milano,BUF,667,3,5,6,11,0.0,0,1,0,0,0,0,0,0,1,0
Montravius Adams,PIT,667,9,8,3,11,1.0,9,2,0,0,0,0,0,0,0,0
Greg Gaines,TB,667,13,4,7,11,1.0,5,2,0,0,0,0,0,0,0,0
Jeremy McNichols,WSH,667,15,6,5,11,0.0,0,0,0,0,0,0,0,0,0,0
Kevin Givens,SF,667,8,6,5,11,3.5,8,2,0,0,0,0,0,0,0,0
Tomon Fox,NYG,667,9,4,7,11,1.0,8,1,0,0,0,0,0,0,0,0
Eric Johnson II,NE,667,9,2,9,11,0.0,0,0,0,0,0,0,0,0,0,0
Eyioma Uwazurike,DEN,667,4,3,8,11,0.5,2,0,0,0,0,0,0,0,0,0
Josh Blackwell,CHI,667,15,9,2,11,0.0,0,0,2,1,10,10,0,0,0,0
Tycen Anderson,CIN,667,15,10,1,11,0.0,0,0,0,0,0,0,0,0,0,0
Jon Rhattigan,CAR,667,14,6,5,11,0.0,0,0,0,0,0,0,0,0,0,0
Javontae Jean-Baptiste,WSH,667,10,5,6,11,1.0,6,1,0,0,0,0,0,0,0,0
Nathaniel Watson,CLE,667,12,8,3,11,0.0,0,0,0,0,0,0,0,0,0,0
Hunter Luepke,DAL,667,14,3,8,11,0.0,0,0,0,0,0,0,0,0,0,0
Jowon Briggs,CLE,667,4,1,10,11,0.0,0,1,0,0,0,0,0,0,1,0
Drake Thomas,SEA,667,15,3,8,11,0.0,0,0,1,0,0,0,0,0,0,0
Jacoby Windmon,CAR,667,6,6,5,11,1.0,3,1,1,0,0,0,0,0,0,0
Jeremiah Trotter Jr.,PHI,667,15,6,5,11,0.0,0,0,1,0,0,0,0,0,0,0
Tyler Owens,WSH,667,12,7,4,11,0.0,0,0,0,0,0,0,0,1,0,0
Mike Hall Jr.,CLE,667,6,6,5,11,1.0,5,3,0,0,0,0,0,0,0,0
Carlos Watkins,WSH/DAL,692,14,3,7,10,0.0,0,0,0,0,0,0,0,0,0,0
Kevin King,ATL,692,15,6,4,10,0.0,0,0,2,0,0,0,0,0,1,0
Siran Neal,MIA,692,15,8,2,10,0.0,0,0,2,0,0,0,0,0,0,0
Bilal Nichols,ARI,692,6,6,4,10,0.0,0,1,0,0,0,0,0,0,0,0
Greg Stroman Jr.,NYG,692,4,9,1,10,0.0,0,0,0,0,0,0,0,0,0,0
Ezekiel Turner,HOU/DET,692,8,7,3,10,0.5,4,0,0,0,0,0,0,0,0,0
Bryce Huff,PHI,692,10,5,5,10,2.5,25,3,0,0,0,0,0,1,0,0
Brenden Schooler,NE,692,15,9,1,10,2.0,16,2,0,0,0,0,0,0,0,0
Darrick Forrest,WSH,692,8,5,5,10,0.0,0,0,0,0,0,0,0,0,0,0
Cory Durden,NYG,692,3,4,6,10,0.0,0,1,0,0,0,0,0,0,0,0
Caleb Farley,CAR,692,7,6,4,10,0.0,0,0,0,0,0,0,0,0,0,0
Brady Russell,SEA,692,11,6,4,10,0.0,0,0,0,0,0,0,0,0,0,0
Kalia Davis,SF,692,11,5,5,10,0.0,0,0,1,1,2,2,0,0,0,0
Derrick Barnes,DET,692,3,8,2,10,0.0,0,0,1,0,0,0,0,0,0,0
Brenton Cox Jr.,GB,692,5,6,4,10,3.0,22,4,0,0,0,0,0,1,0,0
Daniel Hardy,CHI,692,15,7,3,10,0.0,0,0,0,0,0,0,0,1,0,0
Dylan Horton,HOU,692,11,2,8,10,0.0,0,0,0,0,0,0,0,0,0,0
Jonathan Harris,CAR,692,7,4,6,10,0.0,0,1,0,0,0,0,0,0,1,0
AJ Finley,LAC/SEA,692,12,6,4,10,0.0,0,0,0,0,0,0,0,0,0,0
Kelee Ringo,PHI,692,15,8,2,10,0.0,0,0,0,0,0,0,0,1,1,0
Jordan Jefferson,JAX,692,6,5,5,10,1.0,9,1,0,0,0,0,0,0,0,0
Tre Hawkins III,NYG,692,3,8,2,10,0.0,0,0,2,1,0,0,0,0,0,0
McKinnley Jackson,CIN,692,11,4,6,10,1.0,7,2,0,0,0,0,0,1,0,0
Haason Reddick,NYJ,715,8,6,3,9,0.5,4,2,1,0,0,0,0,0,0,0
Al-Quadin Muhammad,DET,715,7,7,2,9,2.0,14,3,1,0,0,0,0,0,0,0
Takk McKinley,NYJ,715,7,4,5,9,0.5,3,1,0,0,0,0,0,0,0,0
Mike Edwards,BUF/TB,715,6,4,5,9,0.0,0,0,1,0,0,0,0,0,0,0
Dre Greenlaw,SF,715,2,3,6,9,0.0,0,0,0,0,0,0,0,0,0,0
Feleipe Franks,CAR,715,14,6,3,9,0.0,0,0,0,0,0,0,0,0,1,0
Elijah Garcia,NYG,715,3,4,5,9,0.0,0,1,0,0,0,0,0,0,0,0
Ashton Dulin,IND,715,13,7,2,9,0.0,0,0,0,0,0,0,0,0,0,0
Del'Shawn Phillips,HOU,715,15,4,5,9,0.0,0,0,0,0,0,0,0,0,0,0
Jordon Riley,NYG,715,11,6,3,9,0.0,0,2,0,0,0,0,0,0,0,0
Jacob Hummel,LAR,715,15,6,3,9,0.0,0,0,0,0,0,0,0,0,0,0
Matthew Butler,LV,715,7,4,5,9,0.0,0,0,0,0,0,0,0,0,0,0
Vi Jones,TB,715,7,5,4,9,0.0,0,0,0,0,0,0,0,2,0,0
Xavier Thomas,ARI,715,12,5,4,9,2.5,13,2,0,0,0,0,0,1,0,0
Keondre Coburn,TEN,715,13,5,4,9,0.0,0,0,0,0,0,0,0,0,0,0
Rico Payton,NO,715,13,5,4,9,0.0,0,0,1,0,0,0,0,0,0,0
Andrew Booth Jr.,DAL,715,5,7,2,9,0.0,0,0,0,0,0,0,0,0,0,0
DeWayne Carter,BUF,715,9,8,1,9,0.0,0,4,1,0,0,0,0,0,0,0
Jordan Magee,WSH,715,8,7,2,9,0.0,0,0,0,0,0,0,0,0,0,0
Mekhi Wingo,DET,715,11,1,8,9,0.0,0,0,0,0,0,0,0,0,0,0
Dallis Flowers,IND/TB,715,5,9,0,9,0.0,0,1,0,0,0,0,0,0,0,0
Adam Gotsis,IND,736,5,4,4,8,0.0,0,0,0,0,0,0,0,0,0,0
John Johnson III,LAR,736,2,4,4,8,0.0,0,0,1,1,0,0,0,0,0,0
Demone Harris,ATL,736,7,3,5,8,0.0,0,1,1,0,0,0,0,0,0,0
Michael Davis,WSH,736,13,1,7,8,0.0,0,0,1,0,0,0,0,0,0,0
Uchenna Nwosu,SEA,736,4,3,5,8,0.0,0,0,0,0,0,0,0,0,0,0
Kendall Sheffield,NYJ,736,5,5,3,8,0.0,0,0,0,0,0,0,0,0,0,0
Elijah Campbell,MIA,736,15,5,3,8,0.0,0,1,0,0,0,0,0,1,0,0
Sam Kamara,CLE,736,9,4,4,8,0.0,0,0,0,0,0,0,0,0,0,0
Jeremiah Moon,PIT,736,11,4,4,8,0.0,0,0,0,0,0,0,0,0,0,0
Caleb Johnson,JAX,736,15,6,2,8,0.0,0,0,0,0,0,0,0,0,0,0
James Houston,CLE/DET,736,9,5,3,8,1.0,5,1,0,0,0,0,0,0,0,0
Buddy Johnson,DAL,736,12,3,5,8,0.0,0,0,0,0,0,0,0,0,0,0
Jeff Okudah,HOU,736,5,7,1,8,0.0,0,0,0,0,0,0,0,0,0,0
Arron Mosby,GB,736,13,5,3,8,0.5,4,1,1,0,0,0,0,0,0,0
Josh Ross,BAL/SEA,736,15,5,3,8,0.0,0,0,0,0,0,0,0,0,0,0
Malik Herring,KC,736,11,5,3,8,0.0,0,1,0,0,0,0,0,0,0,0
Nesta Jade Silvera,LV,736,7,2,6,8,0.0,0,0,0,0,0,0,0,0,0,0
Joe Andreessen,BUF,736,11,4,4,8,0.0,0,0,0,0,0,0,0,0,0,0
Jalyn Armour-Davis,BAL,736,7,6,2,8,0.0,0,0,1,0,0,0,0,0,0,0
David Ojabo,BAL,736,11,5,3,8,2.0,11,2,0,0,0,0,0,0,0,0
JL Skinner,DEN,736,12,4,4,8,0.0,0,0,0,0,0,0,0,0,1,0
Kris Abrams-Draine,DEN,736,3,5,3,8,0.0,0,0,2,1,17,17,0,0,0,0
Alex Wright,CLE,736,4,5,3,8,1.0,2,1,0,0,0,0,0,0,0,0
Bo Richter,MIN,736,12,5,3,8,0.0,0,0,0,0,0,0,0,0,1,0
Qwan'tez Stiggers,NYJ,736,13,7,1,8,0.0,0,0,0,0,0,0,0,0,0,0
C.J. Goodwin,DAL,761,15,7,0,7,0.0,0,0,0,0,0,0,0,1,0,0
Fabian Moreau,MIN,761,7,6,1,7,0.0,0,0,1,0,0,0,0,0,0,0
Javon Hargrave,SF,761,3,4,3,7,1.0,9,1,0,0,0,0,0,0,0,0
KhaDarel Hodge,ATL,761,15,4,3,7,0.0,0,1,0,0,0,0,0,0,1,1
Antonio Hamilton Sr.,ATL,761,11,5,2,7,0.0,0,0,0,0,0,0,0,0,0,0
Jamal Adams,DET/TEN,761,5,4,3,7,0.0,0,0,0,0,0,0,0,0,0,0
Jihad Ward,MIN,761,15,5,2,7,1.0,4,1,1,0,0,0,0,0,1,0
Trent Sherfield Sr.,MIN,761,15,6,1,7,0.0,0,0,0,0,0,0,0,0,0,0
Terrell Edmunds,PIT/JAX,761,6,5,2,7,0.0,0,0,0,0,0,0,0,0,0,0
Irvin Charles,NYJ,761,13,5,2,7,0.0,0,0,0,0,0,0,0,0,0,0
Daniel Thomas,JAX,761,13,3,4,7,0.0,0,0,0,0,0,0,0,0,1,0
DJ Turner,LV,761,12,3,4,7,0.0,0,0,0,0,0,0,0,0,0,0
Cedrick Wilson Jr.,NO,761,12,2,5,7,0.0,0,0,0,0,0,0,0,0,0,0
Travis Homer,CHI,761,10,4,3,7,0.0,0,0,0,0,0,0,0,0,0,0
Myles Bryant,HOU,761,9,6,1,7,0.0,0,0,0,0,0,0,0,0,0,0
Tarvarius Moore,CHI,761,10,7,0,7,0.0,0,0,0,0,0,0,0,0,0,0
Sam Franklin Jr.,CAR,761,8,4,3,7,0.0,0,0,0,0,0,0,0,0,0,0
Marcelino McCrary-Ball,NYJ,761,10,3,4,7,0.0,0,0,0,0,0,0,0,0,0,0
Khaleke Hudson,CLE/NO,761,15,5,2,7,0.0,0,0,0,0,0,0,0,0,0,0
Chandler Wooten,CAR,761,3,4,3,7,0.0,0,0,0,0,0,0,0,0,0,0
Ali Gaye,TEN,761,13,6,1,7,1.0,10,2,0,0,0,0,0,0,0,0
Kemon Hall,DAL,761,6,6,1,7,0.0,0,0,0,0,0,0,0,0,0,0
Dominique Robinson,CHI,761,4,4,3,7,0.0,0,0,0,0,0,0,0,0,0,0
Rodney Thomas II,IND,761,15,5,2,7,0.0,0,0,0,0,0,0,0,0,0,0
JuJu Brents,IND,761,1,3,4,7,0.0,0,0,0,0,0,0,0,0,0,0
Myles Cole,JAX,761,6,4,3,7,0.0,0,1,0,0,0,0,0,0,0,0
Ryan Miller,TB,761,9,5,2,7,0.0,0,0,0,0,0,0,0,0,0,0
Keidron Smith,DEN,761,9,4,3,7,0.0,0,0,0,0,0,0,0,0,0,0
Cory Trice Jr.,PIT,761,4,5,2,7,0.0,0,0,1,1,0,0,0,0,0,0
Adetomiwa Adebawore,IND,761,15,5,2,7,1.0,8,3,0,0,0,0,0,0,0,0
Emmanuel Forbes Jr.,WSH,761,6,2,5,7,0.0,0,0,1,1,19,19,0,0,0,0
Sanoussi Kane,BAL,761,13,3,4,7,0.0,0,0,0,0,0,0,0,0,0,0
Ruke Orhorhoro,ATL,761,6,3,4,7,0.0,0,1,0,0,0,0,0,0,0,0
Nehemiah Pritchett,SEA,761,9,4,3,7,0.0,0,0,1,0,0,0,0,0,0,0
Ty'Ron Hopper,GB,761,14,5,2,7,0.0,0,0,0,0,0,0,0,0,0,0
Amare Barno,CAR,761,4,4,3,7,1.0,3,1,0,0,0,0,0,0,0,0
Art Green,NYG,761,7,5,2,7,0.0,0,0,0,0,0,0,0,1,0,0
Marcellas Dial Jr.,NE,761,15,2,5,7,0.0,0,0,0,0,0,0,0,1,0,0
Sione Vaki,DET,761,14,7,0,7,0.0,0,0,0,0,0,0,0,1,0,0
Jordan Phillips,BUF/DAL,800,7,4,2,6,0.0,0,0,0,0,0,0,0,0,0,0
Dare Ogunbowale,HOU,800,15,3,3,6,0.0,0,0,0,0,0,0,0,1,0,0
Cameron Sutton,PIT,800,7,1,5,6,0.0,0,0,2,0,0,0,0,0,0,0
Mike Ford Jr.,CLE,800,15,5,1,6,0.0,0,0,0,0,0,0,0,0,0,0
M.J. Stewart,HOU,800,13,3,3,6,0.0,0,0,0,0,0,0,0,0,1,0
Derrick Nnadi,KC,800,15,3,3,6,0.0,0,0,0,0,0,0,0,0,0,0
Armon Watts,NYG,800,4,3,3,6,0.0,0,2,0,0,0,0,0,0,0,0
Myles Adams,SEA/DET,800,5,3,3,6,0.0,0,0,0,0,0,0,0,0,0,0
Lonnie Johnson Jr.,CAR,800,14,5,1,6,0.0,0,0,0,0,0,0,0,0,0,0
Jayden Peevy,CAR,800,4,2,4,6,1.5,3,1,1,0,0,0,0,1,0,0
Markquese Bell,DAL,800,9,5,1,6,0.0,0,0,0,0,0,0,0,0,0,0
Connor Heyward,PIT,800,15,4,2,6,0.0,0,0,0,0,0,0,0,0,0,0
Jaelan Phillips,MIA,800,4,2,4,6,1.0,6,1,2,0,0,0,0,0,0,0
Kurt Hinish,HOU,800,8,1,5,6,0.0,0,0,0,0,0,0,0,0,0,0
Jonathan Ford,CHI,800,2,1,5,6,0.0,0,1,0,0,0,0,0,0,0,0
Brian Asamoah II,MIN,800,15,4,2,6,0.0,0,0,0,0,0,0,0,1,0,0
Desjuan Johnson,LAR,800,8,1,5,6,0.0,0,0,0,0,0,0,0,0,0,0
Christian Barmore,NE,800,4,6,0,6,1.0,2,1,0,0,0,0,0,0,0,0
Cameron McGrone,IND,800,8,4,2,6,0.0,0,0,0,0,0,0,0,0,0,0
Tyler Allgeier,ATL,800,15,5,1,6,0.0,0,0,0,0,0,0,0,0,0,0
Scott Matlock,LAC,800,15,2,4,6,1.0,6,1,1,0,0,0,0,0,0,0
Chris Smith II,LV,800,15,2,4,6,0.0,0,0,0,0,0,0,0,0,0,0
Dareke Young,SEA,800,12,5,1,6,0.0,0,0,0,0,0,0,0,0,0,0
Corey Ballentine,GB,800,12,6,0,6,0.0,0,0,0,0,0,0,0,1,0,0
Cade Stover,HOU,800,13,6,0,6,0.0,0,0,0,0,0,0,0,0,0,0
Kei'Trel Clark,ARI,800,13,4,2,6,1.0,0,1,0,0,0,0,0,0,0,0
Braiden McGregor,NYJ,800,7,3,3,6,0.0,0,0,0,0,0,0,0,0,0,0
Will Shipley,PHI,800,15,5,1,6,0.0,0,0,0,0,0,0,0,0,0,0
Ennis Rakestraw Jr.,DET,800,8,4,2,6,0.0,0,0,0,0,0,0,0,0,0,0
Darius Robinson,ARI,800,4,1,5,6,1.0,0,0,0,0,0,0,0,0,0,0
Deane Leonard,LAC,800,9,4,2,6,0.0,0,0,2,0,0,0,0,0,0,0
Thomas Incoom,CAR,800,7,6,0,6,0.0,0,1,0,0,0,0,0,0,0,0
Casey Kreiter,NYG,832,15,3,2,5,0.0,0,0,0,0,0,0,0,0,0,0
Michael Burton,DEN,832,15,1,4,5,0.0,0,0,0,0,0,0,0,0,0,0
Dean Lowry,PIT,832,12,1,4,5,1.0,0,0,1,0,0,0,0,0,0,0
Eli Ankou,BUF,832,2,1,4,5,0.0,0,0,0,0,0,0,0,0,0,0
Tony Brown II,CLE,832,6,2,3,5,0.0,0,0,0,0,0,0,0,1,0,0
Marquis Haynes Sr.,CAR,832,2,4,1,5,0.0,0,0,0,0,0,0,0,0,0,0
Mitchell Fraboni,DEN,832,15,3,2,5,0.0,0,0,0,0,0,0,0,0,0,0
Arthur Maulet,BAL,832,3,4,1,5,0.0,0,0,0,0,0,0,0,0,0,0
Kris Boyd,HOU,832,15,2,3,5,0.0,0,0,0,0,0,0,0,0,1,0
Adam Prentice,NO,832,14,4,1,5,0.0,0,0,0,0,0,0,0,0,0,0
Charlie Woerner,ATL,832,14,3,2,5,0.0,0,0,0,0,0,0,0,0,0,0
Janarius Robinson,LV,832,10,2,3,5,0.5,5,0,1,0,0,0,0,0,0,0
Ben Skowronek,PIT,832,9,2,3,5,0.0,0,0,0,0,0,0,0,0,2,0
Shaq Quarterman,LAC/CAR,832,9,5,0,5,0.0,0,0,0,0,0,0,0,0,0,0
Kylen Granson,IND,832,15,5,0,5,0.0,0,0,0,0,0,0,0,0,0,0
Avery Williams,ATL,832,15,2,3,5,0.0,0,0,0,0,0,0,0,0,0,0
David Moore,CAR,832,15,4,1,5,0.0,0,0,0,0,0,0,0,0,0,0
DeeJay Dallas,ARI,832,15,3,2,5,0.0,0,0,0,0,0,0,0,0,0,0
Joey Blount,ARI,832,15,3,2,5,0.0,0,0,0,0,0,0,0,0,0,0
Laviska Shenault Jr.,LAC/SEA,832,12,5,0,5,0.0,0,0,0,0,0,0,0,0,0,0
Jack Cochrane,KC,832,15,3,2,5,0.0,0,0,0,0,0,0,0,0,0,0
Christian Braswell,JAX,832,3,1,4,5,0.0,0,0,0,0,0,0,0,0,0,0
Alec Pierce,IND,832,14,5,0,5,0.0,0,0,0,0,0,0,0,0,0,0
Josh Whyle,TEN,832,15,3,2,5,0.0,0,0,0,0,0,0,0,0,0,0
Sydney Brown,PHI,832,9,5,0,5,0.0,0,0,1,0,0,0,0,1,0,0
Jake Bobo,SEA,832,15,2,3,5,0.0,0,0,0,0,0,0,0,0,0,0
Eku Leota,PIT/CAR,832,3,5,0,5,1.0,1,3,0,0,0,0,0,0,0,0
Jarrick Bernard-Converse,NYJ,832,7,2,3,5,0.0,0,0,0,0,0,0,0,0,0,0
Bryce Ford-Wheaton,NYG,832,12,4,1,5,0.0,0,0,0,0,0,0,0,0,0,0
Bryce Oliver,TEN,832,8,4,1,5,0.0,0,0,0,0,0,0,0,0,0,0
Ja'Marr Chase,CIN,832,15,5,0,5,0.0,0,0,0,0,0,0,0,0,0,0
Jaden Crumedy,CAR,832,3,2,3,5,0.0,0,0,0,0,0,0,0,0,0,0
Cam Jones,KC,832,15,3,2,5,0.0,0,0,0,0,0,0,0,0,0,0
Nate Adkins,DEN,832,15,2,3,5,0.0,0,0,0,0,0,0,0,0,0,0
Xavier Smith,LAR,832,13,3,2,5,0.0,0,0,0,0,0,0,0,0,0,0
Alex Austin,NE,832,7,5,0,5,0.0,0,0,3,0,0,0,0,0,0,0
Levelle Bailey,DEN,832,10,1,4,5,0.0,0,0,0,0,0,0,0,0,0,0
Javon Solomon,BUF,832,12,5,0,5,2.0,28,2,0,0,0,0,0,1,0,0
Jay Ward,MIN,832,14,4,1,5,0.0,0,0,1,0,0,0,0,0,0,0
Jalen Graham,SF,832,6,3,2,5,0.0,0,1,0,0,0,0,0,0,0,0
Mike Morris,SEA,832,13,3,2,5,0.0,0,0,0,0,0,0,0,0,0,0
Josh Wallace,LAR,832,15,4,1,5,0.0,0,0,2,0,0,0,0,0,0,0
Natrone Brooks,ATL,832,7,4,1,5,0.0,0,0,1,0,0,0,0,0,0,0
Jalen Brooks,DAL,832,12,4,1,5,0.0,0,0,0,0,0,0,0,0,0,0
Isaiah Davis,NYJ,832,15,5,0,5,0.0,0,0,0,0,0,0,0,0,0,0
Jerry Hughes,HOU,877,6,2,2,4,0.0,0,0,0,0,0,0,0,0,0,0
Kareem Jackson,BUF,877,2,2,2,4,0.0,0,0,0,0,0,0,0,0,0,0
Carl Davis Jr.,WSH,877,3,1,3,4,0.0,0,0,0,0,0,0,0,0,0,0
Bobby McCain,MIN,877,3,2,2,4,0.0,0,0,0,0,0,0,0,0,0,0
Joe Cardona,NE,877,14,3,1,4,0.0,0,0,0,0,0,0,0,1,0,0
Ameer Abdullah,LV,877,15,2,2,4,0.0,0,0,0,0,0,0,0,0,0,0
Tyler Matakevich,PIT,877,9,4,0,4,0.0,0,0,0,0,0,0,0,0,0,0
Chris Wormley,BAL,877,2,1,3,4,0.0,0,0,0,0,0,0,0,0,0,0
Scott Daly,CHI,877,15,2,2,4,0.0,0,0,0,0,0,0,0,0,0,0
Tre Flowers,IND/JAX,877,5,3,1,4,0.0,0,0,0,0,0,0,0,0,0,0
Tanner Hudson,CIN,877,10,4,0,4,0.0,0,0,0,0,0,0,0,0,0,0
Justin Jones,ARI,877,3,3,1,4,0.0,0,1,0,0,0,0,0,0,1,0
David Njoku,CLE,877,11,4,0,4,0.0,0,0,0,0,0,0,0,0,0,0
Matthew Adams,NYG,877,11,3,1,4,0.0,0,0,0,0,0,0,0,0,0,0
Tremon Smith,DEN,877,15,3,1,4,0.0,0,0,0,0,0,0,0,0,0,0
Efe Obada,WSH,877,6,2,2,4,0.0,0,0,0,0,0,0,0,0,0,0
Josiah Deguara,JAX,877,13,2,2,4,0.0,0,0,0,0,0,0,0,0,0,0
Ty Johnson,BUF,877,15,4,0,4,0.0,0,0,0,0,0,0,0,0,0,0
Jacob Bobenmoyer,LV,877,15,3,1,4,0.0,0,0,0,0,0,0,0,0,0,0
Nick Westbrook-Ikhine,TEN,877,15,4,0,4,0.0,0,0,0,0,0,0,0,0,0,0
Charles Omenihu,KC,877,4,2,2,4,1.0,10,0,0,0,0,0,0,1,0,0
Ben Stille,ARI/TB,877,6,1,3,4,1.0,4,1,1,0,0,0,0,0,1,0
Boogie Basham,NYG,877,2,1,3,4,0.0,0,1,1,0,0,0,0,0,0,0
Khalid Kareem,ATL,877,2,2,2,4,0.0,0,0,0,0,0,0,0,0,0,0
Collin Johnson,CHI,877,7,2,2,4,0.0,0,0,0,0,0,0,0,0,0,0
Luke Farrell,JAX,877,15,4,0,4,0.0,0,0,0,0,0,0,0,0,0,0
Kenny Yeboah,NYJ,877,7,1,3,4,0.0,0,0,0,0,0,0,0,0,0,0
Ifeatu Melifonwu,DET,877,1,2,2,4,1.0,2,1,0,0,0,0,0,0,0,0
Esezi Otomewo,JAX,877,4,0,4,4,0.5,2,0,0,0,0,0,0,0,0,0
Charlie Kolar,BAL,877,12,2,2,4,0.0,0,0,0,0,0,0,0,0,0,0
Ty Chandler,MIN,877,15,3,1,4,0.0,0,0,0,0,0,0,0,0,0,0
Cade Otton,TB,877,14,4,0,4,0.0,0,0,0,0,0,0,0,0,0,0
Patrick Johnson,NYG/PHI,877,13,1,3,4,0.0,0,0,0,0,0,0,0,0,0,0
Mark Robinson,PIT,877,15,4,0,4,0.0,0,0,0,0,0,0,0,1,0,0
Amari Gainer,LV,877,15,2,2,4,0.0,0,0,0,0,0,0,0,0,0,0
Chig Okonkwo,TEN,877,15,3,1,4,0.0,0,0,0,0,0,0,0,0,0,0
Colson Yankoff,WSH,877,6,2,2,4,0.0,0,0,0,0,0,0,0,0,0,0
Cameron Thomas,KC/CLE,877,7,1,3,4,0.0,0,1,0,0,0,0,0,0,0,0
Daniel Bellinger,NYG,877,15,2,2,4,0.0,0,0,0,0,0,0,0,0,0,0
Julian Hill,MIA,877,14,1,3,4,0.0,0,0,0,0,0,0,0,0,0,0
Kenneth Gainwell,PHI,877,15,4,0,4,0.0,0,0,0,0,0,0,0,0,0,0
Hassan Haskins,LAC,877,15,1,3,4,0.0,0,0,0,0,0,0,0,0,0,0
Luke Schoonmaker,DAL,877,15,2,2,4,0.0,0,0,0,0,0,0,0,0,0,0
Amon-Ra St. Brown,DET,877,15,4,0,4,0.0,0,0,0,0,0,0,0,0,0,0
Channing Tindall,MIA,877,9,3,1,4,0.0,0,0,0,0,0,0,0,0,0,0
DeMarvin Leal,PIT,877,5,2,2,4,0.0,0,0,0,0,0,0,0,0,0,0
Adisa Isaac,BAL,877,4,2,2,4,0.0,0,1,1,0,0,0,0,0,0,0
Drake London,ATL,877,15,4,0,4,0.0,0,0,0,0,0,0,0,0,0,0
Curtis Jacobs,NE,877,9,2,2,4,0.0,0,0,0,0,0,0,0,0,0,0
Tyler Goodson,IND,877,14,2,2,4,0.0,0,0,0,0,0,0,0,0,0,0
Cedric Johnson,CIN,877,7,2,2,4,0.0,0,0,0,0,0,0,0,0,0,0
Noah Sewell,CHI,877,9,3,1,4,0.0,0,0,0,0,0,0,0,1,0,0
Sean Tucker,TB,877,15,3,1,4,0.0,0,0,0,0,0,0,0,0,0,0
Jaxon Smith-Njigba,SEA,877,15,4,0,4,0.0,0,0,0,0,0,0,0,0,0,0
Jaylan Ford,NO,877,6,2,2,4,0.0,0,0,0,0,0,0,0,0,0,0
Jermaine Johnson,NYJ,877,2,4,0,4,0.0,0,1,0,0,0,0,0,0,0,0
Jordan Whittington,LAR,877,13,4,0,4,0.0,0,0,0,0,0,0,0,0,1,0
Drew Ogletree,IND,877,15,0,4,4,0.0,0,0,0,0,0,0,0,0,0,0
Morgan Cox,TEN,935,15,2,1,3,0.0,0,0,0,0,0,0,0,0,0,0
Tashaun Gipson Sr.,SF,935,7,2,1,3,0.0,0,0,1,0,0,0,0,0,0,0
Riley Dixon,DEN,935,15,2,1,3,0.0,0,0,0,0,0,0,0,0,0,0
T.Y. McGill,SF/CLE,935,2,1,2,3,0.0,0,0,0,0,0,0,0,0,0,0
Pharaoh Brown,SEA,935,13,1,2,3,0.0,0,0,0,0,0,0,0,0,0,0
Eric Saubert,SF,935,15,2,1,3,0.0,0,0,0,0,0,0,0,0,0,0
Josh Tupou,BAL,935,3,3,0,3,1.0,1,1,0,0,0,0,0,0,0,0
Desmond King II,BAL/HOU,935,3,2,1,3,0.0,0,0,0,0,0,0,0,0,0,0
George Kittle,SF,935,13,3,0,3,0.0,0,0,0,0,0,0,0,0,0,0
James Conner,ARI,935,15,2,1,3,0.0,0,0,0,0,0,0,0,1,0,0
Bruce Hector,NYJ,935,4,1,2,3,0.0,0,0,0,0,0,0,0,0,0,0
Zach Cunningham,DEN,935,5,1,2,3,0.0,0,0,0,0,0,0,0,0,0,0
Trent Sieg,DAL,935,15,2,1,3,0.0,0,0,0,0,0,0,0,0,0,0
Samaje Perine,KC,935,15,1,2,3,0.0,0,0,0,0,0,0,0,0,1,0
Ryan Neal,TB,935,1,2,1,3,0.0,0,0,0,0,0,0,0,0,0,0
Jalen Davis,CIN,935,2,2,1,3,0.0,0,0,0,0,0,0,0,0,0,0
Nick Chubb,CLE,935,8,3,0,3,0.0,0,0,0,0,0,0,0,0,0,0
Micah Abernathy,ATL,935,6,0,3,3,0.0,0,0,0,0,0,0,0,0,0,0
Jakobi Meyers,LV,935,13,2,1,3,0.0,0,0,0,0,0,0,0,0,0,0
Joe Giles-Harris,NE,935,3,2,1,3,0.0,0,0,0,0,0,0,0,0,0,0
Alex Bachman,LV,935,6,3,0,3,0.0,0,0,0,0,0,0,0,0,0,0
Josh Oliver,MIN,935,13,3,0,3,0.0,0,0,0,0,0,0,0,0,0,0
C.J. Ham,MIN,935,15,1,2,3,0.0,0,0,0,0,0,0,0,0,1,0
Rashid Shaheed,NO,935,6,3,0,3,0.0,0,0,0,0,0,0,0,0,0,0
Jonah Williams,LAR/MIN/DET,935,9,1,2,3,0.0,0,1,0,0,0,0,0,0,0,0
Dicaprio Bootle,LAC,935,7,2,1,3,0.0,0,0,0,0,0,0,0,0,0,0
Derrick Brown,CAR,935,1,1,2,3,0.0,0,0,0,0,0,0,0,0,0,0
Leki Fotu,NYJ,935,2,1,2,3,0.0,0,0,0,0,0,0,0,0,0,0
Joe Bachie,CIN,935,12,3,0,3,0.0,0,0,0,0,0,0,0,0,0,0
Patrick Taylor Jr.,SF,935,11,3,0,3,0.0,0,0,0,0,0,0,0,0,0,0
Reggie Gilliam,BUF,935,13,1,2,3,0.0,0,0,0,0,0,0,0,0,0,0
Tanner Conner,MIA,935,8,3,0,3,0.0,0,0,0,0,0,0,0,0,0,0
Nicholas Morrow,BUF,935,11,0,3,3,0.0,0,0,0,0,0,0,0,0,0,0
Hunter Long,LAR,935,15,2,1,3,0.0,0,0,0,0,0,0,0,0,0,0
CeeDee Lamb,DAL,935,15,3,0,3,0.0,0,0,0,0,0,0,0,0,0,0
Isaiah Thomas,DET,935,2,0,3,3,0.0,0,0,0,0,0,0,0,0,1,0
Ronnie Rivers,LAR,935,15,1,2,3,0.0,0,0,0,0,0,0,0,0,0,0
Quintin Morris,BUF,935,14,1,2,3,0.0,0,0,0,0,0,0,0,0,0,0
Ty Okada,SEA,935,4,1,2,3,0.0,0,0,0,0,0,0,0,0,0,0
Christian Watson,GB,935,13,3,0,3,0.0,0,0,0,0,0,0,0,0,0,0
Isaac Ukwu,DET,935,2,2,1,3,0.0,0,0,0,0,0,0,0,0,0,0
Pierre Strong Jr.,CLE,935,13,3,0,3,0.0,0,0,0,0,0,0,0,0,0,0
Stone Smartt,LAC,935,13,2,1,3,0.0,0,0,0,0,0,0,0,0,0,0
Raheem Layne,NYG,935,2,3,0,3,0.0,0,0,0,0,0,0,0,0,0,0
Tre Avery,TEN,935,9,3,0,3,0.0,0,0,0,0,0,0,0,0,0,0
Raheem Blackshear,CAR,935,14,2,1,3,0.0,0,0,0,0,0,0,0,0,0,0
KJ Henry,CIN/DAL,935,4,1,2,3,1.0,9,1,0,0,0,0,0,0,0,0
Nick Hampton,LAR,935,14,2,1,3,0.0,0,0,1,0,0,0,0,0,0,0
Kana'i Mauga,LV,935,11,2,1,3,0.0,0,0,0,0,0,0,0,0,0,0
Brevyn Spann-Ford,DAL,935,15,2,1,3,0.0,0,0,0,0,0,0,0,0,0,0
Taki Taimani,MIN,935,7,1,2,3,0.0,0,0,0,0,0,0,0,0,0,0
Isaiah Stalbird,NO,935,3,1,2,3,0.0,0,0,0,0,0,0,0,0,0,0
Ochaun Mathis,NE/PHI,935,6,2,1,3,0.0,0,0,0,0,0,0,0,1,0,0
DJ Ivey,CIN,935,9,3,0,3,0.0,0,0,1,0,0,0,0,0,0,0
Tank Dell,HOU,935,14,3,0,3,0.0,0,0,0,0,0,0,0,0,0,0
Dylan Laube,LV,935,8,1,2,3,0.0,0,0,0,0,0,0,0,0,0,0
DJ Coleman,JAX,935,1,1,2,3,0.0,0,0,0,0,0,0,0,0,0,0
Ben VanSumeren,PHI,935,11,3,0,3,0.0,0,0,0,0,0,0,0,0,0,0
Elijah Moore,CLE,935,15,3,0,3,0.0,0,0,0,0,0,0,0,0,0,0
Khristian Boyd,NO,935,6,2,1,3,0.0,0,0,0,0,0,0,0,0,0,0
Zach Charbonnet,SEA,935,15,2,1,3,0.0,0,0,0,0,0,0,0,0,0,0
Brandon Dorlus,ATL,935,2,1,2,3,0.0,0,0,0,0,0,0,0,0,0,0
Jamal Hill,HOU,935,7,1,2,3,0.0,0,0,0,0,0,0,0,0,0,0
De'Antre Prince,JAX,935,9,2,1,3,0.0,0,0,0,0,0,0,0,0,0,0
Tre Tucker,LV,935,15,2,1,3,0.0,0,0,0,0,0,0,0,0,0,0
Jammie Robinson,CAR,935,6,2,1,3,0.0,0,0,0,0,0,0,0,0,0,0
Brock Bowers,LV,935,15,3,0,3,0.0,0,0,0,0,0,0,0,0,0,0
Kenneth Walker III,SEA,935,11,3,0,3,0.0,0,0,0,0,0,0,0,0,0,0
Jaylen Mahoney,SF,935,3,1,2,3,0.0,0,0,0,0,0,0,0,0,0,0
Jerrick Reed II,SEA,935,5,2,1,3,0.0,0,0,0,0,0,0,0,0,0,0
Hogan Hatten,DET,935,15,1,2,3,0.0,0,0,0,0,0,0,0,0,0,0
Brandon Codrington,BUF,935,15,3,0,3,0.0,0,0,1,0,0,0,0,0,0,0
Darrell Luter Jr.,SF,935,3,1,2,3,0.0,0,0,0,0,0,0,0,1,0,0
Xavier Hutchinson,HOU,935,14,1,2,3,0.0,0,0,0,0,0,0,0,0,0,0
Myles Harden,CLE,935,2,2,1,3,0.0,0,0,0,0,0,0,0,0,0,0
Isaiah Bolden,NE,935,12,2,1,3,0.0,0,0,0,0,0,0,0,0,1,0
Caleb Murphy,LAC/TEN,935,5,2,1,3,0.0,0,0,0,0,0,0,0,0,0,0
Dee Williams,SEA/NYG,935,13,2,1,3,0.0,0,0,0,0,0,0,0,0,0,0
Ryan Flournoy,DAL,935,9,3,0,3,0.0,0,0,0,0,0,0,0,0,0,0
Lawrence Guy,CIN,1014,4,0,2,2,0.0,0,0,0,0,0,0,0,0,0,0
Andrew DePaola,MIN,1014,11,0,2,2,0.0,0,0,0,0,0,0,0,0,0,0
Zach Ertz,WSH,1014,15,2,0,2,0.0,0,0,0,0,0,0,0,0,0,0
Davante Adams,LV/NYJ,1014,12,2,0,2,0.0,0,0,0,0,0,0,0,0,0,0
Luke Rhodes,IND,1014,15,2,0,2,0.0,0,0,0,0,0,0,0,0,0,0
Zach Wood,NO,1014,14,1,1,2,0.0,0,0,0,0,0,0,0,0,0,0
Joe Thuney,KC,1014,15,2,0,2,0.0,0,0,0,0,0,0,0,0,0,0
Chris Conley,SF,1014,13,2,0,2,0.0,0,0,0,0,0,0,0,0,0,0
Justin Hardee Sr.,TEN,1014,7,1,1,2,0.0,0,0,0,0,0,0,0,0,0,0
Thomas Hennessy,NYJ,1014,15,1,1,2,0.0,0,0,0,0,0,0,0,0,0,0
Mack Hollins,BUF,1014,15,1,1,2,0.0,0,0,0,0,0,0,0,0,1,0
Eli Apple,LAC,1014,4,2,0,2,0.0,0,0,1,0,0,0,0,0,0,0
Aaron Jones,MIN,1014,15,2,0,2,0.0,0,0,0,0,0,0,0,0,0,0
Demarcus Robinson,LAR,1014,15,2,0,2,0.0,0,0,0,0,0,0,0,0,0,0
Kendal Vickers,NO,1014,1,1,1,2,0.0,0,0,0,0,0,0,0,0,0,0
Mike Williams,PIT/NYJ,1014,16,2,0,2,0.0,0,0,0,0,0,0,0,0,0,0
Durham Smythe,MIA,1014,15,2,0,2,0.0,0,0,0,0,0,0,0,0,0,0
Chris Godwin,TB,1014,7,2,0,2,0.0,0,0,0,0,0,0,0,0,0,0
Tyreek Hill,MIA,1014,15,2,0,2,0.0,0,0,0,0,0,0,0,0,0,0
Curtis Samuel,BUF,1014,13,2,0,2,0.0,0,0,0,0,0,0,0,0,0,0
Marcus Davenport,DET,1014,2,1,1,2,0.5,4,0,0,0,0,0,0,0,0,0
Drew Sample,CIN,1014,15,1,1,2,0.0,0,0,0,0,0,0,0,1,0,0
Courtland Sutton,DEN,1014,15,2,0,2,0.0,0,0,0,0,0,0,0,0,0,0
Kyle Peko,DET,1014,5,1,1,2,0.0,0,1,0,0,0,0,0,0,0,0
Kolton Miller,LV,1014,15,2,0,2,0.0,0,0,0,0,0,0,0,0,0,0
Ronnie Harrison Jr.,IND,1014,8,2,0,2,0.0,0,0,0,0,0,0,0,1,0,0
Patrick Mekari,BAL,1014,15,2,0,2,0.0,0,0,0,0,0,0,0,0,0,0
Christian Kirk,JAX,1014,8,2,0,2,0.0,0,0,0,0,0,0,0,0,0,0
Rock Ya-Sin,SF,1014,11,2,0,2,0.0,0,0,1,0,0,0,0,0,0,0
Sam Darnold,MIN,1014,15,1,1,2,0.0,0,0,0,0,0,0,0,0,0,0
Rex Sunahara,CLE,1014,10,1,1,2,0.0,0,0,0,0,0,0,0,0,0,0
Joe Gaziano,JAX,1014,2,1,1,2,0.0,0,0,0,0,0,0,0,0,0,0
Lamar Jackson,BAL,1014,15,2,0,2,0.0,0,0,0,0,0,0,0,0,0,0
T.J. Smith,CAR,1014,3,0,2,2,0.0,0,0,0,0,0,0,0,0,0,0
Robert Hunt,CAR,1014,15,2,0,2,0.0,0,0,0,0,0,0,0,0,0,0
Alec Ingold,MIA,1014,13,1,1,2,0.0,0,0,0,0,0,0,0,0,0,0
Andrew Wingard,JAX,1014,6,2,0,2,0.0,0,0,3,0,0,0,0,0,0,0
Calvin Ridley,TEN,1014,15,2,0,2,0.0,0,0,0,0,0,0,0,0,0,0
Ross Matiscik,JAX,1014,15,1,1,2,0.0,0,0,0,0,0,0,0,0,0,0
Elerson G. Smith,CLE,1014,2,1,1,2,0.0,0,0,0,0,0,0,0,0,0,0
Robert Rochell,GB,1014,8,2,0,2,0.0,0,0,0,0,0,0,0,0,1,0
Ko Kieft,TB,1014,15,2,0,2,0.0,0,0,0,0,0,0,0,0,0,0
Jack Stoll,MIA/PHI,1014,9,2,0,2,0.0,0,0,0,0,0,0,0,0,0,0
Kene Nwangwu,NYJ,1014,2,1,1,2,0.0,0,0,0,0,0,0,0,1,0,0
Michael Pittman Jr.,IND,1014,14,2,0,2,0.0,0,0,0,0,0,0,0,0,0,0
Khalil Herbert,CHI/CIN,1014,12,1,1,2,0.0,0,0,0,0,0,0,0,0,0,0
Noah Fant,SEA,1014,12,2,0,2,0.0,0,0,0,0,0,0,0,0,0,0
Jalen Virgil,BUF,1014,7,2,0,2,0.0,0,0,0,0,0,0,0,0,1,0
Cole Christiansen,KC,1014,9,2,0,2,0.0,0,0,0,0,0,0,0,0,0,0
Teven Jenkins,CHI,1014,14,2,0,2,0.0,0,0,0,0,0,0,0,0,0,0
Lil'Jordan Humphrey,DEN,1014,15,2,0,2,0.0,0,0,0,0,0,0,0,0,0,0
Jonathan Ward,PIT,1014,4,1,1,2,0.0,0,0,0,0,0,0,0,0,0,0
Michael Jordan,NE,1014,12,2,0,2,0.0,0,0,0,0,0,0,0,0,0,0
Harrison Bryant,LV,1014,11,2,0,2,0.0,0,0,0,0,0,0,0,0,0,0
John Bates,WSH,1014,15,1,1,2,0.0,0,0,0,0,0,0,0,0,0,0
Tristan Wirfs,TB,1014,14,1,1,2,0.0,0,0,0,0,0,0,0,0,0,0
Damarri Mathis,DEN,1014,8,0,2,2,0.0,0,0,1,0,0,0,0,0,0,0
Cal Adomitis,CIN,1014,15,2,0,2,0.0,0,0,0,0,0,0,0,0,0,0
Tylan Wallace,BAL,1014,15,1,1,2,0.0,0,0,0,0,0,0,0,0,0,0
Neil Farrell,MIA,1014,7,1,1,2,0.0,0,0,0,0,0,0,0,0,0,0
Faion Hicks,SEA,1014,2,1,1,2,0.0,0,0,0,0,0,0,0,0,0,0
Jake Ferguson,DAL,1014,12,2,0,2,0.0,0,0,0,0,0,0,0,0,0,0
John Samuel Shenker,LV,1014,6,2,0,2,0.0,0,0,0,0,0,0,0,0,0,0
Jordan Mims,NO,1014,9,0,2,2,0.0,0,0,0,0,0,0,0,0,0,0
Marquise Blair,SEA,1014,1,2,0,2,0.0,0,0,0,0,0,0,0,0,0,0
Keith Taylor Jr.,KC,1014,9,0,2,2,0.0,0,0,0,0,0,0,0,0,0,0
Gabe Davis,JAX,1014,10,2,0,2,0.0,0,0,0,0,0,0,0,0,0,0
Akayleb Evans,MIN,1014,7,1,1,2,0.0,0,0,0,0,0,0,0,0,0,0
Tony Fields II,CLE,1014,1,1,1,2,0.0,0,0,0,0,0,0,0,0,0,0
Mike Greene,TB,1014,3,0,2,2,0.0,0,0,0,0,0,0,0,0,0,0
Nico Collins,HOU,1014,10,1,1,2,0.0,0,0,0,0,0,0,0,0,0,0
Peyton Hendershot,KC,1014,5,1,1,2,0.0,0,0,0,0,0,0,0,0,0,0
Bo Melton,GB,1014,14,1,1,2,0.0,0,0,0,0,0,0,0,0,1,0
Blake Grupe,NO,1014,14,2,0,2,0.0,0,0,0,0,0,0,0,0,0,0
Brandon Pili,MIA,1014,8,1,1,2,0.0,0,0,0,0,0,0,0,0,0,0
Brayden Willis,SF,1014,8,1,1,2,0.0,0,0,0,0,0,0,0,0,0,0
Shaka Heyward,CIN,1014,4,2,0,2,0.0,0,0,0,0,0,0,0,0,0,0
Simi Fehoko,LAC,1014,8,1,1,2,0.0,0,0,0,0,0,0,0,0,0,0
Chris Olave,NO,1014,8,2,0,2,0.0,0,0,0,0,0,0,0,0,0,0
Matt Araiza,KC,1014,15,2,0,2,0.0,0,0,0,0,0,0,0,0,0,0
Dyami Brown,WSH,1014,15,2,0,2,0.0,0,0,0,0,0,0,0,0,0,0
Patrick O'Connell,SEA,1014,5,0,2,2,0.0,0,0,0,0,0,0,0,0,0,0
Chris Smith,DET,1014,3,0,2,2,0.0,0,0,0,0,0,0,0,0,0,0
Charles Woods,LAR,1014,12,2,0,2,0.0,0,0,0,0,0,0,0,0,0,0
Payne Durham,TB,1014,14,0,2,2,0.0,0,0,0,0,0,0,0,0,0,0
Isaac Guerendo,SF,1014,14,0,2,2,0.0,0,0,0,0,0,0,0,0,0,0
Brennan Jackson,LAR,1014,5,2,0,2,0.0,0,0,0,0,0,0,0,0,0,0
Craig Reynolds,DET,1014,15,1,1,2,0.0,0,0,0,0,0,0,0,0,0,0
Roschon Johnson,CHI,1014,12,2,0,2,0.0,0,0,0,0,0,0,0,0,0,0
Jameson Williams,DET,1014,13,2,0,2,0.0,0,0,0,0,0,0,0,0,0,0
Puka Nacua,LAR,1014,10,2,0,2,0.0,0,0,0,0,0,0,0,0,0,0
Tatum Bethune,SF,1014,9,0,2,2,0.0,0,0,0,0,0,0,0,0,1,0
Kenny McIntosh,SEA,1014,15,1,1,2,0.0,0,0,0,0,0,0,0,0,0,0
Zion Logue,BUF,1014,2,2,0,2,0.0,0,0,0,0,0,0,0,0,0,0
Rashee Rice,KC,1014,4,2,0,2,0.0,0,0,0,0,0,0,0,1,0,0
Tyjae Spears,TEN,1014,11,2,0,2,0.0,0,0,0,0,0,0,0,0,0,0
Tank Bigsby,JAX,1014,14,2,0,2,0.0,0,0,0,0,0,0,0,0,0,0
Blake Corum,LAR,1014,15,1,1,2,0.0,0,0,0,0,0,0,0,0,0,0
Jordan Addison,MIN,1014,13,2,0,2,0.0,0,0,0,0,0,0,0,0,0,0
Trey Benson,ARI,1014,13,2,0,2,0.0,0,0,0,0,0,0,0,0,0,0
Sam LaPorta,DET,1014,14,2,0,2,0.0,0,0,0,0,0,0,0,0,0,0
Xavier Legette,CAR,1014,14,2,0,2,0.0,0,0,0,0,0,0,0,0,0,0
Jarius Monroe,NYJ,1014,3,0,2,2,0.0,0,0,0,0,0,0,0,0,0,0
Bijan Robinson,ATL,1014,15,2,0,2,0.0,0,0,0,0,0,0,0,0,0,0
Parker Washington,JAX,1014,15,2,0,2,0.0,0,0,0,0,0,0,0,0,0,0
John Metchie III,HOU,1014,11,2,0,2,0.0,0,0,0,0,0,0,0,0,0,0
Justin Eboigbe,LAC,1014,5,1,1,2,0.0,0,0,0,0,0,0,0,0,0,0
AJ Barner,SEA,1014,15,2,0,2,0.0,0,0,0,0,0,0,0,0,0,0
Mitchell Agude,DET,1014,2,1,1,2,0.0,0,0,0,0,0,0,0,1,0,0
Ladd McConkey,LAC,1014,14,2,0,2,0.0,0,0,0,0,0,0,0,0,0,0
Drew Sanders,DEN,1014,2,1,1,2,1.0,11,1,0,0,0,0,0,0,0,0
Marvin Mims Jr.,DEN,1014,15,2,0,2,0.0,0,0,0,0,0,0,0,0,0,0
Josh Downs,IND,1014,12,2,0,2,0.0,0,0,0,0,0,0,0,0,0,0
Jake Bates,DET,1014,15,2,0,2,0.0,0,0,0,0,0,0,0,0,0,0
Ben Sinnott,WSH,1014,15,2,0,2,0.0,0,0,0,0,0,0,0,0,0,0
Devontez Walker,BAL,1014,7,2,0,2,0.0,0,0,0,0,0,0,0,0,0,0
Julius Wood,TEN,1014,9,1,1,2,0.0,0,0,0,0,0,0,0,0,0,0
Daijahn Anthony,CIN,1014,11,2,0,2,0.0,0,0,1,0,0,0,0,0,0,0
Nick Folk,TEN,1132,14,1,0,1,0.0,0,0,0,0,0,0,0,0,0,0
Joe Flacco,IND,1132,6,0,1,1,0.0,0,0,0,0,0,0,0,0,0,0
Graham Gano,NYG,1132,8,1,0,1,0.0,0,0,0,0,0,0,0,0,0,0
Trent Williams,SF,1132,2,0,1,1,0.0,0,0,0,0,0,0,0,0,0,0
Bryan Anger,DAL,1132,15,1,0,1,0.0,0,0,0,0,0,0,0,0,0,0
Johnny Hekker,CAR,1132,15,0,1,1,0.0,0,0,0,0,0,0,0,0,0,0
Charley Hughlett,CLE,1132,5,1,0,1,0.0,0,0,0,0,0,0,0,0,0,0
Justin Tucker,BAL,1132,15,1,0,1,0.0,0,0,0,0,0,0,0,0,0,0
Greg Van Roten,NYG,1132,15,0,1,1,0.0,0,0,0,0,0,0,0,0,0,0
DeAndre Hopkins,KC/TEN,1132,15,1,0,1,0.0,0,0,0,0,0,0,0,0,0,0
Travis Kelce,KC,1132,15,1,0,1,0.0,0,0,0,0,0,0,0,0,0,0
Brandon McManus,GB,1132,8,1,0,1,0.0,0,0,0,0,0,0,0,0,0,0
Adam Thielen,CAR,1132,8,1,0,1,0.0,0,0,0,0,0,0,0,0,0,0
James Winchester,KC,1132,15,0,1,1,0.0,0,0,0,0,0,0,0,0,0,0
Mike Evans,TB,1132,12,1,0,1,0.0,0,0,0,0,0,0,0,0,0,0
Jordan Matthews,CAR,1132,4,0,1,1,0.0,0,0,0,0,0,0,0,0,0,0
Taysom Hill,NO,1132,8,1,0,1,0.0,0,1,0,0,0,0,0,1,0,0
Jason Myers,SEA,1132,15,1,0,1,0.0,0,0,0,0,0,0,0,0,0,0
MyCole Pruitt,PIT,1132,10,1,0,1,0.0,0,0,0,0,0,0,0,0,0,0
Chris Manhertz,NYG,1132,15,1,0,1,0.0,0,0,0,0,0,0,0,0,0,0
Brandon Allen,SF,1132,3,1,0,1,0.0,0,0,0,0,0,0,0,0,0,0
C.J. Uzomah,PHI,1132,6,0,1,1,0.0,0,0,0,0,0,0,0,0,0,0
Angelo Blackson,ARI,1132,1,1,0,1,0.0,0,0,0,0,0,0,0,0,0,0
Robbie Chosen,MIA,1132,2,1,0,1,0.0,0,0,0,0,0,0,0,0,0,0
Shaq Mason,HOU,1132,15,1,0,1,0.0,0,0,0,0,0,0,0,0,0,0
Dak Prescott,DAL,1132,8,0,1,1,0.0,0,0,0,0,0,0,0,0,0,0
Jameis Winston,CLE,1132,12,1,0,1,0.0,0,0,0,0,0,0,0,0,0,0
Ka'imi Fairbairn,HOU,1132,15,1,0,1,0.0,0,0,0,0,0,0,0,0,0,0
Kevon Seymour,WSH,1132,2,1,0,1,0.0,0,0,0,0,0,0,0,0,0,0
Patrick Ricard,BAL,1132,15,0,1,1,0.0,0,0,0,0,0,0,0,0,0,0
Alex Barrett,SF,1132,1,1,0,1,0.0,0,0,0,0,0,0,0,0,0,0
Stefon Diggs,HOU,1132,8,1,0,1,0.0,0,0,0,0,0,0,0,0,0,0
Reid Ferguson,BUF,1132,15,1,0,1,0.0,0,0,0,0,0,0,0,0,0,0
Mark Glowinski,IND,1132,3,1,0,1,0.0,0,0,0,0,0,0,0,0,0,0
Bradley Pinion,ATL,1132,15,1,0,1,0.0,0,0,0,0,0,0,0,0,0,0
Zach Pascal,ARI,1132,15,1,0,1,0.0,0,0,0,0,0,0,0,0,0,0
Isaac Seumalo,PIT,1132,11,1,0,1,0.0,0,0,0,0,0,0,0,0,0,0
Christian Kuntz,PIT,1132,15,0,1,1,0.0,0,0,0,0,0,0,0,0,0,0
Jack Conklin,CLE,1132,10,1,0,1,0.0,0,0,0,0,0,0,0,0,0,0
Jamaal Williams,NO,1132,11,1,0,1,0.0,0,0,0,0,0,0,0,0,0,0
Ethan Pocic,CLE,1132,14,0,1,1,0.0,0,0,0,0,0,0,0,0,0,0
Austin Hooper,NE,1132,15,1,0,1,0.0,0,0,0,0,0,0,0,0,0,0
Tyler Boyd,TEN,1132,15,1,0,1,0.0,0,0,0,0,0,0,0,0,0,0
Geoff Swaim,CLE,1132,8,1,0,1,0.0,0,0,0,0,0,0,0,0,0,0
Jared Goff,DET,1132,15,1,0,1,0.0,0,0,0,0,0,0,0,0,0,0
Aaron Stinnie,NYG,1132,14,0,1,1,0.0,0,0,0,0,0,0,0,0,0,0
Anthony Firkser,KC/NYJ,1132,7,1,0,1,0.0,0,0,0,0,0,0,0,0,0,0
Younghoe Koo,ATL,1132,14,0,1,1,0.0,0,0,0,0,0,0,0,0,0,0
Ezekiel Elliott,DAL,1132,14,0,1,1,0.0,0,0,0,0,0,0,0,0,0,0
Marquez Valdes-Scantling,BUF/NO,1132,12,1,0,1,0.0,0,0,0,0,0,0,0,0,0,0
Evan Engram,JAX,1132,9,1,0,1,0.0,0,0,0,0,0,0,0,0,0,0
Artie Burns,SEA,1132,2,1,0,1,0.0,0,0,2,0,0,0,0,0,0,0
River Cracraft,MIA,1132,6,1,0,1,0.0,0,0,0,0,0,0,0,0,0,0
Jonnu Smith,MIA,1132,15,0,1,1,0.0,0,0,0,0,0,0,0,0,0,0
Bradley Bozeman,LAC,1132,15,1,0,1,0.0,0,0,0,0,0,0,0,0,0,0
Alvin Kamara,NO,1132,14,1,0,1,0.0,0,0,0,0,0,0,0,0,0,0
Alex Cappa,CIN,1132,15,1,0,1,0.0,0,0,0,0,0,0,0,0,0,0
Jermaine Eluemunor,NYG,1132,13,0,1,1,0.0,0,0,0,0,0,0,0,0,0,0
Cam Robinson,MIN/JAX,1132,15,1,0,1,0.0,0,0,0,0,0,0,0,0,0,0
Jakob Johnson,NYG,1132,3,0,1,1,0.0,0,0,0,0,0,0,0,0,0,0
Logan Cooke,JAX,1132,15,1,0,1,0.0,0,0,0,0,0,0,0,0,0,0
Elgton Jenkins,GB,1132,14,1,0,1,0.0,0,0,0,0,0,0,0,0,0,0
Joe Mixon,HOU,1132,12,1,0,1,0.0,0,0,0,0,0,0,0,0,0,0
Ross Dwelley,ATL,1132,15,0,1,1,0.0,0,0,0,0,0,0,0,0,0,0
JuJu Smith-Schuster,KC,1132,12,1,0,1,0.0,0,0,0,0,0,0,0,0,0,0
Dallas Goedert,PHI,1132,9,1,0,1,0.0,0,0,0,0,0,0,0,0,0,0
Terry McLaurin,WSH,1132,15,1,0,1,0.0,0,0,0,0,0,0,0,0,0,0
Khari Blasingame,CHI/PHI,1132,5,1,0,1,0.0,0,0,0,0,0,0,0,0,0,0
Jackson Barton,ARI,1132,3,1,0,1,0.0,0,0,0,0,0,0,0,0,0,0
Braxton Berrios,MIA,1132,6,1,0,1,0.0,0,0,0,0,0,0,0,0,0,0
Oshane Ximines,NE,1132,2,0,1,1,0.0,0,0,0,0,0,0,0,0,0,0
Jason Sanders,MIA,1132,15,1,0,1,0.0,0,0,0,0,0,0,0,0,0,0
Nik Needham,MIA,1132,2,0,1,1,0.0,0,0,0,0,0,0,0,0,0,0
Deebo Samuel Sr.,SF,1132,14,1,0,1,0.0,0,0,0,0,0,0,0,0,0,0
Josh Woods,ATL,1132,3,1,0,1,0.0,0,0,0,0,0,0,0,0,0,0
Allen Lazard,NYJ,1132,10,1,0,1,0.0,0,0,0,0,0,0,0,0,0,0
Evan Brown,ARI,1132,15,0,1,1,0.0,0,0,0,0,0,0,0,0,0,0
Matthew Wright,KC/SF,1132,3,1,0,1,0.0,0,0,0,0,0,0,0,0,0,0
Jordan Akins,CLE,1132,15,1,0,1,0.0,0,0,0,0,0,0,0,0,0,0
D'Ernest Johnson,JAX,1132,12,0,1,1,0.0,0,0,0,0,0,0,0,0,0,0
Chris Brooks,GB,1132,12,0,1,1,0.0,0,0,0,0,0,0,0,0,0,0
Chris Lindstrom,ATL,1132,15,1,0,1,0.0,0,0,0,0,0,0,0,0,0,0
KaVontae Turpin,DAL,1132,15,1,0,1,0.0,0,0,0,0,0,0,0,0,0,0
Tanner Muse,JAX,1132,3,0,1,1,0.0,0,0,0,0,0,0,0,0,0,0
Connor Williams,SEA,1132,9,0,1,1,0.0,0,0,0,0,0,0,0,0,0,0
Blake Ferguson,MIA,1132,5,0,1,1,0.0,0,0,0,0,0,0,0,0,0,0
Jauan Jennings,SF,1132,13,1,0,1,0.0,0,0,0,0,0,0,0,0,0,0
Scotty Miller,PIT,1132,12,1,0,1,0.0,0,0,0,0,0,0,0,0,0,0
DJ Moore,CHI,1132,15,1,0,1,0.0,0,0,0,0,0,0,0,0,0,0
Duke Shelley,NYG,1132,1,1,0,1,0.0,0,0,0,0,0,0,0,0,0,0
Tony Pollard,TEN,1132,15,1,0,1,0.0,0,0,0,0,0,0,0,0,0,0
James Proche II,CLE,1132,7,1,0,1,0.0,0,0,0,0,0,0,0,0,0,0
Tyler Bass,BUF,1132,15,1,0,1,0.0,0,0,0,0,0,0,0,0,0,0
Kevin Dotson,LAR,1132,15,1,0,1,0.0,0,0,0,0,0,0,0,0,0,0
Daniel Jones,NYG,1132,10,1,0,1,0.0,0,0,0,0,0,0,0,0,0,0
Josh Allen,BUF,1132,15,1,0,1,0.0,0,0,0,0,0,0,0,0,0,0
Britain Covey,PHI,1132,5,1,0,1,0.0,0,0,0,0,0,0,0,0,0,0
Saquon Barkley,PHI,1132,15,1,0,1,0.0,0,0,0,0,0,0,0,0,0,0
Michael Dickson,SEA,1132,15,1,0,1,0.0,0,0,0,0,0,0,0,0,0,0
Jake Bailey,MIA,1132,15,1,0,1,0.0,0,0,0,0,0,0,0,0,0,0
Diontae Johnson,BAL/CAR,1132,11,1,0,1,0.0,0,0,0,0,0,0,0,0,0,0
Bobby Price,WSH,1132,2,0,1,1,0.0,0,0,0,0,0,0,0,0,0,0
Jawaan Taylor,KC,1132,15,1,0,1,0.0,0,0,0,0,0,0,0,0,0,0
Trayveon Williams,CIN,1132,15,1,0,1,0.0,0,0,0,0,0,0,0,0,0,0
Zack Moss,CIN,1132,8,0,1,1,0.0,0,0,0,0,0,0,0,0,0,0
Mitch Wishnowsky,SF,1132,9,1,0,1,0.0,0,0,0,0,0,0,0,0,0,0
Justice Hill,BAL,1132,15,1,0,1,0.0,0,0,0,0,0,0,0,0,0,0
Justin Herbert,LAC,1132,15,1,0,1,0.0,0,0,0,0,0,0,0,0,0,0
Luke Wattenberg,DEN,1132,11,1,0,1,0.0,0,0,0,0,0,0,0,0,0,0
Devin Duvernay,JAX,1132,11,1,0,1,0.0,0,0,0,0,0,0,0,0,0,0
Corey Bojorquez,CLE,1132,15,1,0,1,0.0,0,0,0,0,0,0,0,0,0,0
Jalen Hurts,PHI,1132,15,1,0,1,0.0,0,0,0,0,0,0,0,0,0,0
Devin Singletary,NYG,1132,13,1,0,1,0.0,0,0,0,0,0,0,0,0,0,0
Dillon Radunz,TEN,1132,14,1,0,1,0.0,0,0,0,0,0,0,0,0,0,0
Cordell Volson,CIN,1132,15,0,1,1,0.0,0,0,0,0,0,0,0,0,0,0
William Kwenkeu,BAL,1132,2,0,1,1,0.0,0,0,0,0,0,0,0,0,0,0
Curtis Robinson,SF,1132,3,1,0,1,0.0,0,0,0,0,0,0,0,0,0,0
Miles Sanders,CAR,1132,10,1,0,1,0.0,0,0,0,0,0,0,0,0,0,0
Blake Gillikin,ARI,1132,13,1,0,1,0.0,0,0,0,0,0,0,0,0,0,0
Josh Jacobs,GB,1132,14,1,0,1,0.0,0,0,0,0,0,0,0,0,0,0
A.J. Brown,PHI,1132,12,1,0,1,0.0,0,0,0,0,0,0,0,0,0,0
Alexander Mattison,LV,1132,12,0,1,1,0.0,0,0,0,0,0,0,0,0,0,0
Ryan Van Demark,BUF,1132,12,1,0,1,0.0,0,0,0,0,0,0,0,0,0,0
Tee Higgins,CIN,1132,10,1,0,1,0.0,0,0,0,0,0,0,0,0,0,0
Travis Etienne Jr.,JAX,1132,13,1,0,1,0.0,0,0,0,0,0,0,0,0,0,0
Cam Akers,HOU/MIN,1132,15,0,1,1,0.0,0,0,0,0,0,0,0,0,0,0
Trenton Gill,TB,1132,8,0,1,1,0.0,0,0,0,0,0,0,0,0,0,0
Noah Gray,KC,1132,15,1,0,1,0.0,0,0,0,0,0,0,0,0,0,0
Brock Hoffman,DAL,1132,15,1,0,1,0.0,0,0,0,0,0,0,0,0,0,0
Grant Calcaterra,PHI,1132,15,0,1,1,0.0,0,0,0,0,0,0,0,0,0,0
Trey Sermon,IND,1132,15,1,0,1,0.0,0,0,0,0,0,0,0,0,0,0
Brian Robinson Jr.,WSH,1132,12,0,1,1,0.0,0,0,0,0,0,0,0,0,0,0
DeVonta Smith,PHI,1132,12,1,0,1,0.0,0,0,0,0,0,0,0,0,0,0
Tua Tagovailoa,MIA,1132,11,1,0,1,0.0,0,0,0,0,0,0,0,0,0,0
Jedrick Wills Jr.,CLE,1132,5,1,0,1,0.0,0,0,0,0,0,0,0,0,0,0
Nephi Sewell,NO,1132,4,1,0,1,0.0,0,0,0,0,0,0,0,0,0,0
Cody White,SEA,1132,4,0,1,1,0.0,0,0,0,0,0,0,0,0,0,0
Josh Myers,GB,1132,13,0,1,1,0.0,0,0,0,0,0,0,0,0,0,0
Jonathan Taylor,IND,1132,12,1,0,1,0.0,0,0,0,0,0,0,0,0,0,0
Aaron Banks,SF,1132,13,0,1,1,0.0,0,0,0,0,0,0,0,0,0,0
Princeton Fant,DAL,1132,7,0,1,1,0.0,0,0,0,0,0,0,0,0,0,0
Trey Smith,KC,1132,15,1,0,1,0.0,0,0,0,0,0,0,0,0,0,0
Drew Dalman,ATL,1132,7,1,0,1,0.0,0,0,0,0,0,0,0,0,0,0
Tucker Fisk,LAC,1132,7,1,0,1,0.0,0,0,0,0,0,0,0,0,0,0
Dylan Parham,LV,1132,13,1,0,1,0.0,0,0,0,0,0,0,0,0,0,0
Tim Jones,JAX,1132,15,0,1,1,0.0,0,0,0,0,0,0,0,0,0,0
McClendon Curtis,SEA,1132,4,1,0,1,0.0,0,0,0,0,0,0,0,0,0,0
Matt Gay,IND,1132,14,0,1,1,0.0,0,0,0,0,0,0,0,0,0,0
Andre Jones Jr.,WSH,1132,2,1,0,1,0.0,0,0,0,0,0,0,0,0,0,0
Jalen Tolbert,DAL,1132,15,1,0,1,0.0,0,0,0,0,0,0,0,0,0,0
Andre' Sam,PHI,1132,1,0,1,1,0.0,0,0,0,0,0,0,0,0,0,0
Demontrey Jacobs,NE,1132,13,1,0,1,0.0,0,0,0,0,0,0,0,0,0,0
Rodney Williams,PIT,1132,6,1,0,1,0.0,0,0,0,0,0,0,0,0,0,0
Jake Tonges,SF,1132,14,1,0,1,0.0,0,0,0,0,0,0,0,0,0,0
Aidan O'Connell,LV,1132,7,0,1,1,0.0,0,0,0,0,0,0,0,0,0,0
Darren Hall,ARI,1132,4,1,0,1,0.0,0,0,0,0,0,0,0,0,0,0
Justin Jefferson,MIN,1132,15,1,0,1,0.0,0,0,0,0,0,0,0,0,0,0
Troy Hairston,HOU,1132,2,1,0,1,0.0,0,0,0,0,0,0,0,0,0,0
Jordan Mailata,PHI,1132,11,1,0,1,0.0,0,0,0,0,0,0,0,0,0,0
Michael Woods II,CLE,1132,4,0,1,1,0.0,0,0,0,0,0,0,0,0,0,0
Dameon Pierce,HOU,1132,9,1,0,1,0.0,0,0,0,0,0,0,0,0,0,0
Antonio Gibson,NE,1132,15,1,0,1,0.0,0,0,0,0,0,0,0,0,0,0
Trevor Lawrence,JAX,1132,10,1,0,1,0.0,0,0,0,0,0,0,0,0,0,0
Jackson Carman,MIA,1132,6,1,0,1,0.0,0,0,0,0,0,0,0,0,0,0
Tyrone Tracy Jr.,NYG,1132,15,1,0,1,0.0,0,0,0,0,0,0,0,0,0,0
Trevor Denbow,IND,1132,8,1,0,1,0.0,0,0,0,0,0,0,0,0,0,0
Kendall Williamson,LAC,1132,1,1,0,1,0.0,0,0,0,0,0,0,0,0,0,0
Michael Wilson,ARI,1132,15,1,0,1,0.0,0,0,0,0,0,0,0,0,1,0
Brycen Tremayne,WSH,1132,1,0,1,1,0.0,0,0,0,0,0,0,0,0,0,0
Tutu Atwell,LAR,1132,15,1,0,1,0.0,0,0,0,0,0,0,0,0,0,0
Antonio Grier Jr.,TB,1132,7,1,0,1,0.0,0,0,0,0,0,0,0,0,0,0
Rashod Bateman,BAL,1132,15,1,0,1,0.0,0,0,0,0,0,0,0,0,0,0
David Martin-Robinson,TEN,1132,3,0,1,1,0.0,0,0,0,0,0,0,0,0,0,0
Isaiah Likely,BAL,1132,14,1,0,1,0.0,0,0,0,0,0,0,0,0,0,0
Jeremy Ruckert,NYJ,1132,15,1,0,1,0.0,0,0,0,0,0,0,0,0,0,0
Juice Scruggs,HOU,1132,12,1,0,1,0.0,0,0,0,0,0,0,0,0,0,0
Romeo Doubs,GB,1132,11,1,0,1,0.0,0,0,0,0,0,0,0,0,0,0
Evan Deckers,TB,1132,9,1,0,1,0.0,0,0,0,0,0,0,0,0,0,0
Brock Purdy,SF,1132,14,1,0,1,0.0,0,0,0,0,0,0,0,0,0,0
Anthony Johnson Jr.,NYG,1132,7,1,0,1,0.0,0,0,0,0,0,0,0,0,0,0
Tanner McCalister,DEN,1132,3,0,1,1,0.0,0,0,0,0,0,0,0,0,0,0
Christian Darrisaw,MIN,1132,7,0,1,1,0.0,0,0,0,0,0,0,0,0,0,0
Cameron Dicker,LAC,1132,15,1,0,1,0.0,0,0,0,0,0,0,0,0,0,0
Keaontay Ingram,KC,1132,1,0,1,1,0.0,0,0,0,0,0,0,0,0,0,0
Bernhard Raimann,IND,1132,12,1,0,1,0.0,0,0,0,0,0,0,0,0,0,0
Kelvin Joseph,IND,1132,2,1,0,1,0.0,0,0,0,0,0,0,0,0,0,0
Damien Lewis,CAR,1132,14,1,0,1,0.0,0,0,0,0,0,0,0,0,0,0
Ben Brown,NE,1132,10,1,0,1,0.0,0,0,0,0,0,0,0,0,0,0
Brodric Martin,DET,1132,2,0,1,1,0.0,0,0,0,0,0,0,0,0,0,0
Dante Miller,NYG,1132,2,0,1,1,0.0,0,0,0,0,0,0,0,0,0,0
Julius Chestnut,TEN,1132,15,0,1,1,0.0,0,0,0,0,0,0,0,0,1,0
Andrei Iosivas,CIN,1132,15,1,0,1,0.0,0,0,0,0,0,0,0,0,0,0
Mason McCormick,PIT,1132,15,1,0,1,0.0,0,0,0,0,0,0,0,0,0,0
Jaylen Waddle,MIA,1132,14,0,1,1,0.0,0,0,0,0,0,0,0,0,0,0
Kevin Austin Jr.,NO,1132,5,1,0,1,0.0,0,0,0,0,0,0,0,0,0,0
British Brooks,HOU,1132,5,1,0,1,0.0,0,0,0,0,0,0,0,0,0,0
Dallin Holker,NO,1132,9,0,1,1,0.0,0,0,0,0,0,0,0,0,0,0
Kitan Oladapo,GB,1132,6,0,1,1,0.0,0,0,0,0,0,0,0,0,0,0
Luke Goedeke,TB,1132,11,1,0,1,0.0,0,0,0,0,0,0,0,0,0,0
Trey Lance,DAL,1132,2,1,0,1,0.0,0,0,0,0,0,0,0,0,0,0
Matt Orzech,GB,1132,14,1,0,1,0.0,0,0,0,0,0,0,0,0,0,0
Anthony Pittman,DET/JAX,1132,2,1,0,1,0.0,0,0,0,0,0,0,0,0,0,0
Jayden Daniels,WSH,1132,15,0,1,1,0.0,0,0,0,0,0,0,0,0,0,0
George Pickens,PIT,1132,12,1,0,1,0.0,0,0,0,0,0,0,0,0,0,0
Ramel Keyton,LV,1132,6,1,0,1,0.0,0,0,0,0,0,0,0,0,0,0
Sean Rhyan,GB,1132,14,1,0,1,0.0,0,0,0,0,0,0,0,0,0,0
Jonathan Mingo,DAL/CAR,1132,15,1,0,1,0.0,0,0,0,0,0,0,0,0,0,0
Davis Allen,LAR,1132,13,1,0,1,0.0,0,0,0,0,0,0,0,0,0,0
Elijah Higgins,ARI,1132,15,1,0,1,0.0,0,0,0,0,0,0,0,0,0,0
Sam Howell,SEA,1132,3,1,0,1,0.0,0,0,0,0,0,0,0,0,0,0
Luke McCaffrey,WSH,1132,15,1,0,1,0.0,0,0,0,0,0,0,0,0,0,0
DeMario Douglas,NE,1132,15,1,0,1,0.0,0,0,0,0,0,0,0,0,0,0
Mohamed Kamara,MIA,1132,5,0,1,1,0.0,0,0,0,0,0,0,0,0,0,0
Gabriel Murphy,MIN,1132,1,1,0,1,0.0,0,0,0,0,0,0,0,0,0,0
Reddy Steward,CHI,1132,1,1,0,1,0.0,0,0,0,0,0,0,0,1,0,0
Dontayvion Wicks,GB,1132,14,1,0,1,0.0,0,0,0,0,0,0,0,0,0,0
Broderick Jones,PIT,1132,15,1,0,1,0.0,0,0,0,0,0,0,0,0,0,0
Eli Ricks,PHI,1132,5,0,1,1,0.0,0,0,0,0,0,0,0,0,0,0
Quentin Johnston,LAC,1132,13,1,0,1,0.0,0,0,0,0,0,0,0,0,0,0
Anthony Richardson,IND,1132,11,1,0,1,0.0,0,0,0,0,0,0,0,0,0,0
Peter Skoronski,TEN,1132,15,1,0,1,0.0,0,0,0,0,0,0,0,0,0,0
De'Von Achane,MIA,1132,15,1,0,1,0.0,0,0,0,0,0,0,0,0,0,0
Jaheim Bell,NE,1132,13,1,0,1,0.0,0,0,0,0,0,0,0,0,0,0
Beau Brade,BAL,1132,9,0,1,1,0.0,0,0,0,0,0,0,0,0,0,0
Zay Flowers,BAL,1132,15,1,0,1,0.0,0,0,0,0,0,0,0,0,0,0
Jahmyr Gibbs,DET,1132,15,1,0,1,0.0,0,0,0,0,0,0,0,0,0,0
Patrick McMorris,MIA,1132,4,1,0,1,0.0,0,0,0,0,0,0,0,0,0,0
Asim Richards,DAL,1132,11,1,0,1,0.0,0,0,0,0,0,0,0,0,0,0
Brenton Strange,JAX,1132,15,0,1,1,0.0,0,0,0,0,0,0,0,0,0,0
Kyren Williams,LAR,1132,15,1,0,1,0.0,0,0,0,0,0,0,0,0,0,0
Jalen McMillan,TB,1132,11,1,0,1,0.0,0,0,0,0,0,0,0,0,0,0
Roger Rosengarten,BAL,1132,15,0,1,1,0.0,0,0,0,0,0,0,0,0,0,0
Rome Odunze,CHI,1132,15,1,0,1,0.0,0,0,0,0,0,0,0,0,0,0
Drake Maye,NE,1132,11,1,0,1,0.0,0,0,0,0,0,0,0,0,0,0
Amarius Mims,CIN,1132,13,0,1,1,0.0,0,0,0,0,0,0,0,0,0,0
Marvin Harrison Jr.,ARI,1132,15,1,0,1,0.0,0,0,0,0,0,0,0,0,0,0
Brian Thomas Jr.,JAX,1132,15,1,0,1,0.0,0,0,0,0,0,0,0,0,0,0
Treylon Burks,TEN,1132,5,1,0,1,0.0,0,0,0,0,0,0,0,0,0,0
Beaux Limmer,LAR,1132,15,1,0,1,0.0,0,0,0,0,0,0,0,0,0,0
Millard Bradford,NO,1132,2,1,0,1,0.0,0,0,0,0,0,0,0,0,0,0
Devaughn Vele,DEN,1132,11,1,0,1,0.0,0,0,0,0,0,0,0,0,0,0
Malik Washington,MIA,1132,12,1,0,1,0.0,0,0,0,0,0,0,0,0,0,0
Garrett Wilson,NYJ,1132,15,1,0,1,0.0,0,0,0,0,0,0,0,0,0,0
Wanya Morris,KC,1132,15,1,0,1,0.0,0,0,0,0,0,0,0,0,0,0
Tucker Kraft,GB,1132,14,0,1,1,0.0,0,0,0,0,0,0,0,0,0,0
Isaiah Land,IND,1132,10,1,0,1,0.0,0,1,0,0,0,0,0,0,0,0
T.J. Tampa,BAL,1132,5,0,1,1,0.0,0,0,0,0,0,0,0,0,0,0
Jacob Cowing,SF,1132,13,1,0,1,0.0,0,0,0,0,0,0,0,0,0,0
Kendell Brooks,TEN,1132,3,0,1,1,0.0,0,0,0,0,0,0,0,0,0,0
Tyreik McAllister,LV,1132,3,1,0,1,0.0,0,0,0,0,0,0,0,0,0,0
Bucky Irving,TB,1132,15,1,0,1,0.0,0,0,0,0,0,0,0,0,0,0
Quinn Meinerz,DEN,1132,15,1,0,1,0.0,0,0,0,0,0,0,0,0,0,0
Shane Zylstra,DET,1132,10,1,0,1,0.0,0,0,0,0,0,0,0,0,0,0
Malachi Corley,NYJ,1132,8,1,0,1,0.0,0,0,0,0,0,0,0,0,0,0
Keon Coleman,BUF,1132,11,1,0,1,0.0,0,0,0,0,0,0,0,0,0,0
Xavier Worthy,KC,1132,15,1,0,1,0.0,0,0,0,0,0,0,0,0,0,0
Bryce Young,CAR,1132,12,1,0,1,0.0,0,0,0,0,0,0,0,0,0,0
Malik Heath,GB,1132,11,1,0,1,0.0,0,0,0,0,0,0,0,0,0,0
Jalin Hyatt,NYG,1132,14,1,0,1,0.0,0,0,0,0,0,0,0,0,0,0
Jalen Coker,CAR,1132,9,1,0,1,0.0,0,0,0,0,0,0,0,0,0,0
Rachaad White,TB,1132,14,0,1,1,0.0,0,0,0,0,0,0,0,0,0,0
Sam Webb,LV,1132,9,0,1,1,0.0,0,0,0,0,0,0,0,0,0,0
Carson Steele,KC,1132,15,0,1,1,0.0,0,0,0,0,0,0,0,0,0,0
Jaleel McLaughlin,DEN,1132,14,1,0,1,0.0,0,0,0,0,0,0,0,0,0,0
Jackson Powers-Johnson,LV,1132,13,0,1,1,0.0,0,0,0,0,0,0,0,0,0,0
Jack Browning,TB,1132,1,1,0,1,0.0,0,0,0,0,0,0,0,0,0,0
Dominick Puni,SF,1132,15,0,1,1,0.0,0,0,0,0,0,0,0,0,0,0
Levi Drake Rodriguez,MIN,1132,2,1,0,1,0.0,0,0,1,0,0,0,0,0,0,0
Kalif Raymond,DET,1400,9,0,0,0,0.0,0,0,0,0,0,0,0,0,0,0
Ben Cleveland,BAL,1400,15,0,0,0,0.0,0,0,0,0,0,0,0,0,0,0
Adetokunbo Ogundeji,PIT,1400,3,0,0,0,0.0,0,0,1,0,0,0,0,0,0,0
Kingsley Jonathan,BUF,1400,1,0,0,0,0.0,0,0,0,0,0,0,0,0,0,0
Anders Carlson,SF/NYJ,1400,7,0,0,0,0.0,0,0,0,0,0,0,0,0,1,0
Calvin Austin III,PIT,1400,9,0,0,0,0.0,0,0,0,0,0,0,0,0,0,0
Casey Rogers,NYG,1400,2,0,0,0,0.0,0,0,0,0,0,0,0,0,0,0
Dwight McGlothern,MIN,1400,3,0,0,0,0.0,0,0,1,0,0,0,0,0,0,0
Jose Ramirez,TB,1400,4,0,0,0,0.0,0,0,0,0,0,0,0,0,0,0
