Player,Position,Team,College
Israel Abanikanda,RB,San Francisco,Pittsburgh
Ameer Abdullah,RB,Las Vegas,Nebraska
Yasir Abdullah,LB,Jacksonville,Louisville
Micah Abernathy,DB,Atlanta,Tennessee
Micah Abraham,DB,Cincinnati,Marshall
Kris Abrams-Draine,DB,Denver,Missouri
De'Von Achane,RB,Miami,Texas A&M
Davante Adams,WR,NY Jets,Fresno State
Isaiah Adams,OT,Arizona,Illinois
Jamal Adams,DB,Detroit,Louisiana State
Matthew Adams,LB,NY Giants,Houston
Montravius Adams,DT,Pittsburgh,Auburn
Myles Adams,DE,Detroit,Rice
Tony Adams,DB,NY Jets,Illinois
Jordan Addison,WR,Minnesota,Southern California
Adetomiwa Adebawore,DT,Indianapolis,Northwestern
Paulson Adebo,DB,New Orleans,Stanford
Hakeem Adeniji,OT,Cleveland,Kansas
Nate Adkins,TE,Denver,South Carolina
Cal Adomitis,LS,Cincinnati,Pittsburgh
Nelson Agholor,WR,Baltimore,Southern California
McTelvin Agim,DT,Tennessee,Arkansas
Jamal Agnew,WR,Pittsburgh,San Diego
David Ebuka Agoha,DE,Las Vegas,--
Mitchell Agude,LB,Detroit,Miami
Salvon Ahmed,RB,Indianapolis,Washington
Junior Aho,DT,Atlanta,Southern Methodist
Brandon Aiyuk,WR,San Francisco,Arizona State
Austin Ajiake,LB,Indianapolis,Nevada-Las Vegas
Cam Akers,RB,Minnesota,Florida State
Jordan Akins,TE,Cleveland,Central Florida
Azeez Al-Shaair,LB,Houston,Florida Atlantic
Isaac Alarcon,OT,San Francisco,ITESM Monterrey
Jaire Alexander,DB,Green Bay,Louisville
Kwon Alexander,LB,Detroit,Louisiana State
Deslin Alexandre,LB,Green Bay,Pittsburgh
DeAundre Alford,DB,Atlanta,Tusculum College
Rasheen Ali,RB,Baltimore,Marshall
Mo Alie-Cox,TE,Indianapolis,Virginia Commonwealth
Erick All,TE,Cincinnati,Iowa
Nick Allegretti,OG,Washington,Illinois
Braelon Allen,RB,NY Jets,Wisconsin
Brandon Allen,QB,San Francisco,Arkansas
Davis Allen,TE,LA Rams,Clemson
Jonathan Allen,DT,Washington,Alabama
Josh Allen,QB,Buffalo,Wyoming
Kazmeir Allen,WR,Washington,UCLA
Keenan Allen,WR,Chicago,California
Kyle Allen,QB,Pittsburgh,Houston
Zach Allen,DE,Denver,Boston College
Tyler Allgeier,RB,Atlanta,Brigham Young
Joe Alt,OT,LA Chargers,Notre Dame
Ugo Amadi,DB,New Orleans,Oregon
Kiran Amegadjie,OT,Chicago,Yale
Bradlee Anae,DE,NY Jets,Utah
Tremayne Anchrum,OG,Houston,Clemson
Troy Andersen,LB,Atlanta,Montana State
Abdullah Anderson,DT,Tennessee,Bucknell
Alec Anderson,OT,Buffalo,UCLA
Calvin Anderson,OT,Pittsburgh,Texas
Evan Anderson,DT,San Francisco,Florida Atlantic
Liam Anderson,LB,Indianapolis,Holy Cross
Ryder Anderson,DE,New Orleans,Indiana
Spencer Anderson,OT,Pittsburgh,Maryland
Tycen Anderson,DB,Cincinnati,Toledo
Will Anderson,DE,Houston,Alabama
Zayne Anderson,DB,Green Bay,Brigham Young
Joe Andreessen,LB,Buffalo,Buffalo
David Andrews,C,New England,Georgia
Jake Andrews,C,New England,Troy State
Mark Andrews,TE,Baltimore,Oklahoma
Bryan Anger,P,Dallas,California
Daijahn Anthony,DB,Cincinnati,Mississippi
Felix Anudike,DE,Kansas City,Kansas State
Chigozie Anusiem,DB,Cleveland,Colorado State
Alex Anzalone,LB,Detroit,Florida
Eli Apple,DB,LA Chargers,Ohio State
Matt Araiza,P,Kansas City,San Diego State
AJ Arcuri,OT,LA Rams,Michigan State
Jalyn Armour-Davis,DB,Baltimore,Alabama
Arik Armstead,DE,Jacksonville,Oregon
Terron Armstead,OT,Miami,Arkansas-Pine Bluff
Dorance Armstrong,DE,Washington,Kansas
Terrion Arnold,DB,Detroit,Alabama
Brian Asamoah,LB,Minnesota,Oklahoma
Chatarius Atwell,WR,LA Rams,Louisville
Brandon Aubrey,K,Dallas,Notre Dame
Popo Aumavae,DT,Carolina,Oregon
Malaesala Aumavae-Laulu,OT,Baltimore,Oregon
Alex Austin,DB,New England,Oregon State
Calvin Austin,WR,Pittsburgh,Memphis
Kevin Austin,WR,New Orleans,Notre Dame
Denico Autry,DE,Houston,Mississippi State
Tre Avery,DB,Tennessee,Rutgers
Steve Avila,OG,LA Rams,Texas Christian
Kayode Awosika,OG,Detroit,Buffalo
Chidobe Awuzie,DB,Tennessee,Colorado
Gottlieb Ayedze,OT,Las Vegas,Maryland
Andre Baccellia,WR,Arizona,Washington
Joe Bachie,LB,Cincinnati,Michigan State
Alex Bachman,WR,Las Vegas,Wake Forest
Michael Badgley,K,Detroit,Miami
Tyler Badie,RB,Denver,Missouri
Tyson Bagent,QB,Chicago,Shepherd
Emani Bailey,RB,Carolina,Texas Christian
Jake Bailey,P,Miami,Stanford
Levelle Bailey,LB,Denver,Fresno State
Markus Bailey,LB,Arizona,Purdue
Quinn Bailey,OT,Denver,Arizona State
Zack Bailey,OT,NY Jets,South Carolina
Budda Baker,DB,Arizona,Washington
Darrell Baker,DB,Tennessee,Georgia Southern
Javon Baker,WR,New England,Central Florida
Jerome Baker,LB,Tennessee,Ohio State
Josh Ball,OT,Dallas,Marshall
Corey Ballentine,DB,Green Bay,Washburn
Michael Bandy,WR,Denver,San Diego
Aaron Banks,OG,San Francisco,Notre Dame
Deonte Banks,DB,NY Giants,Maryland
Keshawn Banks,LB,Arizona,San Diego State
Marcus Banks,DB,Tampa Bay,Mississippi State
Bryce Baringer,P,New England,Michigan State
Saquon Barkley,RB,Philadelphia,Penn State
Christian Barmore,DT,New England,Alabama
AJ Barner,TE,Seattle,Michigan
Derrick Barnes,LB,Detroit,Purdue
Krys Barnes,LB,Arizona,UCLA
Zaire Barnes,LB,NY Jets,Western Michigan
Derek Barnett,DE,Houston,Tennessee
Karsen Barnhart,OG,LA Chargers,Michigan
Amar√© Barno,LB,Carolina,Virginia Tech
Alex Barrett,DE,San Francisco,San Diego State
Michael Barrett,LB,Green Bay,Michigan
Ben Bartch,OG,San Francisco,St. John's (MN)
Shemar Bartholomew,DB,Carolina,Georgia Southern
Cody Barton,LB,Denver,Utah
Graham Barton,C,Tampa Bay,Duke
Jackson Barton,OT,Arizona,Utah
Carlos Basham,LB,NY Giants,Wake Forest
Micah Baskerville,LB,Chicago,Louisiana State
T.J. Bass,OG,Dallas,Oregon
Tyler Bass,K,Buffalo,Georgia Southern
Rashod Bateman,WR,Baltimore,Minnesota
Brenden Bates,TE,Cleveland,Kentucky
Jake Bates,K,Detroit,Arkansas
Jessie Bates III,DB,Atlanta,Wake Forest
John Bates,TE,Washington,Boise State
Ryan Bates,OG,Chicago,Penn State
Jordan Battle,DB,Cincinnati,Alabama
Miles Battle,DB,New England,Utah
Zack Baun,LB,Philadelphia,Wisconsin
Kelvin Beachum,OT,Arizona,Southern Methodist
Robert Beal,DE,San Francisco,Georgia
Jason Bean,QB,Indianapolis,Kansas
C.J. Beathard,QB,Jacksonville,Iowa
Abraham Beauplan,LB,Detroit,Marshall
Andrew Beck,RB,Houston,Texas
Mekhi Becton,OT,Philadelphia,Louisville
Cooper Beebe,OG,Dallas,Kansas State
D'Anthony Bell,DB,Cleveland,West Florida
David Bell,WR,Cleveland,Purdue
Jaheim Bell,TE,New England,Florida State
Markquese Bell,DB,Dallas,Florida A&M
Quinton Bell,LB,Miami,Prairie View A&M
Ronnie Bell,WR,San Francisco,Michigan
Travis Bell,DT,Minnesota,Kennesaw State
Vonn Bell,DB,Cincinnati,Ohio State
Daniel Bellinger,TE,NY Giants,San Diego State
Nick Bellore,LB,Washington,Central Michigan
Dane Belton,DB,NY Giants,Iowa
Theo Benedet,OT,Chicago,British Columbia
Christian Benford,DB,Buffalo,Villanova
Jakorian Bennett,DB,Las Vegas,Maryland
Stetson Bennett,QB,LA Rams,Georgia
Trey Benson,RB,Arizona,Florida State
Ja'Whaun Bentley,LB,New England,Purdue
Keeanu Benton,DT,Pittsburgh,Wisconsin
Matthew Bergeron,OT,Atlanta,Syracuse
Jarrick Bernard,DB,NY Jets,Louisiana State
Terrel Bernard,LB,Buffalo,Baylor
Braxton Berrios,WR,Miami,Miami
JD Bertrand,LB,Atlanta,Notre Dame
Tatum Bethune,LB,San Francisco,Florida State
Tyler Biadasz,C,Washington,Wisconsin
Cartavious Bigsby,RB,Jacksonville,Auburn
Andrew Billings,DT,Chicago,Baylor
Beanie Bishop,DB,Pittsburgh,West Virginia
Cole Bishop,DB,Buffalo,Utah
Joel Bitonio,OG,Cleveland,Nevada
Tarik Black,WR,Miami,Texas
Ross Blacklock,DT,NY Giants,Texas Christian
Julian Blackmon,DB,Indianapolis,Utah
Mekhi Blackmon,DB,Minnesota,Southern California
Raheem Blackshear,RB,Carolina,Virginia Tech
Angelo Blackson,DT,Arizona,Auburn
Josh Blackwell,DB,Chicago,Duke
Chris Blair,WR,Atlanta,Alcorn State
DaRon Bland,DB,Dallas,Fresno State
Reed Blankenship,DB,Philadelphia,Middle Tennessee State
Khari Blasingame,RB,Philadelphia,Vanderbilt
Joey Blount,DB,Arizona,Virginia
Chris Board,LB,Baltimore,North Dakota State
Jacob Bobenmoyer,LS,Las Vegas,Northern Colorado
Jake Bobo,WR,Seattle,UCLA
Quinton Bohanna,DT,Seattle,Kentucky
Corey Bojorquez,P,Cleveland,New Mexico
Isaiah Bolden,DB,New England,Jackson State
Garett Bolles,OT,Denver,Utah
Curtis Bolton,LB,Tennessee,Oklahoma
Nick Bolton,LB,Kansas City,Missouri
Nik Bonitto,LB,Denver,Oklahoma
Ethan Bonner,DB,Miami,Stanford
Austin Booker,DE,Chicago,Kansas
Thomas Booker,DT,Philadelphia,Stanford
Mike Boone,RB,Carolina,Cincinnati
Andrew Booth,DB,Dallas,Clemson
Dicaprio Bootle,DB,LA Chargers,Nebraska
Larry Borom,OT,Chicago,Missouri
Tanor Bortolini,OG,Indianapolis,Wisconsin
Joey Bosa,LB,LA Chargers,Ohio State
Nick Bosa,DE,San Francisco,Ohio State
Earl Bostick,OT,Dallas,Kansas
Chris Boswell,K,Pittsburgh,Rice
Kendrick Bourne,WR,New England,Eastern Washington
Kayshon Boutte,WR,New England,Louisiana State
Brandon Bouyer-Randle,LB,Cleveland,Connecticut
Brock Bowers,TE,Las Vegas,Georgia
Shawn Bowman,TE,Jacksonville,Rutgers
Tyus Bowser,LB,Miami,Houston
Khristian Boyd,DT,New Orleans,Northern Iowa
Kris Boyd,DB,Houston,Texas
Tyler Boyd,WR,Tennessee,Pittsburgh
Ekow Boye-Doe,DB,NY Giants,Kansas State
Miles Boykin,WR,Seattle,Notre Dame
Tim Boyle,QB,NY Giants,Eastern Kentucky
Bradley Bozeman,C,LA Chargers,Alabama
Swayze Bozeman,LB,Kansas City,Southern Mississippi
James Bradberry,DB,Philadelphia,Samford
Garrett Bradbury,C,Minnesota,North Carolina State
Beau Brade,DB,Baltimore,Maryland
Anthony Bradford,OG,Seattle,Louisiana State
Nook Bradford,DB,New Orleans,Texas Christian
Carter Bradley,QB,Las Vegas,South Alabama
William Bradley-King,DE,Miami,Baylor
Brian Branch,DB,Detroit,Alabama
Blake Brandel,OG,Minnesota,Oregon State
Chris Braswell,LB,Tampa Bay,Alabama
Christian Braswell,DB,Jacksonville,Rutgers
Ben Bredeson,OG,Tampa Bay,Michigan
Jake Brendel,C,San Francisco,UCLA
Julius Brents,DB,Indianapolis,Kansas State
Bryan Bresee,DT,New Orleans,Clemson
Aaron Brewer,LS,Arizona,San Diego State
Aaron Brewer,OG,Miami,Texas State
C.J. Brewer,DT,Tampa Bay,Coastal Carolina
Chandler Brewer,OT,Tennessee,Middle Tennessee State
Jowon Briggs,DT,Cleveland,Cincinnati
Gary Brightwell,RB,Cincinnati,Arizona
Jaquan Brisker,DB,Chicago,Penn State
Jacoby Brissett,QB,New England,North Carolina State
K.J. Britt,LB,Tampa Bay,Auburn
Nick Broeker,OG,Houston,Mississippi
British Brooks,RB,Houston,North Carolina
Christopher Brooks,RB,Green Bay,Brigham Young
Jalen Brooks,WR,Dallas,South Carolina
Jonathon Brooks,RB,Carolina,Texas
Jordyn Brooks,LB,Miami,Texas Tech
Karl Brooks,DE,Green Bay,Bowling Green
Kendell Brooks,DB,Tennessee,Michigan State
Mason Brooks,OG,Indianapolis,Mississippi
Nate Brooks,DB,Cincinnati,North Texas
Natrone Brooks,DB,Atlanta,Southern Mississippi
A.J. Brown,WR,Philadelphia,Mississippi
Anthony Brown,QB,Arizona,Oregon
Ben Brown,C,New England,Mississippi
Bobby Brown,DT,LA Rams,Texas A&M
Brittain Brown,RB,Seattle,UCLA
Cam Brown,LB,Miami,Penn State
Chase Brown,RB,Cincinnati,Illinois
Derrick Brown,DE,Carolina,Auburn
Dyami Brown,WR,Washington,North Carolina
Earnest Brown,DE,Tampa Bay,Northwestern
Evan Brown,C,Arizona,Southern Methodist
Ji'Ayir Brown,DB,San Francisco,Penn State
Marquise Brown,WR,Kansas City,Oklahoma
Mike Brown,DB,Tennessee,Miami (OH)
Montaric Brown,DB,Jacksonville,Arkansas
Noah Brown,WR,Washington,Ohio State
Omar Brown,DB,Green Bay,Nebraska
Orlando Brown,OT,Cincinnati,Oklahoma
Pharaoh Brown,TE,Seattle,Oregon
Shakel Brown,DT,Miami,Troy State
Spencer Brown,OT,Buffalo,Northern Iowa
Sydney Brown,DB,Philadelphia,Illinois
Tony Brown,DB,Cleveland,Alabama
Tre Brown,DB,Seattle,Oklahoma
Trenton Brown,OT,Cincinnati,Florida
Baron Browning,LB,Arizona,Ohio State
Jack Browning,P,Tampa Bay,San Diego State
Jake Browning,QB,Cincinnati,Washington
Jarvis Brownlee,DB,Tennessee,Louisville
Jason Brownlee,WR,NY Jets,Southern Mississippi
Daniel Brunskill,OG,Tennessee,San Diego State
Logan Bruss,OG,Tennessee,Wisconsin
Taven Bryan,DT,Indianapolis,Florida
Coby Bryant,DB,Seattle,Cincinnati
Harrison Bryant,TE,Las Vegas,Florida Atlantic
Myles Bryant,DB,Houston,Washington
DeForest Buckner,DT,Indianapolis,Oregon
Shane Buechele,QB,Buffalo,Southern Methodist
Javon Bullard,DB,Green Bay,Georgia
Jonathan Bullard,DE,Minnesota,Florida
Calen Bullock,DB,Houston,Southern California
Corey Bullock,OT,Baltimore,Maryland
Spencer Burford,OT,San Francisco,Texas-San Antonio
Cole Burgess,WR,Cincinnati,Cortland State
Oren Burks,LB,Philadelphia,Vanderbilt
Treylon Burks,WR,Tennessee,Arkansas
Amari Burney,LB,Las Vegas,Florida
Artie Burns,DB,Seattle,Miami
Brian Burns,LB,NY Giants,Florida State
Robert Burns,RB,Atlanta,Connecticut
Joe Burrow,QB,Cincinnati,Louisiana State
Jermaine Burton,WR,Cincinnati,Alabama
Michael Burton,RB,Denver,Rutgers
Deon Bush,DB,Kansas City,Miami
Devin Bush,LB,Cleveland,Michigan
Harrison Butker,K,Kansas City,Georgia Tech
Adam Butler,DT,Las Vegas,Vanderbilt
Josh Butler,DB,Dallas,Michigan State
Matthew Butler,DT,Las Vegas,Tennessee
Percy Butler,DB,Washington,Louisiana-Lafayette
Kevin Byard,DB,Chicago,Middle Tennessee State
Camryn Bynum,DB,Minnesota,California
Henry Byrd,OG,Minnesota,Princeton
Solomon Byrd,DE,Houston,Southern California
Grant Calcaterra,TE,Philadelphia,Southern Methodist
Mike Caliendo,OG,Kansas City,Western Michigan
Marquez Callaway,WR,Tampa Bay,Tennessee
Calais Campbell,DT,Miami,Miami
Chance Campbell,LB,Tennessee,Mississippi
De'Vondre Campbell,LB,San Francisco,Minnesota
Elijah Campbell,DB,Miami,Northern Iowa
Jack Campbell,LB,Detroit,Iowa
Parris Campbell,WR,Philadelphia,Ohio State
Tyson Campbell,DB,Jacksonville,Georgia
Alex Cappa,OG,Cincinnati,Humboldt State
Joe Cardona,LS,New England,Navy
Jaylon Carlies,LB,Indianapolis,Missouri
Anders Carlson,K,NY Jets,Auburn
Daniel Carlson,K,Las Vegas,Auburn
Stephen Carlson,TE,Chicago,Princeton
Jackson Carman,OT,Miami,Clemson
Derek Carr,QB,New Orleans,Fresno State
Caelen Carson,DB,Dallas,Wake Forest
Andre Carter,DE,Las Vegas,Army
DeAndre Carter,WR,Chicago,Sacramento State
DeWayne Carter,DT,Buffalo,Duke
Ja'Tyre Carter,OG,Carolina,Southern
Jalen Carter,DT,Philadelphia,Georgia
Lorenzo Carter,LB,Atlanta,Georgia
Michael Carter,RB,Arizona,North Carolina
Michael Carter,DB,NY Jets,Duke
Zachary Carter,DT,Las Vegas,Florida
Jerome Carvin,OG,Jacksonville,Tennessee
Blake Cashman,LB,Minnesota,Minnesota
McCallan Castles,TE,LA Chargers,Tennessee
Tariq Castro-Fields,DB,Philadelphia,Penn State
Joshua Cephus,WR,Jacksonville,Texas-San Antonio
Quintez Cephus,WR,LA Rams,Wisconsin
Andre Chachere,DB,Arizona,San Jose State
K'Lavon Chaisson,DE,Las Vegas,Louisiana State
Ty Chandler,RB,Minnesota,North Carolina
Zach Charbonnet,RB,Seattle,UCLA
D.J. Chark,WR,LA Chargers,Louisiana State
Irvin Charles,WR,NY Jets,Indiana (PA)
Ja'Marr Chase,WR,Cincinnati,Louisiana State
Elijah Chatman,DT,NY Giants,Southern Methodist
Leo Chenal,LB,Kansas City,Wisconsin
Claudin Cherelus,LB,Carolina,Alcorn State
Julius Chestnut,RB,Tennessee,Sacred Heart
Jeremy Chinn,DB,Washington,Southern Illinois
Dan Chisena,WR,Carolina,Penn State
Brady Christensen,OG,Carolina,Brigham Young
Geron Christian,OT,Cleveland,Louisville
Cole Christiansen,LB,Kansas City,Army
Bradley Chubb,LB,Miami,North Carolina State
Nick Chubb,RB,Cleveland,Georgia
Jimmy Ciarlo,LB,NY Jets,Army
Matthew Cindric,C,NY Jets,California
Lewis Cine,DB,Buffalo,Georgia
Andre Cisco,DB,Jacksonville,Syracuse
William Clapp,C,Buffalo,Louisiana State
Chuck Clark,DB,NY Jets,Virginia Tech
Damone Clark,LB,Dallas,Louisiana State
Kei'Trel Clark,DB,Arizona,Louisville
Kenny Clark,DT,Green Bay,UCLA
Le'Raven Clark,OT,Philadelphia,Texas Tech
Travis Clayton,OT,Buffalo,--
Micheal Clemons,DE,NY Jets,Texas A&M
Ben Cleveland,OG,Baltimore,Georgia
Ezra Cleveland,OG,Jacksonville,Boise State
Sean Clifford,QB,Green Bay,Penn State
Jadeveon Clowney,LB,Carolina,South Carolina
K.J. Cloyd,LB,Denver,Miami
Keondre Coburn,DT,Tennessee,Texas
Devin Cochran,OT,Cincinnati,Georgia Tech
Jack Cochrane,LB,Kansas City,South Dakota
Brandon Codrington,DB,Buffalo,North Carolina Central
Javion Cohen,OG,Cleveland,Miami
Andrew Coker,OT,Cincinnati,Texas Christian
Jalen Coker,WR,Carolina,Holy Cross
Adrian Colbert,DB,Chicago,Miami
Jordan Colbert,DB,Miami,Rhode Island
A.J. Cole,P,Las Vegas,North Carolina State
Myles Cole,DE,Jacksonville,Texas Tech
Brandon Coleman,OT,Washington,Texas Christian
D.J. Coleman,DE,Jacksonville,Missouri
Douglas Coleman,LB,Chicago,Texas Tech
Keon Coleman,WR,Buffalo,Florida State
Ryan Coll,C,Indianapolis,Richmond
Chris Collier,RB,Las Vegas,Lock Haven
L.J. Collier,DE,Arizona,Texas Christian
Chris Collins,LB,LA Chargers,Minnesota
Maliek Collins,DT,San Francisco,Nebraska
Nico Collins,WR,Houston,Michigan
Zaven Collins,LB,Arizona,Tulsa
Trystan Colon-Castillo,OG,Arizona,Missouri
Junior Colson,LB,LA Chargers,Michigan
John Cominsky,DE,Detroit,Charleston
Jack Conklin,OT,Cleveland,Michigan State
Tyler Conklin,TE,NY Jets,Central Michigan
Chris Conley,WR,San Francisco,Georgia
Chamarri Conner,DB,Kansas City,Virginia Tech
James Conner,RB,Arizona,Pittsburgh
Tanner Conner,TE,Miami,Idaho State
Bryan Cook,DB,Kansas City,Cincinnati
Dalvin Cook,RB,Dallas,Florida State
Dylan Cook,OT,Pittsburgh,Montana
James Cook,RB,Buffalo,Georgia
Logan Cooke,P,Jacksonville,Mississippi State
Brandin Cooks,WR,Dallas,Oregon State
Elijah Cooks,WR,Jacksonville,San Jose State
Amari Cooper,WR,Buffalo,Alabama
Edgerrin Cooper,LB,Green Bay,Texas A&M
Jonathon Cooper,LB,Denver,Ohio State
Ryan Cooper,DB,Seattle,Oregon State
Austin Corbett,OG,Carolina,Nevada
Malachi Corley,WR,NY Jets,Western Kentucky
Blake Corum,RB,LA Rams,Michigan
Samuel Cosmi,OG,Washington,Texas
Lester Cotton,OG,New England,Alabama
Te'Cory Couch,DB,Buffalo,Miami
Carter Coughlin,LB,NY Giants,Minnesota
Kirk Cousins,QB,Atlanta,Michigan State
Britain Covey,WR,Philadelphia,Utah
Byron Cowart,DT,Chicago,Maryland
Jacob Cowing,WR,San Francisco,Arizona
Brenton Cox,LB,Green Bay,Florida
Morgan Cox,LS,Tennessee,Tennessee
River Cracraft,WR,Miami,Washington State
Coy Cronk,OT,Minnesota,Iowa
Jalen Cropper,WR,Dallas,Fresno State
Maxx Crosby,DE,Las Vegas,Eastern Michigan
Charles Cross,OT,Seattle,Mississippi State
Nick Cross,DB,Indianapolis,Maryland
Jamison Crowder,WR,Washington,Duke
Frank Crum,OT,Denver,Wyoming
Jaden Crumedy,DT,Carolina,Mississippi State
Devin Culp,TE,Tampa Bay,Washington
Malik Cunningham,WR,Baltimore,Louisville
Zach Cunningham,LB,Denver,Vanderbilt
Baylor Cupp,TE,Kansas City,Texas Tech
Jake Curhan,OT,Chicago,California
Kamren Curl,DB,LA Rams,Arkansas
McClendon Curtis,OT,Seattle,Tennessee-Chattanooga
Lloyd Cushenberry,C,Tennessee,Louisiana State
Marcel Dabo,DB,Indianapolis,--
Dominique Dafney,TE,Carolina,Indiana State
Darrian Dalcourt,OG,Baltimore,Alabama
Dennis Daley,OT,Jacksonville,South Carolina
DeeJay Dallas,RB,Arizona,Miami
Drew Dalman,C,Atlanta,Stanford
Andy Dalton,QB,Carolina,Texas Christian
Jalen Dalton,DT,Dallas,North Carolina
Scott Daly,LS,Chicago,Notre Dame
Braeden Daniels,OG,Dallas,Utah
James Daniels,OG,Pittsburgh,Iowa
Jayden Daniels,QB,Washington,Louisiana State
Mike Danna,DE,Kansas City,Michigan
Ronald Darby,DB,Jacksonville,Florida State
Jaelon Darden,WR,Seattle,North Texas
Sam Darnold,QB,Minnesota,Southern California
Christian Darrisaw,OT,Minnesota,Virginia Tech
Marcus Davenport,DE,Detroit,Texas-San Antonio
Lavonte David,LB,Tampa Bay,Nebraska
D.J. Davidson,DT,NY Giants,Arizona State
Marlon Davidson,DT,Tennessee,Auburn
Zach Davidson,TE,Buffalo,Central Missouri State
Akeem Davis,LB,Cincinnati,Appalachian State
Ashtyn Davis,DB,NY Jets,California
Carl Davis,DE,Washington,Iowa
Carlton Davis,DB,Detroit,Auburn
Demario Davis,LB,New Orleans,Arkansas State
Derius Davis,WR,LA Chargers,Texas Christian
Gabriel Davis,WR,Jacksonville,Central Florida
Isaiah Davis,RB,NY Jets,South Dakota State
Jaden Davis,DB,Arizona,Miami
Jalen Davis,DB,Cincinnati,Utah State
Jamin Davis,LB,Minnesota,Kentucky
Jordan Davis,DT,Philadelphia,Georgia
Kaden Davis,WR,Cleveland,Northwest Missouri State
Kalia Davis,DT,San Francisco,Central Florida
Khalil Davis,DT,San Francisco,Nebraska
Malik Davis,RB,Dallas,Florida
Michael Davis,DB,Washington,Brigham Young
Raekwon Davis,DT,Indianapolis,Alabama
Re'Mahn Davis,RB,Buffalo,Kentucky
Tyler Davis,TE,Green Bay,Georgia Tech
Tyler Davis,DE,LA Rams,Clemson
Tyrion Davis-Price,RB,Philadelphia,Louisiana State
Dion Dawkins,OT,Buffalo,Temple
Denzel Daxon,DT,Dallas,Illinois
Sheldon Day,DT,Washington,Notre Dame
Divine Deablo,LB,Las Vegas,Virginia Tech
Jamel Dean,DB,Tampa Bay,Auburn
Nakobe Dean,LB,Philadelphia,Georgia
Trey Dean,DB,Cleveland,Florida
Taylor Decker,OT,Detroit,Ohio State
Evan Deckers,LS,Tampa Bay,Duke
Austin Deculus,OT,New Orleans,Louisiana State
Justin Dedich,OG,LA Rams,Southern California
Josiah Deguara,TE,Jacksonville,Cincinnati
Michael Deiter,OG,Washington,Wisconsin
Cooper DeJean,DB,Philadelphia,Iowa
Dee Delaney,DB,Dallas,Miami
Nathaniel Dell,WR,Houston,Houston
Kalen DeLoach,LB,Jacksonville,Florida State
Grant Delpit,DB,Cleveland,Louisiana State
Emari Demercado,RB,Arizona,Texas Christian
Trevor Denbow,DB,Indianapolis,Southern Methodist
SirVocea Dennis,LB,Tampa Bay,Pittsburgh
Andrew DePaola,LS,Minnesota,Rutgers
Tommy DeVito,QB,NY Giants,Illinois
M.J. Devonshire,DB,Las Vegas,Pittsburgh
Gervon Dexter,DT,Chicago,Florida
Mohamoud Diabate,LB,Cleveland,Utah
YaYa Diaby,LB,Tampa Bay,Louisville
Marcellas Dial,DB,New England,South Carolina
Cameron Dicker,K,LA Chargers,Texas
Landon Dickerson,OG,Philadelphia,Alabama
Matt Dickerson,DE,Miami,UCLA
Michael Dickson,P,Seattle,Texas
Kellen Diesch,OT,Tennessee,Arizona State
Quandre Diggs,DB,Tennessee,Texas
Stefon Diggs,WR,Houston,Maryland
Trevon Diggs,DB,Dallas,Alabama
Andre Dillard,OT,Green Bay,Washington State
AJ Dillon,RB,Green Bay,Boston College
Victor Dimukeje,LB,Arizona,Duke
Ben DiNucci,QB,New Orleans,James Madison
Will Dissly,TE,LA Chargers,Washington
De'Shaan Dixon,LB,Jacksonville,Norfolk State
Riley Dixon,P,Denver,Syracuse
J.K. Dobbins,RB,LA Chargers,Ohio State
Joshua Dobbs,QB,San Francisco,Tennessee
Tyrel Dodson,LB,Miami,Texas A&M
Brandon Dorlus,DT,Atlanta,Oregon
Phillip Dorsett,WR,Atlanta,Miami
Khalil Dorsey,DB,Detroit,Northern Arizona
Greg Dortch,WR,Arizona,Wake Forest
Elijah Dotson,RB,Atlanta,Northern Colorado
Jahan Dotson,WR,Philadelphia,Penn State
Kevin Dotson,OG,LA Rams,Louisiana-Lafayette
Romeo Doubs,WR,Green Bay,Nevada
Demario Douglas,WR,New England,Liberty
Rasul Douglas,DB,Buffalo,West Virginia
Rico Dowdle,RB,Dallas,South Carolina
Colton Dowell,WR,Tennessee,Tennessee-Martin
Josh Downs,WR,Indianapolis,North Carolina
Tommy Doyle,OT,Buffalo,Miami (OH)
Jack Driscoll,OT,Philadelphia,Auburn
Jeff Driskel,QB,Washington,Louisiana Tech
Ethan Driskell,OT,Kansas City,Marshall
Dylan Drummond,WR,Atlanta,Eastern Michigan
Grant DuBose,WR,Miami,North Carolina-Charlotte
Storm Duck,DB,Miami,Louisville
Kyle Dugger,DB,New England,Lenoir-Rhyne
Khalid Duke,LB,Tennessee,Kansas State
Greg Dulcich,TE,NY Giants,UCLA
Ashton Dulin,WR,Indianapolis,Malone (OH)
Jaelyn Duncan,OT,Tennessee,Maryland
Michael Dunn,OG,Cleveland,Maryland
Alvin Dupree,LB,LA Chargers,Kentucky
Decobie Durant,DB,LA Rams,South Carolina State
Cory Durden,DT,NY Giants,North Carolina State
Payne Durham,TE,Tampa Bay,Purdue
Devin Duvernay,WR,Jacksonville,Texas
Ross Dwelley,TE,Atlanta,San Diego
Troy Dye,LB,LA Chargers,Oregon
Kenny Dyson,LB,Carolina,Bryant
Silas Dzansi,OT,Tampa Bay,Virginia Tech
Arnold Ebiketie,LB,Atlanta,Penn State
Justin Eboigbe,DT,LA Chargers,Alabama
Samson Ebukam,DE,Indianapolis,Eastern Washington
Brandin Echols,DB,NY Jets,Kentucky
Chase Edmonds,RB,Tampa Bay,Fordham
Chris Edmonds,DB,Cleveland,Arizona State
Tremaine Edmunds,LB,Chicago,Virginia Tech
Chuma Edoga,OG,Dallas,Southern California
David Edwards,OG,Buffalo,Wisconsin
Gus Edwards,RB,LA Chargers,Rutgers
Mario Edwards Jr.,DT,Houston,Florida State
Mike Edwards,DB,Tampa Bay,Kentucky
Mike Edwards,OG,Buffalo,Campbell
T.J. Edwards,LB,Chicago,Wisconsin
Clyde Edwards-Helaire,RB,New Orleans,Louisiana State
Kingsley Eguakun,C,Detroit,Florida
Samuel Eguavoen,LB,NY Jets,Texas Tech
Sam Ehlinger,QB,Indianapolis,Texas
Liam Eichenberg,OT,Miami,Notre Dame
Tommy Eichenberg,LB,Las Vegas,Ohio State
Camilo Eifler,LB,Arizona,Illinois
Dieter Eiselen,OG,Jacksonville,Yale
Austin Ekeler,RB,Washington,Western State
Daniel Ekuale,DT,New England,Washington State
Ikem Ekwonu,OT,Carolina,North Carolina State
Kaiir Elam,DB,Buffalo,Florida
DeShon Elliott,DB,Pittsburgh,Texas
Ezekiel Elliott,RB,Dallas,Ohio State
Jake Elliott,K,Philadelphia,Memphis
Jordan Elliott,DT,San Francisco,Missouri
Christian Elliss,LB,New England,Idaho
Jonah Elliss,LB,Denver,Utah
Kaden Elliss,LB,Atlanta,Idaho
Jermaine Eluemunor,OT,NY Giants,Texas A&M
Martin Emerson,DB,Cleveland,Mississippi State
Kingsley Enagbare,LB,Green Bay,South Carolina
Evan Engram,TE,Jacksonville,Mississippi
A.J. Epenesa,DE,Buffalo,Iowa
Marcus Epps,DB,Las Vegas,Wyoming
Alex Erickson,WR,New England,Wisconsin
Zach Ertz,TE,Washington,Stanford
D'Wayne Eskridge,WR,Miami,Western Michigan
James Ester,DT,Green Bay,Northern Illinois
Audric Estime,RB,Denver,Notre Dame
Travis Etienne,RB,Jacksonville,Clemson
Akayleb Evans,DB,Carolina,Missouri
Chris Evans,RB,Cincinnati,Michigan
Darrynton Evans,RB,Chicago,Appalachian State
Ethan Evans,P,LA Rams,Wingate
Mike Evans,WR,Tampa Bay,Texas A&M
Zach Evans,RB,NY Jets,Mississippi
Gerald Everett,TE,Chicago,South Alabama
Obinna Eze,OT,NY Jets,Texas Christian
Joshua Ezeudu,OT,NY Giants,North Carolina
Josiah Ezirim,OT,New Orleans,Eastern Kentucky
Erik Ezukanma,WR,Miami,Texas Tech
Daniel Faalele,OG,Baltimore,Minnesota
Ka'imi Fairbairn,K,Houston,UCLA
George Fant,OT,Seattle,Western Kentucky
Noah Fant,TE,Seattle,Iowa
Princeton Fant,TE,Dallas,Tennessee
Caleb Farley,DB,Carolina,Virginia Tech
Andrew Farmer,LB,Denver,Lane
Luke Farrell,TE,Jacksonville,Ohio State
Olu Fashanu,OT,NY Jets,Penn State
Folorunso Fatukasi,DT,Houston,Connecticut
Troy Fautanu,OT,Pittsburgh,Washington
Dan Feeney,C,Minnesota,Indiana
Breiden Fehoko,DT,Pittsburgh,Louisiana State
Junior Fehoko,DE,Washington,San Jose State
Simi Fehoko,WR,LA Chargers,Stanford
Jon Feliciano,OG,San Francisco,Miami
Blake Ferguson,LS,Miami,Louisiana State
Jake Ferguson,TE,Dallas,Wisconsin
Reid Ferguson,LS,Buffalo,Louisiana State
Clelin Ferrell,DE,Washington,Clemson
Justin Fields,QB,Pittsburgh,Ohio State
Tony Fields,LB,LA Rams,West Virginia
A.J. Finley,DB,Seattle,Mississippi
Anthony Firkser,TE,Kansas City,Harvard
Blake Fisher,OT,Houston,Notre Dame
Tucker Fisk,TE,LA Chargers,Stanford
Braden Fiske,DE,LA Rams,Florida State
Dez Fitzpatrick,WR,LA Chargers,Louisville
John FitzPatrick,TE,Green Bay,Georgia
Minkah Fitzpatrick,DB,Pittsburgh,Alabama
Joe Flacco,QB,Indianapolis,Delaware
Demetrius Flannigan-Fowles,LB,San Francisco,Arizona
Jeremy Flax,OT,Minnesota,Kentucky
Cameron Fleming,OT,Denver,Stanford
Cordale Flott,DB,NY Giants,Louisiana State
Ryan Flournoy,WR,Dallas,Southeast Missouri State
Dallis Flowers,DB,Tampa Bay,Pittsburg State
Tre Flowers,DB,Indianapolis,Oklahoma State
Zay Flowers,WR,Baltimore,Boston College
Leonard Floyd,LB,San Francisco,Georgia
Tra Fluellen,DB,New Orleans,Middle Tennessee State
Kevin Foelsch,TE,Philadelphia,New Haven
Nick Folk,K,Tennessee,Arizona
Emmanuel Forbes,DB,LA Rams,Mississippi State
Cody Ford,OG,Cincinnati,Oklahoma
Jaylan Ford,LB,New Orleans,Texas
Jerome Ford,RB,Cleveland,Cincinnati
Jonathan Ford,DT,Chicago,Miami
Mike Ford,DB,Cleveland,Southeast Missouri State
Poona Ford,DE,LA Chargers,Texas
Bryce Ford-Wheaton,WR,NY Giants,West Virginia
D'Onta Foreman,RB,Cleveland,Texas
Jeff Foreman,WR,Las Vegas,Arkansas State
Darrick Forrest,DB,Washington,Cincinnati
Alex Forsyth,C,Denver,Oregon
Stone Forsythe,OT,Seattle,Florida
Luke Fortner,C,Jacksonville,Kentucky
Joe Fortson,TE,Kansas City,Valdosta State
Isaiah Foskey,DE,New Orleans,Notre Dame
Javon Foster,OT,Jacksonville,Missouri
Leki Fotu,DT,NY Jets,Utah
Dante Fowler Jr.,LB,Washington,Florida
Jack Fox,P,Detroit,Rice
Morgan Fox,DE,LA Chargers,Colorado State-Pueblo
Tomari Fox,DT,Las Vegas,North Carolina
Tomon Fox,LB,NY Giants,North Carolina
MItchell Fraboni,LS,Denver,Arizona State
Sam Franklin,DB,Carolina,Temple
Troy Franklin,WR,Denver,Oregon
Zaire Franklin,LB,Indianapolis,Syracuse
John Franklin-Myers,DE,Denver,Stephen F. Austin
Feleipe Franks,TE,Carolina,Arkansas
Zach Frazier,C,Pittsburgh,West Virginia
Blake Freeland,OT,Indianapolis,Brigham Young
Royce Freeman,RB,Chicago,Oregon
Pat Freiermuth,TE,Pittsburgh,Penn State
Wesley French,C,Indianapolis,Western Michigan
Will Fries,OG,Indianapolis,Penn State
Hjalte Froholdt,OG,Arizona,Arkansas
Jake Fromm,QB,Detroit,Georgia
Taliese Fuaga,OT,New Orleans,Oregon State
Jordan Fuller,DB,Carolina,Ohio State
Kendall Fuller,DB,Miami,Virginia Tech
Kristian Fulton,DB,LA Chargers,Louisiana State
Tyrek Funderburk,DB,Tampa Bay,Appalachian State
Russell Gage,WR,San Francisco,Louisiana State
Amari Gainer,LB,Las Vegas,North Carolina
Greg Gaines,DT,Tampa Bay,Washington
Jon Gaines,OG,Arizona,UCLA
Kenny Gainwell,RB,Philadelphia,Memphis
Neville Gallimore,DT,LA Rams,Oklahoma
Connor Galvin,OT,Detroit,Baylor
Graham Gano,K,NY Giants,Florida State
Dallas Gant,LB,Philadelphia,Toledo
Elijah Garcia,DT,NY Giants,Rice
Dennis Gardeck,LB,Arizona,Sioux Falls
Ahmad Gardner,DB,NY Jets,Cincinnati
Chauncey Gardner-Johnson,DB,Philadelphia,Florida
Nick Gargiulo,OG,Denver,South Carolina
Jimmy Garoppolo,QB,LA Rams,Eastern Illinois
Myles Garrett,DE,Cleveland,Texas A&M
Jonathan Garvin,DE,San Francisco,Miami
Rashan Gary,LB,Green Bay,Michigan
Myles Gaskin,RB,Jacksonville,Washington
Nick Gates,C,Philadelphia,Nebraska
Matt Gay,K,Indianapolis,Utah
Willie Gay,LB,New Orleans,Mississippi State
Ali Gaye,LB,Tennessee,Louisiana State
Mike Gesicki,TE,Cincinnati,Penn State
William Gholston,DE,Tampa Bay,Michigan State
Jack Gibbens,LB,Tennessee,Minnesota
Jahmyr Gibbs,RB,Detroit,Alabama
Antonio Gibson,RB,New England,Memphis
Luke Gifford,LB,Tennessee,Nebraska
Zyon Gilbert,DB,Pittsburgh,Florida Atlantic
Joe Giles-Harris,LB,Cincinnati,Duke
Cam Gill,LB,Carolina,Wagner
Jaelen Gill,WR,Cleveland,Fresno State
Jamie Gillan,P,NY Giants,Arkansas-Pine Bluff
Reggie Gilliam,RB,Buffalo,Toledo
Blake Gillikin,P,Arizona,Penn State
Alohi Gilman,DB,LA Chargers,Notre Dame
Stephon Gilmore,DB,Minnesota,South Carolina
Tashaun Gipson,DB,San Francisco,Wyoming
Trevis Gipson,LB,Seattle,Tulsa
Xavier Gipson,WR,NY Jets,Stephen F. Austin
Kevin Givens,DT,San Francisco,Penn State
Chris Glaser,OG,Chicago,Virginia
Graham Glasgow,OG,Detroit,Michigan
Delmar Glaze,OT,Las Vegas,Maryland
Travis Glover,OT,Green Bay,Georgia State
Mark Glowinski,OG,Indianapolis,West Virginia
Davon Godchaux,DT,New England,Louisiana State
Chukwuebuka Godrick,OT,Kansas City,--
Chris Godwin,WR,Tampa Bay,Penn State
Luke Goedeke,OT,Tampa Bay,Central Michigan
Dallas Goedert,TE,Philadelphia,South Dakota State
Jared Goff,QB,Detroit,California
Eddie Goldman,DT,Atlanta,Florida State
Chauncey Golston,DE,Dallas,Iowa
Matt Goncalves,OT,Indianapolis,Pittsburgh
Christian Gonzalez,DB,New England,Oregon
Zane Gonzalez,K,Washington,Arizona State
Julian Good-Jones,OG,Washington,Iowa State
Cameron Goode,LB,Miami,California
Anthony Goodlow,DE,Arizona,Oklahoma State
Tyler Goodson,RB,Indianapolis,Iowa
C.J. Goodwin,DB,Dallas,California (PA)
Kyler Gordon,DB,Chicago,Washington
Frank Gore,RB,Buffalo,Southern Mississippi
Anthony Gould,WR,Indianapolis,Oregon State
Richard Gouraige,OT,Buffalo,Florida
Tylan Grable,OT,Buffalo,Central Florida
Brandon Graham,DE,Philadelphia,Michigan
Jalen Graham,LB,San Francisco,Purdue
Ta'Quon Graham,DT,Atlanta,Texas
Carl Granderson,DE,New Orleans,Wyoming
Cam Grandy,TE,Cincinnati,Illinois State
Kylen Granson,TE,Indianapolis,Southern Methodist
Richie Grant,DB,Atlanta,Central Florida
Cedric Gray,LB,Tennessee,North Carolina
Danny Gray,WR,Philadelphia,Southern Methodist
Eric Gray,RB,NY Giants,Oklahoma
J.T. Gray,DB,New Orleans,Mississippi State
Noah Gray,TE,Kansas City,Duke
A.J. Green,DB,LA Rams,Oklahoma State
Antoine Green,WR,Detroit,North Carolina
Art Green,DB,NY Giants,Houston
Kendrick Green,C,Houston,Illinois
Kenyon Green,OG,Houston,Texas A&M
Renardo Green,DB,San Francisco,Florida State
Jonathan Greenard,LB,Minnesota,Florida
Mike Greene,DT,Tampa Bay,James Madison
Dre Greenlaw,LB,San Francisco,Arkansas
Antonio Grier,LB,Tampa Bay,Arkansas
Will Grier,QB,Dallas,West Virginia
Shaquill Griffin,DB,Minnesota,Central Florida
Yetur Gross-Matos,DE,San Francisco,Penn State
Kamu Grugier-Hill,LB,Minnesota,Eastern Illinois
Blake Grupe,K,New Orleans,Notre Dame
Daniel Grzesiak,LB,Tampa Bay,Cincinnati
Isaac Guerendo,RB,San Francisco,Louisville
Tyler Guyton,OT,Dallas,Oklahoma
Jovaughn Gwyn,OG,Atlanta,South Carolina
Kamal Hadden,DB,Green Bay,Tennessee
Jake Haener,QB,New Orleans,Fresno State
Luke Haggard,OT,Tampa Bay,Indiana
Kahlef Hailassie,DB,Cleveland,Western Kentucky
Robert Hainsey,C,Tampa Bay,Notre Dame
Troy Hairston,RB,Houston,Central Michigan
Alex Hale,K,Green Bay,Oklahoma State
Breece Hall,RB,NY Jets,Iowa State
Bryce Hall,DB,Tampa Bay,Virginia
Derick Hall,LB,Seattle,Auburn
Gabe Hall,DT,Philadelphia,Baylor
Jaren Hall,QB,Seattle,Brigham Young
Kemon Hall,DB,Dallas,North Texas
Logan Hall,DE,Tampa Bay,Houston
Michael Hall,DT,Cleveland,Ohio State
Erick Hallett,DB,Detroit,Pittsburgh
C.J. Ham,RB,Minnesota,Augustana (SD)
Arlington Hambright,OG,Tennessee,Colorado
Antonio Hamilton,DB,Atlanta,South Carolina State
Davon Hamilton,DT,Jacksonville,Ohio State
Kyle Hamilton,DB,Baltimore,Notre Dame
KJ Hamler,WR,Buffalo,Penn State
Damar Hamlin,DB,Buffalo,Pittsburgh
Malik Hamm,LB,Baltimore,Lafayette
Dominique Hampton,DB,Washington,Washington
Nick Hampton,LB,LA Rams,Appalachian State
Blake Hance,OT,Jacksonville,Northwestern
Da'Shawn Hand,DT,Miami,Alabama
Harrison Hand,DB,Atlanta,Temple
Johnathan Hankins,DT,Seattle,Ohio State
Jake Hansen,LB,Houston,Illinois
C.J. Hanson,OG,Kansas City,Holy Cross
Jake Hanson,OG,NY Jets,Oregon
Justin Hardee,DB,Tennessee,Illinois
Myles Harden,DB,Cleveland,South Dakota
Mecole Hardman,WR,Kansas City,Georgia
Daequan Hardy,DB,Buffalo,Penn State
Daniel Hardy,LB,Chicago,Montana State
Javon Hargrave,DT,San Francisco,South Carolina State
Kelvin Harmon,WR,Dallas,North Carolina State
Devin Harper,LB,Pittsburgh,Oklahoma State
Thomas Harper,DB,Las Vegas,Notre Dame
Jaylen Harrell,LB,Tennessee,Michigan
Charles Harris,DE,Philadelphia,Missouri
Christian Harris,LB,Houston,Alabama
Darius Harris,LB,Dallas,Middle Tennessee State
Demone Harris,DE,Atlanta,Buffalo
Jonathan Harris,DE,Carolina,Lindenwood
Josh Harris,LS,LA Chargers,Auburn
Kevin Harris,RB,New England,South Carolina
Marcus Harris,DT,New England,Auburn
Najee Harris,RB,Pittsburgh,Alabama
Nick Harris,C,Cleveland,Washington
Shelby Harris,DT,Cleveland,Illinois State
William Harris,DB,New Orleans,Boston College
Anton Harrison,OT,Jacksonville,Oklahoma
Malik Harrison,LB,Baltimore,Ohio State
Marvin Harrison,WR,Arizona,Ohio State
Ronnie Harrison,DB,Indianapolis,Alabama
Zach Harrison,DE,Atlanta,Ohio State
Bobby Hart,OT,Washington,Florida State
Cam Hart,DB,LA Chargers,Notre Dame
Sam Hartman,QB,Washington,Notre Dame
Deonte Harty,WR,Baltimore,Assumption
Hassan Haskins,RB,LA Chargers,Michigan
JaMycal Hasty,RB,New England,Baylor
Hogan Hatten,LS,Detroit,Idaho
Rob Havenstein,OT,LA Rams,Wisconsin
Jaylinn Hawkins,DB,New England,California
Tre Hawkins,DB,NY Giants,Old Dominion
Matt Hayball,P,New Orleans,Vanderbilt
Josh Hayes,DB,Tampa Bay,Kansas State
Marquis Hayes,OG,Green Bay,Oklahoma
Ryan Hayes,OT,Miami,Michigan
Christian Haynes,OG,Seattle,Connecticut
Marcus Haynes,LB,Cleveland,Old Dominion
Sincere Haynesworth,C,New Orleans,Tulane
Azizi Hearn,DB,NY Giants,UCLA
Malik Heath,WR,Green Bay,Mississippi
Charlie Heck,OT,Arizona,North Carolina
Bruce Hector,DT,NY Jets,South Florida
Jack Heflin,DT,LA Rams,Iowa
Taylor Heinicke,QB,LA Chargers,Old Dominion
Johnny Hekker,P,Carolina,Oregon State
DeMarcco Hellams,DB,Atlanta,Alabama
Peyton Hendershot,TE,Kansas City,Indiana
C.J. Henderson,DB,Pittsburgh,Florida
LaDarius Henderson,OT,Houston,Michigan
Trey Hendrickson,DE,Cincinnati,Florida Atlantic
Daiyan Henley,LB,LA Chargers,Washington State
Matt Hennessy,C,Atlanta,Temple
Thomas Hennessy,LS,NY Jets,Duke
Matt Henningsen,DE,Denver,Wisconsin
Derrick Henry,RB,Baltimore,Alabama
Hunter Henry,TE,New England,Arkansas
K.J. Henry,DE,Philadelphia,Clemson
Justin Herbert,QB,LA Chargers,Oregon
Khalil Herbert,RB,Cincinnati,Virginia Tech
Nate Herbig,OG,Pittsburgh,Stanford
Nick Herbig,LB,Pittsburgh,Wisconsin
Kyle Hergel,OG,New Orleans,Boston College
Will Hernandez,OG,Arizona,Texas-El Paso
Tre Herndon,DB,New Orleans,Vanderbilt
Malik Herring,DE,Kansas City,Georgia
Justin Herron,OT,New Orleans,Wake Forest
Neville Hewitt,LB,Houston,Marshall
Cameron Heyward,DT,Pittsburgh,Ohio State
Connor Heyward,RB,Pittsburgh,Michigan State
Shaka Heyward,LB,Cincinnati,Duke
Ronnie Hickman,DB,Cleveland,Ohio State
Elijah Hicks,DB,Chicago,California
Jaden Hicks,DB,Kansas City,Washington State
Jordan Hicks,LB,Cleveland,Texas
Julian Hicks,WR,Green Bay,Albany (NY)
Tyler Higbee,TE,LA Rams,Western Kentucky
Elijah Higgins,TE,Arizona,Stanford
Tee Higgins,WR,Cincinnati,Clemson
Alex Highsmith,LB,Pittsburgh,North Carolina-Charlotte
B.J. Hill,DT,Cincinnati,North Carolina State
Brandon Hill,DB,Houston,Pittsburgh
Daxton Hill,DB,Cincinnati,Michigan
Jamal Hill,LB,Houston,Oregon
Julian Hill,TE,Miami,Campbell
Justice Hill,RB,Baltimore,Oklahoma State
Taysom Hill,TE,New Orleans,Brigham Young
Trey Hill,C,Cincinnati,Georgia
Troy Hill,DB,Tampa Bay,Oregon
Trysten Hill,DT,Indianapolis,Central Florida
Tyreek Hill,WR,Miami,West Alabama
Mike Hilton,DB,Cincinnati,Mississippi
Chasen Hines,C,Miami,Louisiana State
Nyheim Hines,RB,Cleveland,North Carolina State
Joshua Hines-Allen,DE,Jacksonville,Kentucky
Kurt Hinish,DT,Houston,Notre Dame
Chris Hinton,DT,LA Chargers,Michigan
Kyle Hinton,OG,Atlanta,Washburn
Nate Hobbs,DB,Las Vegas,Illinois
T.J. Hockenson,TE,Minnesota,Iowa
Khadarel Hodge,WR,Atlanta,Prairie View A&M
Cooper Hodges,OT,Jacksonville,Appalachian State
Tre'Vius Hodges-Tomlinson,DB,LA Rams,Texas Christian
Isaiah Hodgins,WR,NY Giants,Oregon State
Michael Hoecht,LB,LA Rams,Brown
Brock Hoffman,C,Dallas,Virginia Tech
George Holani,RB,Seattle,Boise State
Cole Holcomb,LB,Pittsburgh,North Carolina
Dallin Holker,TE,New Orleans,Colorado State
Jevon Holland,DB,Miami,Oregon
Mack Hollins,WR,Buffalo,North Carolina
Ka'dar Hollman,DB,Houston,Toledo
Darnay Holmes,DB,Las Vegas,UCLA
Jalyn Holmes,DT,Washington,Ohio State
Travis Homer,RB,Chicago,Miami
Amani Hooker,DB,Tennessee,Iowa
Hendon Hooker,QB,Detroit,Tennessee
Malik Hooker,DB,Dallas,Ohio State
Austin Hooper,TE,New England,Stanford
DeAndre Hopkins,WR,Kansas City,Clemson
Dustin Hopkins,K,Cleveland,Florida State
Ty'Ron Hopper,LB,Green Bay,Missouri
Jaycee Horn,DB,Carolina,South Carolina
Timmy Horne,DT,NY Giants,Kansas State
Dylan Horton,DE,Houston,Texas Christian
Dennis Houston,WR,Tampa Bay,Western Illinois
James Houston,DE,Cleveland,Jackson State
Tytus Howard,OT,Houston,Alabama State
Jordan Howden,DB,New Orleans,Minnesota
Sam Howell,QB,Seattle,North Carolina
Chris Hubbard,OT,NY Giants,Alabama-Birmingham
Chuba Hubbard,RB,Carolina,Oklahoma State
Sam Hubbard,DE,Cincinnati,Ohio State
Bryan Hudson,C,NY Giants,Louisville
James Hudson,OT,Cleveland,Cincinnati
Khaleke Hudson,LB,Cleveland,Michigan
Tanner Hudson,TE,Cincinnati,Southern Arkansas
Talanoa Hufanga,DB,San Francisco,Southern California
Bryce Huff,LB,Philadelphia,Memphis
Jerry Hughes,DE,Houston,Texas Christian
Mike Hughes,DB,Atlanta,Central Florida
Charley Hughlett,LS,Cleveland,Central Florida
Evan Hull,RB,Indianapolis,Northwestern
Jake Hummel,LB,LA Rams,Iowa State
Creed Humphrey,C,Kansas City,Oklahoma
Lil'Jordan Humphrey,WR,Denver,Texas
Marlon Humphrey,DB,Baltimore,Alabama
D.J. Humphries,OT,Kansas City,Florida
Jalyx Hunt,LB,Philadelphia,Houston Baptist
Kareem Hunt,RB,Kansas City,Toledo
Robert Hunt,OG,Carolina,Louisiana-Lafayette
Danielle Hunter,DE,Houston,Louisiana State
Tyler Huntley,QB,Miami,Utah
Hayden Hurst,TE,LA Chargers,South Carolina
Maurice Hurst,DT,Cleveland,Michigan
Jalen Hurts,QB,Philadelphia,Oklahoma
Aidan Hutchinson,DE,Detroit,Michigan
Xavier Hutchinson,WR,Houston,Iowa State
Jalin Hyatt,WR,NY Giants,Tennessee
Micah Hyde,DB,Buffalo,Iowa
Germain Ifedi,OG,Cleveland,Texas A&M
Noah Igbinoghene,DB,Washington,Auburn
Siaki Ika,DT,Kansas City,Baylor
Thomas Incoom,LB,Carolina,Central Michigan
Tanner Ingle,DB,LA Rams,North Carolina State
Alec Ingold,RB,Miami,Wisconsin
Edward Ingram,OG,Minnesota,Louisiana State
Ja'Marcus Ingram,DB,Buffalo,Buffalo
Keaontay Ingram,RB,Kansas City,Southern California
Andrei Iosivas,WR,Cincinnati,Princeton
Mar'Keise Irving,RB,Tampa Bay,Oregon
Trenton Irwin,WR,Carolina,Stanford
Adisa Isaac,LB,Baltimore,Penn State
Keenan Isaac,DB,Las Vegas,Alabama State
Qadir Ismail,TE,Baltimore,Samford
Isaiah Iton,DT,Tennessee,Rutgers
DJ Ivey,DB,Cincinnati,Miami
Christian Izien,DB,Tampa Bay,Rutgers
Adoree' Jackson,DB,NY Giants,Southern California
Alaric Jackson,OT,LA Rams,Iowa
Austin Jackson,OT,Miami,Southern California
Brennan Jackson,LB,LA Rams,Washington State
D'Marco Jackson,LB,New Orleans,Appalachian State
Dane Jackson,DB,Carolina,Pittsburgh
Dequan Jackson,LB,Miami,Colorado State
Donte Jackson,DB,Pittsburgh,Louisiana State
Drake Jackson,DL,San Francisco,Southern California
JaQuae Jackson,WR,New England,Rutgers
Jermaine Jackson,WR,New Orleans,Idaho
Jha'Quan Jackson,WR,Tennessee,Tulane
John Jackson,WR,Chicago,Nevada
Jonah Jackson,OG,LA Rams,Ohio State
Jordan Jackson,DT,Denver,Air Force
Kareem Jackson,DB,Buffalo,Alabama
Kearis Jackson,WR,NY Giants,Georgia
Lamar Jackson,QB,Baltimore,Louisville
Lamar Jackson,DB,Atlanta,Nebraska
Lucky Jackson,WR,Minnesota,Western Kentucky
Matthew Jackson,DB,Jacksonville,Eastern Kentucky
McKinnley Jackson,DT,Cincinnati,Texas A&M
Michael Jackson,DB,Carolina,Miami
Shedrick Jackson,WR,Las Vegas,Auburn
Tarron Jackson,DE,Philadelphia,Coastal Carolina
Theo Jackson,DB,Minnesota,Tennessee
Trishton Jackson,WR,Minnesota,Syracuse
Tyree Jackson,TE,Washington,Buffalo
Curtis Jacobs,LB,New England,Penn State
Demontrey Jacobs,OT,New England,South Florida
Josh Jacobs,RB,Green Bay,Alabama
Michael Jacobson,TE,New Orleans,Iowa State
Brenden Jaimes,OG,LA Chargers,Nebraska
Andre James,C,Las Vegas,UCLA
Derwin James,DB,LA Chargers,Florida State
DJ James,DB,New England,Auburn
D'Shawn Jamison,DB,Pittsburgh,Texas
J.J. Jansen,LS,Carolina,Notre Dame
Grady Jarrett,DT,Atlanta,Clemson
Rakim Jarrett,WR,Tampa Bay,Maryland
Javontae Jean-Baptiste,DE,Washington,Notre Dame
Jeremiah Jean-Baptiste,LB,LA Chargers,Mississippi
Shemar Jean-Charles,DB,New Orleans,Appalachian State
Trajan Jeffcoat,DE,New Orleans,Arkansas
Jermar Jefferson,RB,Detroit,Oregon State
Jordan Jefferson,DT,Jacksonville,Louisiana State
Justin Jefferson,WR,Minnesota,Louisiana State
Quinton Jefferson,DT,Buffalo,Maryland
Tony Jefferson,DB,LA Chargers,Oklahoma
Van Jefferson,WR,Pittsburgh,Florida
E.J. Jenkins,TE,Philadelphia,Georgia Tech
Elgton Jenkins,OG,Green Bay,Mississippi State
John Jenkins,DT,Las Vegas,Georgia
Kris Jenkins,DT,Cincinnati,Michigan
Rayshawn Jenkins,DB,Seattle,Miami
Teven Jenkins,OG,Chicago,Oklahoma State
Anfernee Jennings,LB,New England,Alabama
Donovan Jennings,OT,Green Bay,South Florida
Jauan Jennings,WR,San Francisco,Tennessee
Terrell Jennings,RB,New England,Florida A&M
Michael Jerrell,OT,Seattle,Findlay
Jerry Jeudy,WR,Cleveland,Alabama
Gabe Jeudy-Lally,DB,Tennessee,Tennessee
Josey Jewell,LB,Carolina,Iowa
Jon Jiles Jr.,WR,New England,West Florida
Josh Jobe,DB,Seattle,Alabama
Jacob Johanning,OG,Las Vegas,Furman
Alex Johnson,DB,Indianapolis,UCLA
Anthony Johnson,DB,NY Giants,Iowa State
Antonio Johnson,DB,Jacksonville,Texas A&M
Austin Johnson,DT,Buffalo,Penn State
Brandon Johnson,WR,Pittsburgh,Central Florida
Buddy Johnson,LB,Dallas,Texas A&M
Caleb Johnson,LB,Jacksonville,Houston Baptist
Cedric Johnson,DE,Cincinnati,Mississippi
Collin Johnson,WR,Chicago,Texas
Cornelius Johnson,WR,Green Bay,Michigan
D'Ernest Johnson,RB,Jacksonville,South Florida
D.J. Johnson,LB,Carolina,Oregon
Desjuan Johnson,DE,LA Rams,Toledo
Dyontae Johnson,LB,NY Giants,Toledo
Emany Johnson,DB,LA Chargers,Nevada
Eric Johnson,DT,New England,Missouri State
Fred Johnson,OT,Philadelphia,Florida
Isaiah Johnson,DB,Miami,Syracuse
Jaylen Johnson,WR,LA Chargers,East Carolina
Jaylon Johnson,DB,Chicago,Utah
Jermaine Johnson,LB,NY Jets,Florida State
John Johnson,DB,LA Rams,Boston College
Johnny Johnson,WR,Houston,Oregon
Josh Johnson,QB,Baltimore,San Diego
Juwan Johnson,TE,New Orleans,Oregon
Kameron Johnson,WR,Tampa Bay,Barton
Kyron Johnson,LB,Tennessee,Kansas
Lane Johnson,OT,Philadelphia,Oklahoma
Lonnie Johnson,DB,Carolina,Kentucky
Marcellus Johnson,OT,NY Giants,Missouri
Nazeeh Johnson,DB,Kansas City,Marshall
Neal Johnson,TE,NY Jets,Louisiana-Lafayette
Paris Johnson,OT,Arizona,Ohio State
Patrick Johnson,LB,NY Giants,Tulane
Quindell Johnson,DB,LA Rams,Memphis
Raymond Johnson,DE,Cincinnati,Georgia Southern
Roschon Johnson,RB,Chicago,Texas
Taron Johnson,DB,Buffalo,Weber State
Theo Johnson,TE,NY Giants,Penn State
Ty Johnson,RB,Buffalo,Maryland
Tyler Johnson,WR,LA Rams,Minnesota
Xavier Johnson,WR,Houston,Ohio State
Zion Johnson,OG,LA Chargers,Boston College
Cameron Johnston,P,Pittsburgh,Ohio State
Quentin Johnston,WR,LA Chargers,Texas Christian
Shaun Jolly,DB,LA Rams,Appalachian State
Kingsley Jonathan,DE,Buffalo,Syracuse
Aaron Jones,RB,Minnesota,Texas-El Paso
Andre Jones,DE,Washington,Louisiana-Lafayette
Benito Jones,DT,Miami,Mississippi
Brandon Jones,DB,Denver,Texas
Braxton Jones,OT,Chicago,Southern Utah
Broderick Jones,OT,Pittsburgh,Georgia
Caleb Jones,OT,New England,Indiana
Cam Jones,LB,Kansas City,Indiana
Carl Jones,LB,Chicago,UCLA
Charlie Jones,WR,Cincinnati,Purdue
Chris Jones,DT,Kansas City,Mississippi State
Christian Jones,OT,Arizona,Texas
D.J. Jones,DT,Denver,Mississippi
Daniel Jones,QB,Minnesota,Duke
DaQuan Jones,DT,Buffalo,Penn State
Dawand Jones,OT,Cleveland,Ohio State
Deion Jones,LB,Tampa Bay,Louisiana State
Dre'Mont Jones,DE,Seattle,Ohio State
Elijah Jones,DB,Arizona,Boston College
Ernest Jones,LB,Seattle,South Carolina
Jack Jones,DB,Las Vegas,Arizona State
Jamarco Jones,OT,Detroit,Ohio State
Jarrian Jones,DB,Jacksonville,Florida State
Jaylon Jones,DB,Chicago,Mississippi
Jaylon Jones,DB,Indianapolis,Texas A&M
Jeshaun Jones,WR,Minnesota,Maryland
Jonathan Jones,DB,New England,Auburn
Josh Jones,OT,Baltimore,Houston
Justin Jones,DT,Arizona,North Carolina State
Levi Jones,LB,Tampa Bay,North Carolina State
Mac Jones,QB,Jacksonville,Alabama
Marcus Jones,DB,New England,Houston
Naquan Jones,DT,Arizona,Michigan State
Nic Jones,DB,Kansas City,Ball State
Patrick Jones,LB,Minnesota,Pittsburgh
Robert Jones,OG,Miami,Middle Tennessee State
Steven Jones,OG,Jacksonville,Oregon
Tim Jones,WR,Jacksonville,Southern Mississippi
Tony Jones,RB,Arizona,Notre Dame
Travis Jones,DT,Baltimore,Connecticut
Truman Jones,DE,New England,Harvard
Velus Jones,WR,Carolina,Tennessee
Zay Jones,WR,Arizona,East Carolina
Brevin Jordan,TE,Houston,Miami
Cameron Jordan,DE,New Orleans,California
Jawhar Jordan,RB,Houston,Louisville
Michael Jordan,OG,Green Bay,Ohio State
Greg Joseph,K,Washington,Florida Atlantic
Kelvin Joseph,DB,Minnesota,Kentucky
Kerby Joseph,DB,Detroit,Illinois
Linval Joseph,DT,Dallas,East Carolina
Sebastian Joseph,DE,Tennessee,Rutgers
Matt Judon,LB,Atlanta,Grand Valley State
P.J. Jules,DB,Cincinnati,Southern Illinois
Gregory Junior,DB,Houston,Ouachita Baptist
Cameron Jurgens,C,Philadelphia,Nebraska
Michael Jurgens,OG,Minnesota,Wake Forest
Kyle Juszczyk,RB,San Francisco,Harvard
Nikola Kalinic,TE,LA Rams,York (Canada)
Alvin Kamara,RB,New Orleans,Tennessee
Mohamed Kamara,LB,Miami,Colorado State
Sam Kamara,DE,Cleveland,Stony Brook
Calijah Kancey,DT,Tampa Bay,Pittsburgh
Sanoussi Kane,DB,Baltimore,Purdue
Khalid Kareem,DE,Atlanta,Notre Dame
George Karlaftis,DE,Kansas City,Purdue
Ted Karras,C,Cincinnati,Illinois
Joshua Karty,K,LA Rams,Stanford
Damontae Kazee,DB,Pittsburgh,San Diego State
Trevor Keegan,OG,Philadelphia,Michigan
Dalton Keene,TE,Houston,Virginia Tech
Case Keenum,QB,Houston,Houston
Travis Kelce,TE,Kansas City,Cincinnati
Joshua Kelley,RB,Tennessee,UCLA
John Kelly,RB,LA Chargers,Tennessee
Kyu Blu Kelly,DB,Las Vegas,Stanford
Ryan Kelly,C,Indianapolis,Alabama
Anthony Kendall,DB,Baltimore,Baldwin-Wallace
Derion Kendrick,DB,LA Rams,Georgia
Eric Kendricks,LB,Dallas,UCLA
Tom Kennedy,WR,Detroit,Bryant
Arden Key,LB,Tennessee,Louisiana State
Devon Key,DB,Denver,Western Kentucky
Jaylen Key,DB,Cincinnati,Alabama
Ramel Keyton,WR,Las Vegas,Tennessee
Jacob Kibodi,RB,Cleveland,Louisiana-Lafayette
Ko Kieft,TE,Tampa Bay,Minnesota
Miles Killebrew,DB,Pittsburgh,Southern Utah
Dalton Kincaid,TE,Buffalo,Utah
Kamren Kinchens,DB,LA Rams,Miami
Desmond King,DB,Baltimore,Iowa
Kalen King,DB,Green Bay,Penn State
Kevin King,DB,Atlanta,Washington
Jarrett Kingston,OG,Carolina,Southern California
Javon Kinlaw,DT,NY Jets,South Carolina
Darian Kinnard,OT,Philadelphia,Kentucky
Mason Kinsey,WR,Tennessee,Berry
Christian Kirk,WR,Jacksonville,Texas A&M
Jaxson Kirkland,OG,Cincinnati,Washington
Keith Kirkwood,WR,Baltimore,Temple
George Kittle,TE,San Francisco,Iowa
Elijah Klein,OG,Tampa Bay,Texas-El Paso
Cole Kmet,TE,Chicago,Notre Dame
Marshawn Kneeland,DE,Dallas,Western Michigan
Tyrice Knight,LB,Seattle,Texas-El Paso
Zonovan Knight,RB,NY Jets,North Carolina State
Dawson Knox,TE,Buffalo,Mississippi
Tanner Knue,WR,Tampa Bay,Eastern Michigan
Kader Kohou,DB,Miami,Texas A&M-Commerce
Charlie Kolar,TE,Baltimore,Iowa State
Younghoe Koo,K,Atlanta,Georgia Southern
Malcolm Koonce,DE,Las Vegas,Buffalo
Tanoh Kpassagnon,DE,New Orleans,Villanova
Tucker Kraft,TE,Green Bay,South Dakota State
Doug Kramer,C,Chicago,Illinois
Casey Kreiter,LS,NY Giants,Iowa
Jamree Kromah,DE,Chicago,James Madison
Lucas Krull,TE,Denver,Pittsburgh
Jake Kubas,OG,NY Giants,North Dakota State
Christian Kuntz,LS,Pittsburgh,Duquesne
Zack Kuntz,TE,NY Jets,Old Dominion
Cooper Kupp,WR,LA Rams,Eastern Washington
William Kwenkeu,LB,Baltimore,Temple
Tyler Lacy,DT,Jacksonville,Oklahoma State
Quentin Lake,DB,LA Rams,UCLA
CeeDee Lamb,WR,Dallas,Oklahoma
Kendall Lamm,OT,Miami,Appalachian State
Chris Lammons,DB,Indianapolis,South Carolina
Cam Lampkin,DB,LA Rams,Washington State
Trey Lance,QB,Dallas,North Dakota State
Isaiah Land,DE,Indianapolis,Florida A&M
Nate Landman,LB,Atlanta,Colorado
Harold Landry,LB,Tennessee,Boston College
Sam LaPorta,TE,Detroit,Iowa
Kamari Lassiter,DB,Houston,Georgia
JC Latham,OT,Tennessee,Alabama
Marshon Lattimore,DB,Washington,Ohio State
Laiatu Latu,DE,Indianapolis,UCLA
Dylan Laube,RB,Las Vegas,New Hampshire
Jonah Laulu,DT,Las Vegas,Oklahoma
Sataoa Laumea,OG,Seattle,Utah
Demarcus Lawrence,DE,Dallas,Boise State
Dexter Lawrence,DT,NY Giants,Clemson
Trevor Lawrence,QB,Jacksonville,Clemson
Carl Lawson,DE,Dallas,Auburn
Raheem Layne,DB,NY Giants,Indiana
Allen Lazard,WR,NY Jets,Iowa State
DeMarvin Leal,DE,Pittsburgh,Texas A&M
Devin Leary,QB,Baltimore,Kentucky
Jeremiah Ledbetter,DT,Jacksonville,Arkansas
Logan Lee,DT,Pittsburgh,Iowa
Matthew Lee,C,Cincinnati,Miami
Xavier Legette,WR,Carolina,South Carolina
John Leglue,OG,Pittsburgh,Tulane
Shane Lemieux,OG,New Orleans,Oregon
Deommodore Lenoir,DB,San Francisco,Oregon
Titus Leo,LB,New England,Wagner
Deane Leonard,DB,LA Chargers,Mississippi
Eku Leota,LB,Pittsburgh,Auburn
Kohl Levao,OL,NY Jets,Hawaii
Nick Leverett,OG,Arizona,Rice
Kaitori Leveston,OG,LA Rams,Kansas State
Corey Levin,C,Tennessee,Tennessee-Chattanooga
Will Levis,QB,Tennessee,Kentucky
Cameron Lewis,DB,Buffalo,Buffalo
Damien Lewis,OG,Carolina,Louisiana State
Jourdan Lewis,DB,Dallas,Michigan
Marcedes Lewis,TE,Chicago,UCLA
Tyquan Lewis,DE,Indianapolis,Ohio State
Isaiah Likely,TE,Baltimore,Coastal Carolina
Beaux Limmer,C,LA Rams,Arkansas
Tyler Linderbaum,C,Baltimore,Iowa
Chris Lindstrom,OG,Atlanta,Boston College
Cam Little,K,Jacksonville,Arkansas
Walker Little,OT,Jacksonville,Stanford
Marist Liufau,LB,Dallas,Notre Dame
Devin Lloyd,LB,Jacksonville,Utah
MarShawn Lloyd,RB,Green Bay,Southern California
Drew Lock,QB,NY Giants,Missouri
P.J. Locke,DB,Denver,Texas
Tyler Lockett,WR,Seattle,Kansas State
Zion Logue,DT,Buffalo,Georgia
Drake London,WR,Atlanta,Southern California
LaCale London,DL,Atlanta,Western Illinois
David Long,DB,Indianapolis,Michigan
David Long,LB,Detroit,West Virginia
Hunter Long,TE,LA Rams,Boston College
Roy Lopez,DT,Arizona,Arizona
Isaiahh Loudermilk,DT,Pittsburgh,Wisconsin
Rick Lovato,LS,Philadelphia,Old Dominion
Jordan Love,QB,Green Bay,Utah State
Julian Love,DB,Seattle,Notre Dame
Fabien Lovett,DT,Kansas City,Florida State
Vederian Lowe,OT,New England,Illinois
Dean Lowry,DT,Pittsburgh,Northwestern
Abraham Lucas,OT,Seattle,Washington State
Chase Lucas,DB,San Francisco,Arizona State
Cornelius Lucas,OT,Washington,Kansas State
Hunter Luepke,RB,Dallas,North Dakota State
Jesse Luketa,LB,Arizona,Penn State
Darrell Luter,DB,San Francisco,South Alabama
T.J. Luther,WR,Carolina,Gardner-Webb
Jake Luton,QB,Las Vegas,Oregon State
Wil Lutz,K,Denver,Georgia State
Frankie Luvu,LB,Washington,Washington State
James Lynch,DT,Tennessee,Baylor
Nate Lynn,DE,Detroit,William & Mary
Tyler Mabry,TE,Seattle,Maryland
Khalil Mack,LB,LA Chargers,Buffalo
Avonte Maddox,DB,Philadelphia,Pittsburgh
Justin Madubuike,DT,Baltimore,Texas A&M
Boye Mafe,LB,Seattle,Minnesota
Atonio Mafi,OG,Indianapolis,UCLA
Jordan Magee,LB,Washington,Temple
Christian Mahogany,OG,Detroit,Boston College
Patrick Mahomes,QB,Kansas City,Texas Tech
Jaylen Mahoney,DB,San Francisco,Vanderbilt
Jordan Mailata,OT,Philadelphia,--
Jason Maitre,DB,Miami,Wisconsin
Dashaun Mallory,DT,Chicago,Arizona State
Will Mallory,TE,Indianapolis,Miami
DeAngelo Malone,LB,Atlanta,Western Kentucky
Chris Manhertz,TE,NY Giants,Canisius
Braden Mann,P,Philadelphia,Texas A&M
Tashawn Manning,OG,Cincinnati,Kentucky
Tyler Manoa,DT,Las Vegas,Arizona
Giovanni Manu,OT,Detroit,British Columbia
Marte Mapu,DB,New England,Sacramento State
Marcus Mariota,QB,Washington,Oregon
Terrace Marshall,WR,Las Vegas,Louisiana State
Brodric Martin,DT,Detroit,Western Kentucky
Jacob Martin,DE,Chicago,Temple
Jartavius Martin,DB,Washington,Illinois
Jeremiah Martin,DE,Green Bay,Washington
Sam Martin,P,Buffalo,Appalachian State
Tay Martin,WR,Tennessee,Oklahoma State
Zack Martin,OG,Dallas,Notre Dame
David Martin-Robinson,TE,Tennessee,Temple
Adrian Martinez,QB,NY Jets,Kansas State
Jordan Mason,RB,San Francisco,Georgia Tech
Shaquille Mason,OG,Houston,Georgia Tech
Luke Masterson,LB,Las Vegas,Wake Forest
Tyler Matakevich,LB,Pittsburgh,Temple
Tyrann Mathieu,DB,New Orleans,Louisiana State
Damarri Mathis,DB,Denver,Pittsburgh
Ochaun Mathis,LB,Philadelphia,Nebraska
Phidarian Mathis,DT,Washington,Alabama
Ross Matiscik,LS,Jacksonville,Baylor
Scott Matlock,RB,LA Chargers,Boise State
Bayron Matos,OT,Miami,South Florida
Christian Matthew,DB,Baltimore,Valdosta State
Jake Matthews,OT,Atlanta,Texas A&M
Jesse Matthews,WR,Atlanta,San Diego State
Jordan Matthews,TE,Carolina,Vanderbilt
Alexander Mattison,RB,Las Vegas,Boise State
Cody Mauch,OG,Tampa Bay,North Dakota State
Kana'i Mauga,LB,Las Vegas,Southern California
Arthur Maulet,DB,Baltimore,Memphis
Drake Maye,QB,New England,North Carolina
Marcus Maye,DB,LA Chargers,Florida
Michael Mayer,TE,Las Vegas,Notre Dame
Baker Mayfield,QB,Tampa Bay,Oklahoma
Cade Mays,C,Carolina,Tennessee
Roy Mbaeteka,OT,Cleveland,--
Tyreik McAllister,RB,Las Vegas,Charleston
Jude McAtamney,K,NY Giants,Rutgers
Trey McBride,TE,Arizona,Colorado State
Christian McCaffrey,RB,San Francisco,Stanford
Luke McCaffrey,WR,Washington,Rice
Bobby McCain,DB,Minnesota,Memphis
Tanner McCalister,DB,Denver,Ohio State
J.J. McCarthy,QB,Minnesota,Michigan
Jase McClellan,RB,Atlanta,Alabama
Warren McClendon,OT,LA Rams,Georgia
Nick McCloud,DB,San Francisco,Notre Dame
Ray Ray McCloud,WR,Atlanta,Clemson
Jaylen McCollough,DB,LA Rams,Tennessee
Ryan McCollum,C,Pittsburgh,Texas A&M
Tristin McCollum,DB,Philadelphia,Sam Houston State
Zyon McCollum,DB,Tampa Bay,Sam Houston State
Ladd McConkey,WR,LA Chargers,Georgia
Mason McCormick,OG,Pittsburgh,South Dakota State
Sincere McCormick,RB,Las Vegas,Texas-San Antonio
Erik McCoy,C,New Orleans,Texas A&M
Marcelino McCrary-Ball,LB,NY Jets,Indiana
Roger McCreary,DB,Tennessee,Auburn
Liam McCullough,LS,Atlanta,Ohio State
Conor McDermott,OT,LA Rams,UCLA
Will McDonald,DE,NY Jets,Iowa State
Isaiah McDuffie,LB,Green Bay,Boston College
Trent McDuffie,DB,Kansas City,Washington
Jordan McFadden,OG,LA Chargers,Clemson
Micah McFadden,LB,NY Giants,Indiana
Kaleb McGary,OT,Atlanta,Washington
T.Y. McGill,DT,Cleveland,North Carolina State
Mike McGlinchey,OT,Denver,Notre Dame
Dwight McGlothern,DB,Minnesota,Arkansas
Alex McGough,QB,Green Bay,Florida International
Connor McGovern,OG,Buffalo,Penn State
Braiden McGregor,DE,NY Jets,Michigan
Cameron McGrone,LB,Indianapolis,Michigan
Isaiah McGuire,DE,Cleveland,Missouri
Kenny McIntosh,RB,Seattle,Georgia
Tanner McKee,QB,Philadelphia,Stanford
Isaiah McKenzie,WR,Miami,Georgia
Jalen McKenzie,OT,NY Giants,Southern California
Sean McKeon,TE,Indianapolis,Michigan
Xavier McKinney,DB,Green Bay,Alabama
Ga'Quincy McKinstry,DB,New Orleans,Alabama
Tre' McKitty,TE,Cleveland,Georgia
Colton McKivitz,OT,San Francisco,West Virginia
Tanner McLachlan,TE,Cincinnati,Arizona
Chase McLaughlin,K,Tampa Bay,Illinois
Jaleel McLaughlin,RB,Denver,Youngstown State
Terry McLaurin,WR,Washington,Ohio State
Tyler McLellan,OT,LA Chargers,Campbell
Derrick McLendon,DE,Miami,Colorado
T.K. McLendon,DE,Tennessee,Eastern Kentucky
Rodney McLeod,DB,Cleveland,Virginia
Dylan McMahon,C,LA Rams,North Carolina State
Brandon McManus,K,Green Bay,Temple
Jalen McMillan,WR,Tampa Bay,Washington
Ja'Quan McMillian,DB,Denver,East Carolina
Patrick McMorris,DB,Miami,California
Alim McNeill,DT,Detroit,North Carolina State
Jeremy McNichols,RB,Washington,Boise State
Zech McPhearson,DB,Jacksonville,Texas Tech
Evan McPherson,K,Cincinnati,Florida
Jake McQuaide,LS,Miami,Ohio State
Jerrod Means,WR,New Orleans,Pittsburgh
Quinn Meinerz,OG,Denver,Wisconsin-Whitewater
Patrick Mekari,OT,Baltimore,California
Ifeatu Melifonwu,DB,Detroit,Syracuse
Bo Melton,WR,Green Bay,Rutgers
Max Melton,DB,Arizona,Rutgers
Jordan Meredith,OG,Las Vegas,Western Kentucky
Ellis Merriweather,RB,Green Bay,Massachusetts
Kaevon Merriweather,DB,Tampa Bay,Iowa
D.K. Metcalf,WR,Seattle,Mississippi
John Metchie,WR,Houston,Alabama
Josh Metellus,DB,Minnesota,Michigan
McKade Mettauer,OG,Kansas City,Oklahoma
Lorenz Metz,OT,Tampa Bay,Cincinnati
Andrew Meyer,OT,Miami,Texas-El Paso
Jakobi Meyers,WR,Las Vegas,North Carolina State
Matt Milano,LB,Buffalo,Boston College
Joshua Miles,OT,NY Giants,Morgan State
Anthony Miller,WR,Baltimore,Memphis
Dante Miller,RB,NY Giants,South Carolina
Jordan Miller,DT,Denver,Southern Methodist
Kendre Miller,RB,New Orleans,Texas Christian
Kolton Miller,OT,Las Vegas,UCLA
Ryan Miller,WR,Tampa Bay,Furman
Scott Miller,WR,Pittsburgh,Bowling Green
Ventrell Miller,LB,Jacksonville,Florida
Von Miller,LB,Buffalo,Texas A&M
Davis Mills,QB,Houston,Stanford
Jalen Mills,DB,NY Jets,Louisiana State
Dax Milne,WR,Carolina,Brigham Young
Joe Milton,QB,New England,Tennessee
Kendall Milton,RB,Cincinnati,Georgia
Amarius Mims,OT,Cincinnati,Georgia
Jordan Mims,RB,New Orleans,Fresno State
Marvin Mims,WR,Denver,Oklahoma
Jonathan Mingo,WR,Dallas,Mississippi
Gardner Minshew,QB,Las Vegas,Washington State
Adonai Mitchell,WR,Indianapolis,Texas
Cameron Mitchell,DB,Cleveland,Northwestern
Elijah Mitchell,RB,San Francisco,Louisiana-Lafayette
Jackson Mitchell,LB,Carolina,Connecticut
James Mitchell,TE,Detroit,Virginia Tech
Keaton Mitchell,RB,Baltimore,East Carolina
Max Mitchell,OT,NY Jets,Louisiana-Lafayette
Quinyon Mitchell,DB,Philadelphia,Toledo
Zaire Mitchell-Paden,TE,Baltimore,Florida Atlantic
Joe Mixon,RB,Houston,Oklahoma
Tre'von Moehrig,DB,Las Vegas,Texas Christian
Brock Mogensen,LB,Dallas,South Dakota
Elijah Molden,DB,LA Chargers,Washington
Jacob Monk,C,Green Bay,Duke
Jarius Monroe,DB,NY Jets,Tulane
D.J. Montgomery,WR,Indianapolis,Austin Peay
David Montgomery,RB,Detroit,Iowa State
Jake Moody,K,San Francisco,Michigan
Jeremiah Moon,LB,Pittsburgh,Florida
Darnell Mooney,WR,Atlanta,Tulane
D.J. Moore,WR,Chicago,Maryland
Dan Moore,OT,Pittsburgh,Texas A&M
David Moore,WR,Carolina,East Central (OK)
Elijah Moore,WR,Cleveland,Mississippi
Jaylon Moore,OT,San Francisco,Western Michigan
Kenny Moore,DB,Indianapolis,Valdosta State
Nick Moore,LS,Baltimore,Georgia
Rondale Moore,WR,Atlanta,Purdue
Skyy Moore,WR,Kansas City,Western Michigan
Tarvarius Moore,DB,Chicago,Southern Mississippi
Tanner Mordecai,QB,San Francisco,Wisconsin
Fabian Moreau,DB,Minnesota,UCLA
Foster Moreau,TE,New Orleans,Louisiana State
Jordan Morgan,OT,Green Bay,Arizona
Stanley Morgan,WR,Tennessee,Nebraska
Mike Morris,DE,Seattle,Michigan
Quintin Morris,TE,Buffalo,Bowling Green
Wanya Morris,OT,Kansas City,Oklahoma
Tre'mon Morris-Brash,LB,LA Chargers,Central Florida
Jimmy Morrissey,C,NY Giants,Pittsburgh
Mitch Morse,C,Jacksonville,Missouri
Thomas Morstead,P,NY Jets,Southern Methodist
Arron Mosby,LB,Green Bay,Fresno State
Emmanuel Moseley,DB,Detroit,Tennessee
Morgan Moses,OT,NY Jets,Virginia
C.J. Mosley,LB,NY Jets,Alabama
Riley Moss,DB,Denver,Iowa
Zack Moss,RB,Cincinnati,Utah
Raheem Mostert,RB,Miami,Purdue
Taylor Moton,OT,Carolina,Western Michigan
Darius Muasau,LB,NY Giants,UCLA
Al-Quadin Muhammad,DL,Detroit,Miami
Israel Mukuamu,DB,Dallas,South Carolina
Trayvon Mullen,DB,Baltimore,Clemson
Nick Mullens,QB,Minnesota,Southern Mississippi
Chad Muma,LB,Jacksonville,Wyoming
John Mundt,TE,Minnesota,Oregon
Thayer Munford,OT,Las Vegas,Ohio State
Calvin Munson,LB,Minnesota,San Diego State
Larrell Murchison,DT,LA Rams,North Carolina State
Byron Murphy,DB,Minnesota,Washington
Byron Murphy,DT,Seattle,Texas
Caleb Murphy,LB,LA Chargers,Ferris State
Gabriel Murphy,LB,Minnesota,UCLA
Grayson Murphy,DE,Miami,UCLA
Myles Murphy,DE,Cincinnati,Clemson
Sean Murphy-Bunting,DB,Arizona,Central Michigan
Bill Murray,DT,Chicago,William & Mary
Eric Murray,DB,Houston,Minnesota
Jordan Murray,TE,NY Giants,Hawaii
Kenneth Murray,LB,Tennessee,Oklahoma
Kyler Murray,QB,Arizona,Oklahoma
Patrick Murtagh,TE,Jacksonville,--
Nick Muse,TE,Minnesota,South Carolina
Luke Musgrave,TE,Green Bay,Oregon State
Malik Mustapha,DB,San Francisco,Wake Forest
PJ Mustipher,DT,Arizona,Penn State
Sam Mustipher,C,LA Chargers,Notre Dame
Netane Muti,OG,Detroit,Fresno State
Jason Myers,K,Seattle,Marist
Josh Myers,C,Green Bay,Ohio State
Malik Nabers,WR,NY Giants,Louisiana State
Puka Nacua,WR,LA Rams,Brigham Young
Jalen Nailor,WR,Minnesota,Michigan State
Brayden Narveson,K,Tennessee,North Carolina State
Durell Nchami,LB,Indianapolis,Maryland
Haggai Chisom Ndubuisi,DT,Washington,--
Eli Neal,LB,LA Rams,Marshall
Evan Neal,OT,NY Giants,Alabama
Ryan Neal,DB,Tampa Bay,Southern Illinois
Siran Neal,DB,Miami,Jacksonville State
Nik Needham,DB,Miami,Texas-El Paso
Anthony Nelson,LB,Tampa Bay,Iowa
Quenton Nelson,OG,Indianapolis,Notre Dame
Steven Nelson,DB,Kansas City,Oregon State
Doug Nester,OG,Pittsburgh,West Virginia
Ryan Neuzil,OG,Atlanta,Appalachian State
Royce Newman,OG,Tampa Bay,Mississippi
Xavier Newman-Johnson,OG,NY Jets,Baylor
Greg Newsome,DB,Cleveland,Northwestern
Quinton Newsome,DB,Denver,Nebraska
Jer'Zhan Newton,DT,Washington,Illinois
Josh Newton,DB,Cincinnati,Texas Christian
Yannick Ngakoue,LB,New England,Maryland
Bilal Nichols,DT,Arizona,Delaware
Parry Nickerson,DB,Philadelphia,Tulane
Ben Niemann,LB,Detroit,Iowa
Nick Niemann,LB,LA Chargers,Iowa
Michael Niese,OT,Detroit,Temple
Yosuah Nijman,OT,Carolina,Virginia Tech
Ben Nikkel,DB,Washington,Iowa State
Bo Nix,QB,Denver,Oregon
Keisean Nixon,DB,Green Bay,South Carolina
David Njoku,TE,Cleveland,Miami
Maema Njongmeta,LB,Cincinnati,Wisconsin
Derrick Nnadi,DT,Kansas City,Florida State
Morice Norris,DB,Detroit,Fresno State
Storm Norton,OT,Atlanta,Toledo
Joseph Noteboom,OT,LA Rams,Texas Christian
Hunter Nourzad,C,Kansas City,Penn State
Mike Novitsky,C,Seattle,Kansas
Trevor Nowaske,LB,Detroit,Saginaw Valley State
Tyler Nubin,DB,NY Giants,Minnesota
Drake Nugent,C,San Francisco,Michigan
Rakeem Nunez-Roches,DT,NY Giants,Southern Mississippi
Kene Nwangwu,RB,NY Jets,Iowa State
Uchenna Nwosu,LB,Seattle,Southern California
Aidan O'Connell,QB,Las Vegas,Purdue
Patrick O'Connell,LB,Seattle,Montana
Pat O'Connor,DE,Detroit,Eastern Michigan
Carter O'Donnell,OT,Arizona,Alberta
Pat O'Donnell,P,San Francisco,Miami
Raiqwon O'Neal,OT,Tampa Bay,UCLA
Brian O'Neill,OT,Minnesota,Pittsburgh
Efe Obada,DE,Washington,--
Adedayo Odeleye,DE,Baltimore,Loughborough
Dayo Odeyingbo,DE,Indianapolis,Vanderbilt
Osa Odighizuwa,DT,Dallas,UCLA
Thomas Odukoya,TE,Tennessee,Eastern Michigan
George Odum,DB,San Francisco,Central Arkansas
Kenneth Odumegwu,LB,Seattle,--
Rome Odunze,WR,Chicago,Washington
Emmanuel Ogbah,LB,Miami,Oklahoma State
Amen Ogbongbemiga,LB,Chicago,Oklahoma State
Otito Ogbonnia,DT,LA Chargers,UCLA
Ovie Oghoufo,LB,Las Vegas,Louisiana State
Andrew Ogletree,TE,Indianapolis,Youngstown State
Dare Ogunbowale,RB,Houston,Wisconsin
Larry Ogunjobi,DT,Pittsburgh,North Carolina-Charlotte
David Ojabo,LB,Baltimore,Michigan
Moro Ojomo,DT,Philadelphia,Texas
John Ojukwu,OT,Tennessee,Boise State
Azeez Ojulari,LB,NY Giants,Georgia
BJ Ojulari,LB,Arizona,Louisiana State
Ty Okada,DB,Seattle,Montana State
Bobby Okereke,LB,NY Giants,Stanford
Chigoziem Okonkwo,TE,Tennessee,Maryland
Chukwuma Okorafor,OT,New England,Western Michigan
Ogbonnia Okoronkwo,DE,Cleveland,Oklahoma
Basil Okoye,DT,LA Chargers,--
Sam Okuayinonu,DT,San Francisco,Maryland
Jeffrey Okudah,DB,Houston,Ohio State
Julian Okwara,LB,Arizona,Notre Dame
Albert Okwuegbunam,TE,Indianapolis,Missouri
Kitan Oladapo,DB,Green Bay,Oregon State
Chris Oladokun,QB,Kansas City,South Dakota State
David Olajiga,DT,LA Rams,Central Missouri State
Praise Olatoke,WR,Carolina,Ohio State
Chris Olave,WR,New Orleans,Ohio State
Bryce Oliver,WR,Tennessee,Youngstown State
Ed Oliver,DT,Buffalo,Houston
Isaiah Oliver,DB,NY Jets,Colorado
Josh Oliver,TE,Minnesota,San Jose State
Gunner Olszewski,WR,NY Giants,Bemidji State
Segun Olubi,LB,Indianapolis,San Diego State
Foyesade Oluokun,LB,Jacksonville,Yale
Olusegun Oluwatimi,C,Seattle,Michigan
Charles Omenihu,DE,Kansas City,Texas
Joshua Onujiogu,LB,Seattle,Framingham
Michael Onwenu,OG,New England,Michigan
Levi Onwuzurike,DE,Detroit,Washington
David Onyemata,DT,Atlanta,Manitoba
Iosua Opeta,OG,Tampa Bay,Weber State
Ruke Orhorhoro,DT,Atlanta,Clemson
Anfernee Orji,LB,New Orleans,Vanderbilt
Amani Oruwariye,DB,Dallas,Penn State
Matt Orzech,LS,Green Bay,Azusa Pacific
K.J. Osborn,WR,Washington,Miami
Joseph Ossai,DE,Cincinnati,Texas
Esezi Otomewo,DT,Jacksonville,Minnesota
Tyler Ott,LS,Washington,Harvard
Cade Otton,TE,Tampa Bay,Washington
DeMarvion Overshown,LB,Dallas,Texas
Jayson Oweh,LB,Baltimore,Penn State
Gervarrius Owens,DB,Tennessee,Houston
Jonathan Owens,DB,Chicago,Missouri Western State
Terique Owens,WR,San Francisco,Missouri State
Tyler Owens,DB,Washington,Texas Tech
Jeremiah Owusu-Koramoah,LB,Cleveland,Notre Dame
Ayo Oyelola,DB,Pittsburgh,Nottingham
Ivan Pace,LB,Minnesota,Cincinnati
Isiah Pacheco,RB,Kansas City,Rutgers
Michael Palardy,P,Arizona,Tennessee
Alex Palczewski,OT,Denver,Illinois
Josh Palmer,WR,LA Chargers,Tennessee
Tejhaun Palmer,WR,Arizona,Alabama-Birmingham
Trey Palmer,WR,Tampa Bay,Nebraska
Owen Pappoe,LB,Arizona,Auburn
Donald Parham,TE,Denver,Stetson
Dylan Parham,OG,Las Vegas,Memphis
Andrew Parker,LB,New England,Appalachian State
Brandon Parker,OT,Atlanta,North Carolina A&T
Colby Parkinson,TE,LA Rams,Stanford
Micah Parsons,LB,Dallas,Penn State
Zach Pascal,WR,Arizona,Old Dominion
Joshua Paschal,DE,Detroit,Kentucky
Lucas Patrick,OG,New Orleans,Duke
Tim Patrick,WR,Detroit,Utah
Cordarrelle Patterson,RB,Pittsburgh,Tennessee
Jaret Patterson,RB,LA Chargers,Buffalo
Jarrett Patterson,C,Houston,Notre Dame
Riley Patterson,K,Atlanta,Memphis
Chris Paul,OG,Washington,Tulsa
Patrick Paul,OT,Miami,Houston
Kwity Paye,DE,Indianapolis,Michigan
Daron Payne,DT,Washington,Alabama
Pheldarius Payne,DE,Indianapolis,Virginia Tech
Rico Payton,DB,New Orleans,Pittsburg State
Julian Pearl,OT,Cleveland,Illinois
Ricky Pearsall,WR,San Francisco,Florida
Matt Peart,OT,Denver,Connecticut
Andrus Peat,OT,Las Vegas,Stanford
Jayden Peevy,DE,Houston,Texas A&M
Kyle Peko,DT,Detroit,Oregon State
Michael Penix,QB,Atlanta,Washington
Mike Pennel,DT,Kansas City,Colorado State-Pueblo
Trevor Penning,OT,New Orleans,Northern Iowa
Donovan Peoples-Jones,WR,Detroit,Michigan
Taybor Pepper,LS,San Francisco,Michigan State
Jabrill Peppers,DB,New England,Michigan
Samaje Perine,RB,Kansas City,Oklahoma
A.T. Perry,WR,Denver,Wake Forest
Mark Perry,DB,New England,Texas Christian
Denzel Perryman,LB,LA Chargers,Miami
Nathan Peterman,QB,Atlanta,Pittsburgh
Jason Peters,OT,Seattle,Arkansas
Camron Peterson,DT,New Orleans,Southern
Nicholas Petit-Frere,OT,Tennessee,Ohio State
Dante Pettis,WR,New Orleans,Washington
Dell Pettus,DB,New England,Troy State
Jeremiah Pharms Jr.,DT,New England,Friends (KS)
Kyle Philips,WR,Philadelphia,UCLA
Andru Phillips,DB,NY Giants,Kentucky
Clark Phillips,DB,Atlanta,Utah
Del'Shawn Phillips,LB,Houston,Illinois
Harrison Phillips,DT,Minnesota,Stanford
Jaelan Phillips,LB,Miami,Miami
Jordan Phillips,DT,Buffalo,Oklahoma
Tyre Phillips,OT,NY Giants,Mississippi State
George Pickens,WR,Pittsburgh,Georgia
Zacch Pickens,DT,Chicago,South Carolina
Kenny Pickett,QB,Philadelphia,Pittsburgh
Alec Pierce,WR,Indianapolis,Cincinnati
Dameon Pierce,RB,Houston,Florida
Michael Pierce,DT,Baltimore,Samford
James Pierre,DB,Pittsburgh,Florida Atlantic
Brandon Pili,DT,Seattle,Southern California
Eddy Pineiro,K,Carolina,Florida
Bradley Pinion,P,Atlanta,Clemson
Jason Pinnock,DB,NY Giants,Pittsburgh
Danny Pinter,C,Indianapolis,Ball State
Trey Pipkins,OT,LA Chargers,Sioux Falls
Jalen Pitre,DB,Houston,Baylor
Anthony Pittman,LB,Detroit,Wayne State (MI)
Michael Pittman,WR,Indianapolis,Southern California
Kyle Pitts,TE,Atlanta,Florida
Austen Pleasants,OT,San Francisco,Ohio
Mason Pline,TE,San Francisco,Furman
John Rhys Plumlee,QB,Seattle,Central Florida
Jack Plummer,QB,Carolina,Louisville
Ethan Pocic,C,Cleveland,Louisiana State
Isaiah Pola-Mao,DB,Las Vegas,Southern California
Ja'Lynn Polk,WR,New England,Washington
Norell Pollard,DT,Washington,Virginia Tech
Tony Pollard,RB,Tennessee,Memphis
Joey Porter Jr.,DB,Pittsburgh,Penn State
Brandon Powell,WR,Minnesota,Florida
Cornell Powell,WR,Seattle,Clemson
Ben Powers,OG,Denver,Oklahoma
Jackson Powers-Johnson,OG,Las Vegas,Oregon
Jordan Poyer,DB,Miami,Oregon State
Matt Prater,K,Arizona,Central Florida
Germaine Pratt,LB,Cincinnati,North Carolina State
Michael Pratt,QB,Tampa Bay,Tulane
Adam Prentice,RB,New Orleans,South Carolina
Dak Prescott,QB,Dallas,Mississippi State
Bobby Price,DB,Washington,Norfolk State
Troy Pride,DB,Dallas,Notre Dame
Deantre Prince,DB,Jacksonville,Mississippi
Deneric Prince,RB,Miami,Tulsa
Isaiah Prince,OT,Tennessee,Ohio State
Nehemiah Pritchett,DB,Seattle,Auburn
James Proche,WR,Cleveland,Southern Methodist
MyCole Pruitt,TE,Pittsburgh,Southern Illinois
Kendric Pryor,WR,Cincinnati,Wisconsin
Matt Pryor,OT,Chicago,Texas Christian
Dominick Puni,OT,San Francisco,Kansas
Brock Purdy,QB,San Francisco,Iowa State
Will Putnam,C,Las Vegas,Clemson
Shaquille Quarterman,LB,LA Chargers,Miami
Patrick Queen,LB,Pittsburgh,Louisiana State
David Quessenberry,OT,Minnesota,San Jose State
Scott Quessenberry,C,Houston,UCLA
Teagan Quitoriano,TE,Houston,Oregon State
Dillon Radunz,OT,Tennessee,North Dakota State
Frank Ragnow,C,Detroit,Arkansas
Bernhard Raimann,OT,Indianapolis,Central Michigan
Ennis Rakestraw,DB,Detroit,Missouri
Ryan Ramczyk,OT,New Orleans,Wisconsin
Jose Ramirez,LB,Tampa Bay,Eastern Michigan
Jalen Ramsey,DB,Miami,Florida State
Sheldon Rankins,DT,Cincinnati,Louisville
Taylor Rapp,DB,Buffalo,Washington
Spencer Rattler,QB,New Orleans,South Carolina
CJ Ravenell,DE,Baltimore,Missouri Western State
LaBryan Ray,DE,Carolina,Alabama
Andrew Raym,C,Carolina,Oklahoma
Kalif Raymond,WR,Detroit,Holy Cross
D.J. Reader,DT,Detroit,Clemson
Jalen Reagor,WR,LA Chargers,Texas Christian
Jeremy Reaves,DB,Washington,South Alabama
Haason Reddick,LB,NY Jets,Temple
Jalen Redmond,DE,Minnesota,Oklahoma
Austin Reed,QB,Chicago,Western Kentucky
D.J. Reed,DB,NY Jets,Kansas State
Jarran Reed,DT,Seattle,Alabama
Jayden Reed,WR,Green Bay,Michigan State
Jerrick Reed,DB,Seattle,New Mexico
Troy Reeder,LB,LA Rams,Delaware
Louis Rees-Zammit,RB,Jacksonville,--
Otis Reese,LB,Tennessee,Mississippi
Jalen Reeves-Maybin,LB,Detroit,Tennessee
Ryan Rehkow,P,Cincinnati,Brigham Young
Will Reichard,K,Minnesota,Alabama
Justin Reid,DB,Kansas City,Stanford
Winston Reid,LB,Cleveland,Weber State
Tip Reiman,TE,Arizona,Illinois
Nikko Remigio,WR,Kansas City,Fresno State
Sammis Reyes,TE,Minnesota,Tulane
Craig Reynolds,RB,Detroit,Kutztown
Josh Reynolds,WR,Jacksonville,Texas A&M
Jon Rhattigan,LB,Carolina,Army
Luke Rhodes,LS,Indianapolis,William & Mary
Sean Rhyan,OG,Green Bay,UCLA
Patrick Ricard,RB,Baltimore,Maine
Brenden Rice,WR,LA Chargers,Southern California
Monty Rice,LB,New England,Georgia
Rashee Rice,WR,Kansas City,Southern Methodist
Asim Richards,OT,Dallas,North Carolina
Anthony Richardson,QB,Indianapolis,Florida
Decamerion Richardson,DB,Las Vegas,Mississippi State
Demani Richardson,DB,Carolina,Texas A&M
Bo Richter,LB,Minnesota,Air Force
Eli Ricks,DB,Philadelphia,Alabama
Desmond Ridder,QB,Las Vegas,Cincinnati
John Ridgeway,DT,New Orleans,Arkansas
Calvin Ridley,WR,Tennessee,Alabama
Duke Riley,LB,Miami,Louisiana State
Elijah Riley,DB,NY Giants,Army
Jordon Riley,DT,NY Giants,Oregon
Marcus Riley,WR,NY Jets,Florida A&M
Kelee Ringo,DB,Philadelphia,Georgia
Dalton Risner,OG,Minnesota,Kansas State
Ronnie Rivers,RB,LA Rams,Fresno State
Malcolm Roach,DT,Denver,Texas
Elandon Roberts,LB,Pittsburgh,Houston
Sam Roberts,DT,Carolina,Northwest Missouri State
Amik Robertson,DB,Detroit,Louisiana Tech
Roy Robertson-Harris,DT,Seattle,Texas-El Paso
A'Shawn Robinson,DE,Carolina,Alabama
Allen Robinson,WR,Detroit,Penn State
Bijan Robinson,RB,Atlanta,Texas
Brian Robinson,RB,Washington,Alabama
Cam Robinson,OT,Minnesota,Alabama
Curtis Robinson,LB,San Francisco,Stanford
Darius Robinson,DT,Arizona,Missouri
Demarcus Robinson,WR,LA Rams,Florida
Demeioun Robinson,LB,Miami,Penn State
Dominique Robinson,LB,Chicago,Miami (OH)
Jammie Robinson,DB,Arizona,Florida State
Janarius Robinson,DE,Las Vegas,Florida State
Keilan Robinson,RB,Jacksonville,Texas
Lance Robinson,DB,Cincinnati,Tulane
Layden Robinson,OG,New England,Texas A&M
Mark Robinson,LB,Pittsburgh,Mississippi
Tavius Robinson,LB,Baltimore,Mississippi
Tyrese Robinson,OG,New England,Oklahoma
Wan'Dale Robinson,WR,NY Giants,Kentucky
Robert Rochell,DB,Green Bay,Central Arkansas
Aaron Rodgers,QB,NY Jets,California
Isaiah Rodgers,DB,Philadelphia,Massachusetts
Christopher Rodriguez,RB,Washington,Kentucky
Levi Drake Rodriguez,DT,Minnesota,Texas A&M-Commerce
Malcolm Rodriguez,LB,Detroit,Oklahoma State
Armani Rogers,TE,Atlanta,Ohio
Casey Rogers,DT,NY Giants,Oregon
Justin Rogers,DT,Dallas,Auburn
Christian Roland-Wallace,DB,Kansas City,Southern California
John Parker Romo,K,New England,Virginia Tech
Roger Rosengarten,OT,Baltimore,Washington
D'Angelo Ross,DB,Houston,New Mexico
Josh Ross,LB,Seattle,Michigan
Justyn Ross,WR,Kansas City,Clemson
Walter Rouse,OT,Minnesota,Oklahoma
Gregory Rousseau,DE,Buffalo,Miami
Eric Rowe,DB,Pittsburgh,Utah
Jaquelin Roy,DT,New England,Louisiana State
Christian Rozeboom,LB,LA Rams,South Dakota State
Hayden Rucci,TE,Miami,Wisconsin
Jeremy Ruckert,TE,NY Jets,Ohio State
Mason Rudolph,QB,Tennessee,Oklahoma State
Cesar Ruiz,OG,New Orleans,Michigan
Chris Rumph,LB,LA Chargers,Duke
Jon Runyan,OG,NY Giants,Michigan
Andrew Rupcich,OT,Tennessee,Culver-Stockton
Cooper Rush,QB,Dallas,Central Michigan
Darius Rush,DB,Kansas City,South Carolina
Brady Russell,TE,Seattle,Colorado
J.J. Russell,LB,Tampa Bay,Memphis
Jotham Russell,DE,New England,--
Chad Ryland,K,Arizona,Maryland
Brett Rypien,QB,Minnesota,Boise State
Mike Sainristil,DB,Washington,Michigan
Nick Saldiveri,OG,New Orleans,Old Dominion
Jamaree Salyer,OG,LA Chargers,Georgia
Andre' Sam,DB,Philadelphia,Louisiana State
Nick Samac,C,Baltimore,Michigan State
Cameron Sample,DE,Cincinnati,Tulane
Drew Sample,TE,Cincinnati,Washington
Asante Samuel,DB,LA Chargers,Florida State
Curtis Samuel,WR,Buffalo,Ohio State
Deebo Samuel,WR,San Francisco,South Carolina
Jack Sanborn,LB,Chicago,Wisconsin
Rigoberto Sanchez,P,Indianapolis,Hawaii
Braylon Sanders,WR,New England,Mississippi
Drew Sanders,LB,Denver,Arkansas
Ja'Tavion Sanders,TE,Carolina,Texas
Jason Sanders,K,Miami,New Mexico
Miles Sanders,RB,Carolina,Penn State
Cairo Santos,K,Chicago,Tulane
Benny Sapp,DB,Atlanta,Northern Iowa
Foster Sarell,OT,LA Chargers,Stanford
Eric Saubert,TE,San Francisco,Drake
Khalen Saunders,DT,New Orleans,Western Illinois
Darnell Savage,DB,Jacksonville,Maryland
Patrick Scales,LS,Chicago,Utah State
Max Scharping,OG,Pittsburgh,Northern Illinois
Brandon Scherff,OG,Jacksonville,Iowa
Austin Schlottmann,C,NY Giants,Texas Christian
John Michael Schmitz,C,NY Giants,Minnesota
Brenden Schooler,DB,New England,Texas
Luke Schoonmaker,TE,Dallas,Michigan
Cody Schrader,RB,LA Rams,Missouri
Dalton Schultz,TE,Houston,Stanford
Anthony Schwartz,WR,Miami,Auburn
Wes Schweitzer,OG,NY Jets,San Jose State
Daniel Scott,DB,Indianapolis,California
Eric Scott,DB,Kansas City,Southern Mississippi
JK Scott,P,LA Chargers,Alabama
Nick Scott,DB,Carolina,Penn State
Trenton Scott,OT,Washington,Grambling
Tyler Scott,WR,Chicago,Cincinnati
Zavier Scott,RB,Minnesota,Maine
Juice Scruggs,OG,Houston,Penn State
Austin Seibert,K,Washington,Oklahoma
Bernhard Seikovits,TE,Arizona,--
Trey Sermon,RB,Indianapolis,Ohio State
Tim Settle,DT,Houston,Virginia Tech
Isaac Seumalo,OG,Pittsburgh,Oregon State
Nephi Sewell,LB,New Orleans,Utah
Noah Sewell,LB,Chicago,Oregon
Penei Sewell,OT,Detroit,Oregon
Kevon Seymour,DB,Washington,Southern California
Rashid Shaheed,WR,New Orleans,Weber State
Khalil Shakir,WR,Buffalo,Boise State
Aaron Shampklin,RB,Pittsburgh,Harvard
Tyler Shatley,OG,Jacksonville,Clemson
Tyrell Shavers,WR,Buffalo,San Diego State
Kendall Sheffield,DB,NY Jets,Ohio State
Coleman Shelton,C,Chicago,Washington
Laviska Shenault,WR,LA Chargers,Colorado
John Samuel Shenker,TE,Las Vegas,Auburn
Sterling Shepard,WR,Tampa Bay,Oklahoma
Nathan Shepherd,DT,New Orleans,Fort Hays State
Dakoda Shepley,OT,Dallas,British Columbia
Trent Sherfield,WR,Minnesota,Vanderbilt
Jamie Sheriff,LB,Seattle,South Alabama
Jamien Sherwood,LB,NY Jets,Auburn
Will Shipley,RB,Philadelphia,Clemson
Justin Shorter,TE,Las Vegas,Florida
Spencer Shrader,K,Kansas City,Notre Dame
Trent Sieg,LS,Dallas,Colorado State
Zach Sieler,DT,Miami,Ferris State
Trevor Siemian,QB,Tennessee,Northwestern
David Sills,WR,Denver,West Virginia
Josh Sills,OG,Indianapolis,Oklahoma State
Nesta Jade Silvera,DT,San Francisco,Arizona State
Isaiah Simmons,LB,NY Giants,Clemson
Jeffery Simmons,DT,Tennessee,Mississippi State
Justin Simmons,DB,Atlanta,Boston College
Jaylin Simpson,DB,NY Jets,Auburn
John Simpson,OG,NY Jets,Clemson
Trenton Simpson,LB,Baltimore,Clemson
Ben Sims,TE,Green Bay,Baylor
Devin Singletary,RB,NY Giants,Florida Atlantic
Alex Singleton,LB,Denver,Montana State
Ben Sinnott,TE,Washington,Kansas State
Jackson Sirmon,LB,NY Jets,California
JL Skinner,DB,Denver,Boise State
Dan Skipper,OT,Detroit,Arkansas
Peter Skoronski,OT,Tennessee,Northwestern
Ben Skowronek,WR,Pittsburgh,Notre Dame
Justin Skule,OT,Tampa Bay,Vanderbilt
Jacob Slade,DT,Pittsburgh,Michigan State
Rashawn Slater,OT,LA Chargers,Northwestern
Tedarrell Slaton,DT,Green Bay,Florida
Darius Slay,DB,Philadelphia,Mississippi State
Darius Slayton,WR,NY Giants,Auburn
Kedon Slovis,QB,Houston,Brigham Young
Joey Slye,K,New England,Virginia Tech
Jabari Small,RB,Tennessee,Tennessee
Stone Smartt,TE,LA Chargers,Old Dominion
Ainias Smith,WR,Philadelphia,Texas A&M
Braden Smith,OT,Indianapolis,Auburn
Brandon Smith,WR,NY Jets,Iowa
Brandon Smith,LB,Las Vegas,Penn State
Cam Smith,DB,Miami,South Carolina
Chris Smith,DT,Detroit,Notre Dame
Christopher Smith,DB,Las Vegas,Georgia
D'Ante Smith,OT,Cincinnati,East Carolina
DeVonta Smith,WR,Philadelphia,Alabama
Elerson Smith,LB,Cleveland,Northern Iowa
Geno Smith,QB,Seattle,West Virginia
Harrison Smith,DB,Minnesota,Notre Dame
Irv Smith,TE,Houston,Alabama
Jonnu Smith,TE,Miami,Florida International
Keidron Smith,DB,Denver,Kentucky
Kion Smith,OT,Miami,Fayetteville State
Lecitus Smith,C,New England,Virginia Tech
Maason Smith,DT,Jacksonville,Louisiana State
Mazi Smith,DT,Dallas,Michigan
Nolan Smith,LB,Philadelphia,Georgia
Preston Smith,LB,Pittsburgh,Mississippi State
Roquan Smith,LB,Baltimore,Georgia
T.J. Smith,DT,Carolina,Arkansas
Terell Smith,DB,Chicago,Minnesota
Tremon Smith,DB,Denver,Central Arkansas
Trey Smith,OG,Kansas City,Tennessee
Tykee Smith,DB,Tampa Bay,Georgia
Tyler Smith,OT,Dallas,Tulsa
Tyreke Smith,LB,Seattle,Ohio State
Tyron Smith,OT,NY Jets,Southern California
Xavier Smith,WR,LA Rams,Florida A&M
Za'Darius Smith,DE,Detroit,Kentucky
Ihmir Smith-Marsette,WR,NY Giants,Iowa
Jaxon Smith-Njigba,WR,Seattle,Ohio State
JuJu Smith-Schuster,WR,Kansas City,Southern California
Chau Smith-Wade,DB,Carolina,Washington State
James Smith-Williams,DE,Atlanta,North Carolina State
Dawuane Smoot,DE,Buffalo,Illinois
Charlie Smyth,K,New Orleans,--
Durham Smythe,TE,Miami,Notre Dame
L'Jarius Sneed,DB,Tennessee,Louisiana Tech
Charles Snowden,DE,Las Vegas,Virginia
Matt Sokol,TE,Pittsburgh,Michigan State
Javon Solomon,DE,Buffalo,Troy State
Colby Sorsdal,OT,Detroit,William & Mary
Sidy Sow,OG,New England,Eastern Michigan
Brevyn Spann-Ford,TE,Dallas,Minnesota
Tyjae Spears,RB,Tennessee,Tulane
Baylon Spector,LB,Buffalo,Clemson
Ameer Speed,DB,Chicago,Michigan State
E.J. Speed,LB,Indianapolis,Tarleton State
Omar Speights,LB,LA Rams,Louisiana State
Robert Spillane,LB,Las Vegas,Western Michigan
Isaiah Spiller,RB,Las Vegas,Texas A&M
Benjamin St-Juste,DB,Washington,Minnesota
Amon-Ra St. Brown,WR,Detroit,Southern California
Equanimeous St. Brown,WR,New Orleans,Notre Dame
Matthew Stafford,QB,LA Rams,Georgia
Isaiah Stalbird,LB,New Orleans,South Dakota State
Ronnie Stanley,OT,Baltimore,Notre Dame
Carson Steele,RB,Kansas City,UCLA
Terence Steele,OT,Dallas,Texas Tech
Tyler Steen,OT,Philadelphia,Alabama
Brandon Stephens,DB,Baltimore,Southern Methodist
John Stephens,TE,Dallas,Louisiana-Lafayette
Rhamondre Stevenson,RB,New England,Oklahoma
Tyrique Stevenson,DB,Chicago,Miami
Reddy Steward,DB,Chicago,Troy State
Grover Stewart,DT,Indianapolis,Albany State
M.J. Stewart,DB,Houston,North Carolina
Easton Stick,QB,LA Chargers,North Dakota State
Jarrett Stidham,QB,Denver,Auburn
Qwan'tez Stiggers,DB,NY Jets,--
Tarheeb Still,DB,LA Chargers,Maryland
Ben Stille,DT,Arizona,Nebraska
Dante Stills,DE,Arizona,West Virginia
Derek Stingley,DB,Houston,Louisiana State
Aaron Stinnie,OG,NY Giants,James Madison
Eric Stokes,DB,Green Bay,Georgia
Chris Stoll,LS,Seattle,Penn State
Jack Stoll,TE,Miami,Nebraska
Geno Stone,DB,Cincinnati,Iowa
Ryan Stonehouse,P,Tennessee,Colorado State
Drake Stoops,WR,LA Rams,Oklahoma
Jordan Stout,P,Baltimore,Penn State
Cade Stover,TE,Houston,Ohio State
Brenton Strange,TE,Jacksonville,Penn State
Cole Strange,OG,New England,Tennessee-Chattanooga
Kentavius Street,DT,Atlanta,North Carolina State
Loren Strickland,DB,Detroit,Ball State
Justin Strnad,LB,Denver,Wake Forest
Greg Stroman,DB,NY Giants,Virginia Tech
Ricky Stromberg,C,Chicago,Arkansas
Kevin Strong,DE,LA Rams,Texas-San Antonio
Pierre Strong,RB,Cleveland,South Dakota State
C.J. Stroud,QB,Houston,Ohio State
Grant Stuard,LB,Indianapolis,Houston
Andrew Stueber,OT,Cincinnati,Michigan
Kingsley Suamataia,OT,Kansas City,Brigham Young
Stephen Sullivan,TE,Carolina,Louisiana State
Ty Summers,LB,NY Giants,Texas Christian
Rex Sunahara,LS,Cleveland,West Virginia
Jalen Sundell,C,Seattle,North Dakota State
Chazz Surratt,LB,NY Jets,North Carolina
Patrick Surtain,DB,Denver,Alabama
Jonathan Sutherland,DB,NY Giants,Penn State
Cameron Sutton,DB,Pittsburgh,Tennessee
Courtland Sutton,WR,Denver,Southern Methodist
Geoff Swaim,TE,Cleveland,Texas
Josh Sweat,LB,Philadelphia,Florida State
Montez Sweat,DE,Chicago,Mississippi State
T'Vondre Sweat,DT,Tennessee,Texas
Tommy Sweeney,TE,Chicago,Boston College
D'Andre Swift,RB,Chicago,Georgia
Tre Swilling,DB,NY Jets,Georgia Tech
Messiah Swinson,TE,Green Bay,Arizona State
Tua Tagovailoa,QB,Miami,Alabama
Taki Taimani,DT,Minnesota,Oregon
Sione Takitaki,LB,New England,Brigham Young
T.J. Tampa,DB,Baltimore,Iowa State
Teair Tart,DT,LA Chargers,Florida International
Tanner Taula,TE,Tampa Bay,Illinois State
Jahlani Tavai,LB,New England,Hawaii
Alontae Taylor,DB,New Orleans,Tennessee
Dadrion Taylor,DB,Arizona,Texas Tech
Darrell Taylor,LB,Chicago,Tennessee
J.J. Taylor,RB,Houston,Arizona
Ja'Sir Taylor,DB,LA Chargers,Wake Forest
Jawaan Taylor,OT,Kansas City,Florida
Jonathan Taylor,RB,Indianapolis,Wisconsin
Keith Taylor,DB,Kansas City,Washington
Leonard Taylor,DT,NY Jets,Miami
Malik Taylor,WR,NY Jets,Ferris State
Patrick Taylor,RB,San Francisco,Memphis
Reese Taylor,DB,Denver,Purdue
Tory Taylor,P,Chicago,Iowa
Trent Taylor,WR,San Francisco,Louisiana Tech
Trey Taylor,DB,Las Vegas,Air Force
Tyrod Taylor,QB,NY Jets,Virginia Tech
Cam Taylor-Britt,DB,Cincinnati,Nebraska
Kadeem Telfort,OT,Green Bay,Alabama-Birmingham
Wyatt Teller,OG,Cleveland,Virginia Tech
Luke Tenuta,OT,Arizona,Virginia Tech
A.J. Terrell,DB,Atlanta,Clemson
Kayvon Thibodeaux,LB,NY Giants,Oregon
Adam Thielen,WR,Carolina,Mankato State
Andrew Thomas,OT,NY Giants,Georgia
Brian Thomas,WR,Jacksonville,Louisiana State
Cameron Thomas,DE,Cleveland,San Diego State
Daniel Thomas,DB,Jacksonville,Auburn
Drake Thomas,LB,Seattle,North Carolina State
Ian Thomas,TE,Carolina,Indiana
Isaiah Thomas,DE,Cincinnati,Oklahoma
Jaylon Thomas,OT,Houston,Southern Methodist
Juanyeh Thomas,DB,Dallas,Georgia Tech
Keir Thomas,LB,LA Rams,Florida State
Nathan Thomas,OT,Dallas,Louisiana-Lafayette
Rodney Thomas,DB,Indianapolis,Yale
Solomon Thomas,DE,NY Jets,Stanford
Starling Thomas,DB,Arizona,Alabama-Birmingham
Tavierre Thomas,DB,Tampa Bay,Ferris State
Thayer Thomas,WR,Minnesota,North Carolina State
Xavier Thomas,LB,Arizona,Clemson
Zachary Thomas,OT,Houston,San Diego State
Stantley Thomas-Oliver,DB,Detroit,Florida International
Deven Thompkins,WR,Carolina,Utah State
BJ Thompson,DE,Kansas City,Stephen F. Austin
Cody Thompson,WR,Tampa Bay,Toledo
Jalen Thompson,DB,Arizona,Washington State
Lorenzo Thompson,OT,Cleveland,Rhode Island
NaJee Thompson,DB,Minnesota,Georgia Southern
Shaq Thompson,LB,Carolina,Washington
Skylar Thompson,QB,Miami,Kansas State
Dorian Thompson-Robinson,QB,Cleveland,UCLA
Juan Thornhill,DB,Cleveland,Virginia
Tyquan Thornton,WR,Kansas City,Baylor
Jamari Thrash,WR,Cleveland,Louisville
Calvin Throckmorton,OG,Denver,Oregon
Joe Thuney,OG,Kansas City,North Carolina State
Jerry Tillery,DT,Minnesota,Notre Dame
Cedric Tillman,WR,Cleveland,Tennessee
Dondrea Tillman,LB,Denver,Indiana (PA)
Channing Tindall,LB,Miami,Georgia
Mitchell Tinsley,WR,Washington,Penn State
Joe Tippmann,C,NY Jets,Wisconsin
Mason Tipton,WR,New Orleans,Yale
Henry To'o To'o,LB,Houston,Alabama
Tommy Togiai,DT,Houston,Ohio State
Jalen Tolbert,WR,Dallas,South Alabama
Cameron Tom,C,Cleveland,Southern Mississippi
Zach Tom,C,Green Bay,Wake Forest
Dalvin Tomlinson,DT,Cleveland,Alabama
Eric Tomlinson,TE,LA Chargers,Texas-El Paso
Laken Tomlinson,OG,Seattle,Duke
Khyiris Tonga,DT,Arizona,Brigham Young
Jake Tonges,TE,San Francisco,California
Casey Toohill,DE,Buffalo,Stanford
Max Tooley,LB,Minnesota,Brigham Young
O'Cyrus Torrence,OG,Buffalo,Florida
Brett Toth,OT,Philadelphia,Army
Samori Toure,WR,Chicago,Nebraska
Tommy Townsend,P,Houston,Florida
Tyrone Tracy,RB,NY Giants,Purdue
Austin Trammell,WR,Jacksonville,Rice
Drue Tranquill,LB,Kansas City,Notre Dame
Kyle Trask,QB,Tampa Bay,Florida
Adam Trautman,TE,Denver,Dayton
Jordan Travis,QB,NY Jets,Florida State
Laquon Treadwell,WR,Indianapolis,Mississippi
Brycen Tremayne,WR,Washington,Stanford
Tommy Tremble,TE,Carolina,Notre Dame
Bralen Trice,LB,Atlanta,Washington
Cory Trice,DB,Pittsburgh,Purdue
Jeremiah Trotter,LB,Philadelphia,Clemson
Mitchell Trubisky,QB,Buffalo,North Carolina
Joe Tryon-Shoyinka,LB,Tampa Bay,Washington
Dalton Tucker,OG,Indianapolis,Marshall
Justin Tucker,K,Baltimore,Texas
Sean Tucker,RB,Tampa Bay,Syracuse
Tre Tucker,WR,Las Vegas,Cincinnati
Jay Tufele,DT,Cincinnati,Southern California
Marlon Tuipulotu,DT,Kansas City,Southern California
Tuli Tuipulotu,LB,LA Chargers,Southern California
Clayton Tune,QB,Arizona,Houston
Laremy Tunsil,OT,Houston,Mississippi
Josh Tupou,DT,Baltimore,Colorado
Cole Turner,TE,Washington,Nevada
D.J. Turner,WR,Las Vegas,Pittsburgh
Dallas Turner,LB,Minnesota,Alabama
DJ Turner,DB,Cincinnati,Michigan
Ezekiel Turner,LB,Detroit,Washington
Kobie Turner,DE,LA Rams,Wake Forest
Payton Turner,DE,New Orleans,Houston
Delarrin Turner-Yell,DB,Denver,Oklahoma
KaVontae Turpin,WR,Dallas,Texas Christian
Shy Tuttle,DT,Carolina,Tennessee
Josh Uche,LB,Kansas City,Michigan
Olisaemeka Udoh,OG,New Orleans,Elon
Isaac Ukwu,DE,Detroit,Mississippi
Edefuan Ulofoshio,LB,Buffalo,Washington
Brent Urban,DE,Baltimore,Virginia
Eyioma Uwazurike,DT,Denver,Iowa State
C.J. Uzomah,TE,Philadelphia,Auburn
Laekin Vakalahi,OT,Philadelphia,--
Sione Vaki,RB,Detroit,Utah
Marquez Valdes-Scantling,WR,New Orleans,South Florida
Carrington Valentine,DB,Green Bay,Kentucky
Xazavian Valladay,RB,New Orleans,Arizona State
Ryan Van Demark,OT,Buffalo,Connecticut
Andrew Van Ginkel,LB,Minnesota,Wisconsin
Cole Van Lanen,OG,Jacksonville,Wisconsin
Lukas Van Ness,LB,Green Bay,Iowa
Kyle Van Noy,LB,Baltimore,Brigham Young
Sedrick Van Pran,C,Buffalo,Georgia
Greg Van Roten,OG,NY Giants,Pennsylvania
Nick Vannett,TE,Tennessee,Ohio State
Ben VanSumeren,LB,Philadelphia,Michigan State
Deuce Vaughn,RB,Dallas,Kansas State
Ke'Shawn Vaughn,RB,San Francisco,Vanderbilt
Vita Vea,DT,Tampa Bay,Washington
Devaughn Vele,WR,Denver,Utah
Alijah Vera-Tucker,OG,NY Jets,Southern California
Jared Verse,LB,LA Rams,Florida State
Kimani Vidal,RB,LA Chargers,Troy State
Nick Vigil,LB,Dallas,Utah State
Luiji Vilain,LB,Dallas,Wake Forest
Kindle Vildor,DB,Detroit,Georgia Southern
Jalen Virgil,WR,Buffalo,Appalachian State
Travis Vokolek,TE,Arizona,Nebraska
Cordell Volson,OG,Cincinnati,North Dakota State
Andrew Vorhees,OG,Baltimore,Southern California
Jaylen Waddle,WR,Miami,Alabama
Dayton Wade,WR,Baltimore,Mississippi
Shaun Wade,DB,LA Chargers,Ohio State
Bobby Wagner,LB,Washington,Utah State
Dalton Wagner,OT,Las Vegas,Arkansas
Corliss Waitman,P,Pittsburgh,South Alabama
Matt Waletzko,OT,Dallas,North Dakota
Anthony Walker,LB,Miami,Northwestern
DeMarcus Walker,DE,Chicago,Florida State
Devontez Walker,WR,Baltimore,North Carolina
Kenneth Walker,RB,Seattle,Michigan State
Mykal Walker,LB,Washington,Fresno State
Quay Walker,LB,Green Bay,Georgia
Rasheed Walker,OT,Green Bay,Penn State
Travon Walker,DE,Jacksonville,Georgia
Caedan Wallace,OT,New England,Penn State
Josh Wallace,DB,LA Rams,Michigan
K'Von Wallace,DB,Seattle,Clemson
Levi Wallace,DB,Denver,Alabama
Trevin Wallace,LB,Carolina,Kentucky
Tylan Wallace,WR,Baltimore,Oklahoma State
Garret Wallow,LB,Tennessee,Texas Christian
Brandon Walton,OT,Carolina,Florida Atlantic
Alex Ward,LS,LA Rams,Central Florida
Charvarius Ward,DB,San Francisco,Middle Tennessee State
Denzel Ward,DB,Cleveland,Ohio State
Jay Ward,DB,Minnesota,Louisiana State
Jihad Ward,LB,Minnesota,Illinois
Jimmie Ward,DB,Houston,Northern Illinois
Jonathan Ward,RB,Pittsburgh,Central Michigan
Fred Warner,LB,San Francisco,Brigham Young
Carter Warren,OT,NY Jets,Pittsburgh
Jaylen Warren,RB,Pittsburgh,Oklahoma State
Ar'Darius Washington,DB,Baltimore,Texas Christian
Broderick Washington,DT,Baltimore,Texas Tech
Carlos Washington,RB,Atlanta,Southeastern Louisiana
Casey Washington,WR,Atlanta,Illinois
Darnell Washington,TE,Pittsburgh,Georgia
Malik Washington,WR,Miami,Virginia
Montrell Washington,WR,Kansas City,Samford
Parker Washington,WR,Jacksonville,Penn State
Scotty Washington,TE,Baltimore,Wake Forest
Tahj Washington,WR,Miami,Southern California
Carlos Watkins,DE,Dallas,Clemson
Quez Watkins,WR,Pittsburgh,Southern Mississippi
Blake Watson,RB,Denver,Memphis
Christian Watson,WR,Green Bay,North Dakota State
Deshaun Watson,QB,Cleveland,Clemson
Jaylen Watson,DB,Kansas City,Washington State
Justin Watson,WR,Kansas City,Pennsylvania
Nathaniel Watson,LB,Cleveland,Mississippi State
T.J. Watt,LB,Pittsburgh,Wisconsin
Luke Wattenberg,C,Denver,Washington
Armon Watts,DT,NY Giants,Arkansas
Eric Watts,DE,NY Jets,Connecticut
Markees Watts,LB,Tampa Bay,North Carolina-Charlotte
Ryan Watts,DB,Pittsburgh,Texas
Tress Way,P,Washington,Oklahoma
Jared Wayne,WR,Houston,Pittsburgh
Rashad Weaver,LB,LA Rams,Pittsburgh
Xavier Weaver,WR,Arizona,Colorado
Sam Webb,DB,Las Vegas,Missouri Western State
Nsimba Webster,WR,Chicago,Eastern Washington
Jonathan Weeks,LS,Houston,Baylor
Kristian Welch,LB,Baltimore,Iowa
Treyton Welch,TE,New Orleans,Wyoming
Julius Welschof,LB,Pittsburgh,North Carolina-Charlotte
Carson Wentz,QB,Kansas City,North Dakota State
Pete Werner,LB,New Orleans,Ohio State
Nick Westbrook,WR,Tennessee,Indiana
Jack Westover,TE,New England,Washington
Tershawn Wharton,DT,Kansas City,Missouri-Rolla
Tyrus Wheat,DE,Dallas,Mississippi State
Tyrone Wheatley Jr.,OT,Atlanta,Morgan State
Ian Wheeler,RB,Chicago,Howard
Daniel Whelan,P,Green Bay,California-Davis
Cody White,WR,Seattle,Michigan State
DaShaun White,LB,San Francisco,Oklahoma
David White,WR,Jacksonville,Western Carolina
Devin White,LB,Houston,Louisiana State
Keion White,DE,New England,Georgia Tech
Kyzir White,LB,Arizona,West Virginia
Mike White,QB,Buffalo,Western Kentucky
Rachaad White,RB,Tampa Bay,Arizona State
Tre'Davious White,DB,Baltimore,Louisiana State
Zamir White,RB,Las Vegas,Georgia
Cody Whitehair,OG,Las Vegas,Kansas State
Jordan Whitehead,DB,Tampa Bay,Pittsburgh
Blake Whiteheart,TE,Cleveland,Wake Forest
Benton Whitley,LB,NY Giants,Holy Cross
Jordan Whittington,WR,LA Rams,Texas
Josh Whyle,TE,Tennessee,Cincinnati
Dontayvion Wicks,WR,Green Bay,Virginia
Nate Wiggins,DB,Baltimore,Clemson
Mitchell Wilcox,TE,New England,South Florida
Jared Wiley,TE,Kansas City,Texas Christian
Michael Wiley,RB,Washington,Arizona
Kristian Wilkerson,WR,Las Vegas,Southeast Missouri State
Christian Wilkins,DT,Las Vegas,Clemson
Elijah Wilkinson,OG,Atlanta,Massachusetts
Avery Williams,RB,Atlanta,Boise State
Bucky Williams,C,LA Chargers,Appalachian State
Caleb Williams,QB,Chicago,Southern California
Chris Williams,DT,Chicago,Wagner
D.J. Williams,RB,Tampa Bay,Arizona
Damarion Williams,DB,Seattle,Houston
Darious Williams,DB,LA Rams,Alabama-Birmingham
Dee Williams,DB,NY Giants,Tennessee
DeShawn Williams,DE,Carolina,Clemson
Dorian Williams,LB,Buffalo,Tulane
Evan Williams,DB,Green Bay,Oregon
Garrett Williams,DB,Arizona,Syracuse
Isaiah Williams,WR,Cincinnati,Illinois
Jamaal Williams,RB,New Orleans,Brigham Young
James Williams,LB,Tennessee,Miami
Jameson Williams,WR,Detroit,Alabama
Javonte Williams,RB,Denver,North Carolina
Jonah Williams,OT,Arizona,Alabama
Jonah Williams,DE,Detroit,Weber State
Joshua Williams,DB,Kansas City,Fayetteville State
Kyren Williams,RB,LA Rams,Notre Dame
Leonard Williams,DE,Seattle,Southern California
Marcus Williams,DB,Baltimore,Utah
Mike Williams,WR,Pittsburgh,Clemson
Milton Williams,DT,Philadelphia,Louisiana Tech
Quincy Williams,LB,NY Jets,Murray State
Quinnen Williams,DT,NY Jets,Alabama
Raequan Williams,DT,Carolina,Michigan State
Sam Williams,DE,Dallas,Mississippi
Seth Williams,WR,Dallas,Auburn
Trayveon Williams,RB,Cincinnati,Texas A&M
Trent Williams,OT,San Francisco,Oklahoma
Kendall Williamson,DB,LA Chargers,Stanford
Brayden Willis,TE,San Francisco,Oklahoma
Malik Willis,QB,Green Bay,Liberty
Jedrick Wills,OT,Cleveland,Alabama
Cedrick Wilson,WR,New Orleans,Boise State
Divaad Wilson,DB,NY Giants,Central Florida
Donovan Wilson,DB,Dallas,Texas A&M
Emanuel Wilson,RB,Green Bay,Fort Valley State
Eric Wilson,LB,Green Bay,Cincinnati
Garrett Wilson,WR,NY Jets,Ohio State
Jeffery Wilson,RB,Miami,North Texas
Joel Wilson,TE,Chicago,Central Michigan
Johnny Wilson,WR,Philadelphia,Florida State
Logan Wilson,LB,Cincinnati,Wyoming
Mack Wilson,LB,Arizona,Alabama
Marco Wilson,DB,Cincinnati,Florida
Michael Wilson,WR,Arizona,Stanford
Payton Wilson,LB,Pittsburgh,North Carolina State
Roman Wilson,WR,Pittsburgh,Michigan
Russell Wilson,QB,Pittsburgh,Wisconsin
Tyree Wilson,DE,Las Vegas,Texas Tech
Zach Wilson,QB,Denver,Brigham Young
James Winchester,LS,Kansas City,Oklahoma
Jacoby Windmon,LB,Carolina,Michigan State
Antoine Winfield,DB,Tampa Bay,Minnesota
Juwann Winfree,WR,Indianapolis,Colorado
Andrew Wingard,DB,Jacksonville,Wyoming
Mekhi Wingo,DT,Detroit,Louisiana State
Easop Winston,WR,NY Jets,Washington State
Jameis Winston,QB,Cleveland,Florida State
Dee Winters,LB,San Francisco,Texas Christian
Tristan Wirfs,OT,Tampa Bay,Iowa
Rashad Wisdom,DB,Tampa Bay,Texas-San Antonio
Deatrich Wise,DE,New England,Arkansas
Mitch Wishnowsky,P,San Francisco,Utah
Ahkello Witherspoon,DB,LA Rams,Colorado
Devon Witherspoon,DB,Seattle,Illinois
Charlie Woerner,TE,Atlanta,Georgia
John Wolford,QB,Jacksonville,Wake Forest
Sam Womack,DB,Indianapolis,Toledo
D.J. Wonnum,LB,Carolina,South Carolina
Julius Wood,DB,Tennessee,East Carolina
Zach Wood,LS,New Orleans,Southern Methodist
Colby Wooden,DE,Green Bay,Auburn
A.J. Woods,DB,Philadelphia,Pittsburgh
Charles Woods,DB,LA Rams,Southern Methodist
Jelani Woods,TE,Indianapolis,Virginia
Josh Woods,LB,Atlanta,Maryland
JT Woods,DB,Chicago,Baylor
Michael Woods,WR,Cleveland,Oklahoma
Robert Woods,WR,Houston,Southern California
Xavier Woods,DB,Carolina,Louisiana Tech
Logan Woodside,QB,Cincinnati,Toledo
Tariq Woolen,DB,Seattle,Texas-San Antonio
Chandler Wooten,LB,San Francisco,Auburn
Daryl Worley,DB,Tennessee,West Virginia
Chris Wormley,DE,Baltimore,Michigan
Xavier Worthy,WR,Kansas City,Texas
Alex Wright,DE,Cleveland,Alabama-Birmingham
Brock Wright,TE,Detroit,Notre Dame
Darnell Wright,OT,Chicago,Tennessee
Jaylen Wright,RB,Miami,Tennessee
Nahshon Wright,DB,Minnesota,Oregon State
Owen Wright,RB,Baltimore,Monmouth
Rejzohn Wright,DB,New Orleans,Oregon State
Ryan Wright,P,Minnesota,Tulane
Devonte Wyatt,DT,Green Bay,Georgia
Andrew Wylie,OT,Washington,Eastern Michigan
Isaiah Wynn,OG,Miami,Georgia
Luke Wypler,C,Cleveland,Ohio State
Oshane Ximines,LB,New England,Old Dominion
Rock Ya-Sin,DB,San Francisco,Temple
Colson Yankoff,TE,Washington,UCLA
Thomas Yassmin,TE,Denver,Utah
Russ Yeast,DB,Houston,Kansas State
Kenny Yeboah,TE,NY Jets,Mississippi
Isaac Yiadom,DB,San Francisco,Boston College
Cade York,K,Cincinnati,Louisiana State
Bryce Young,QB,Carolina,Alabama
Byron Young,DT,Philadelphia,Alabama
Byron Young,LB,LA Rams,Tennessee
Cameron Young,DT,Seattle,Mississippi State
Chase Young,DE,New Orleans,Ohio State
Dareke Young,WR,Seattle,Lenoir-Rhyne
Landon Young,OT,New Orleans,Kentucky
Olamide Zaccheaus,WR,Washington,Virginia
Nick Zakelj,OT,San Francisco,Fordham
Bailey Zappe,QB,Cleveland,Western Kentucky
Chandler Zavala,OG,Carolina,North Carolina State
Kevin Zeitler,OG,Detroit,Wisconsin
Kilian Zierer,OT,Houston,Auburn
Zak Zinter,OG,Cleveland,Michigan
Greg Zuerlein,K,NY Jets,Missouri Western State
Shane Zylstra,TE,Detroit,Minnesota State
