PLR_NAME,Player,Team ABR,Team,RK,GP,REC,TGTS,YDS,AVG,TD,LNG,BIG,YDS/G,FUM,LST,YAC,FD,Position,College,School,Conference
Ja'Marr Chase,Ja'Marr Chase,CIN,Cincinnati,1,15,108,146,1510,14.0,16,70,18,100.7,0,0,722,67,WR,Louisiana State,Louisiana,Sun Belt
Justin Jefferson,Justin Jefferson,MIN,Minnesota,2,15,92,134,1387,15.1,10,97,26,92.5,1,0,405,59,WR,Louisiana State,Louisiana,Sun Belt
CeeDee Lamb,CeeDee Lamb,DAL,Dallas,3,15,101,152,1194,11.8,6,65,16,79.6,1,1,537,54,WR,Oklahoma,Oklahoma,SEC
Amon-Ra St. Brown,Amon-Ra St. Brown,DET,Detroit,4,15,101,124,1126,11.1,11,66,13,75.1,1,1,380,63,WR,Southern California,Southern California,Big Ten
Jaxon Smith-Njigba,Jaxon Smith-Njigba,SEA,Seattle,5,15,93,126,1089,11.7,6,46,14,72.6,1,0,447,53,WR,Ohio State,Ohio State,Big Ten
Brian Thomas Jr.,Brian Thomas,JAX,Jacksonville,6,15,73,112,1088,14.9,9,85,15,72.5,0,0,490,46,WR,Louisiana State,Louisiana,Sun Belt
Jerry Jeudy,Jerry Jeudy,CLE,Cleveland,7,15,72,114,1072,14.9,4,89,12,71.5,0,0,308,49,WR,Alabama,Alabama,SEC
Brock Bowers,Brock Bowers,LV,Las Vegas,8,15,101,137,1067,10.6,4,57,14,71.1,0,0,549,53,TE,Georgia,Georgia,SEC
A.J. Brown,A.J. Brown,PHI,Philadelphia,9,12,64,92,1043,16.3,6,67,16,86.9,0,0,352,50,WR,Mississippi,Mississippi St.,SEC
Terry McLaurin,Terry McLaurin,WSH,Washington,10,15,73,98,1029,14.1,12,86,12,68.6,0,0,279,52,WR,Ohio State,Ohio State,Big Ten
Zay Flowers,Zay Flowers,BAL,Baltimore,11,15,71,109,1016,14.3,4,53,18,67.7,0,0,439,46,WR,Boston College,Boston College,ACC
Garrett Wilson,Garrett Wilson,NYJ,NY Jets,12,15,90,141,987,11.0,6,42,14,65.8,1,1,377,53,WR,Ohio State,Ohio State,Big Ten
Drake London,Drake London,ATL,Atlanta,13,15,83,127,978,11.8,7,31,6,65.2,0,0,266,55,WR,Southern California,Southern California,Big Ten
Malik Nabers,Malik Nabers,NYG,NY Giants,14,13,97,154,969,10.0,4,39,12,74.5,1,0,327,49,WR,Louisiana State,Louisiana,Sun Belt
George Kittle,George Kittle,SF,San Francisco,15,13,68,83,967,14.2,8,43,18,74.4,0,0,456,44,TE,Iowa,Iowa,Big Ten
Ladd McConkey,Ladd McConkey,LAC,LA Chargers,16,14,69,94,960,13.9,5,60,13,68.6,2,0,326,45,WR,Georgia,Georgia,SEC
Trey McBride,Trey McBride,ARI,Arizona,17,14,92,120,958,10.4,0,37,8,68.4,0,0,411,51,TE,Colorado State,Colorado,Big 12
Darnell Mooney,Darnell Mooney,ATL,Atlanta,18,15,62,101,955,15.4,5,49,20,63.7,0,0,269,46,WR,Tulane,Tulane,The American
Davante Adams,Davante Adams,LV/NYJ,NY Jets,19,12,74,121,928,12.5,7,71,13,77.3,0,0,409,44,WR,Fresno State,Fresno St.,Mountain West
Courtland Sutton,Courtland Sutton,DEN,Denver,19,15,71,119,928,13.1,6,37,15,61.9,1,1,162,49,WR,Southern Methodist,Ga. Southern,Sun Belt
Nico Collins,Nico Collins,HOU,Houston,21,10,60,88,909,15.1,6,67,13,90.9,0,0,332,42,WR,Michigan,Michigan,Big Ten
DK Metcalf,D.K. Metcalf,SEA,Seattle,22,13,60,100,897,14.9,4,71,17,69.0,2,2,244,31,WR,Mississippi,Mississippi St.,SEC
Jameson Williams,Jameson Williams,DET,Detroit,23,13,47,75,890,18.9,6,82,16,68.5,0,0,421,35,WR,Alabama,Alabama,SEC
Puka Nacua,Puka Nacua,LAR,LA Rams,24,10,69,92,861,12.5,3,51,9,86.1,0,0,447,42,WR,Brigham Young,BYU,Big 12
Calvin Ridley,Calvin Ridley,TEN,Tennessee,25,15,56,109,857,15.3,4,63,15,57.1,0,0,187,33,WR,Alabama,Alabama,SEC
Jauan Jennings,Jauan Jennings,SF,San Francisco,26,13,63,93,856,13.6,6,45,12,65.8,0,0,211,43,WR,Tennessee,Tennessee,SEC
George Pickens,George Pickens,PIT,Pittsburgh,27,12,55,90,850,15.5,3,44,16,70.8,1,1,199,35,WR,Georgia,Georgia,SEC
Jakobi Meyers,Jakobi Meyers,LV,Las Vegas,28,13,73,110,843,11.5,2,43,11,64.8,0,0,268,44,WR,North Carolina State,North Carolina,ACC
Tyreek Hill,Tyreek Hill,MIA,Miami,29,15,70,111,834,11.9,6,80,12,55.6,0,0,269,47,WR,West Alabama,Alabama,SEC
DJ Moore,D.J. Moore,CHI,Chicago,30,15,83,122,826,10.0,5,44,10,55.1,0,0,468,35,WR,Maryland,Maryland,Big Ten
Mike Evans,Mike Evans,TB,Tampa Bay,31,12,57,87,818,14.4,9,57,13,68.2,0,0,194,43,WR,Texas A&M,Texas A&M,SEC
Jordan Addison,Jordan Addison,MIN,Minnesota,32,13,56,85,806,14.4,8,69,12,62.0,0,0,186,35,WR,Southern California,Southern California,Big Ten
Jonnu Smith,Jonnu Smith,MIA,Miami,33,15,76,95,802,10.6,6,57,4,53.5,1,0,457,49,TE,Florida International,Florida,SEC
Khalil Shakir,Khalil Shakir,BUF,Buffalo,34,14,73,94,796,10.9,4,52,9,56.9,1,0,576,34,WR,Boise State,Boise St.,Mountain West
Travis Kelce,Travis Kelce,KC,Kansas City,35,15,89,122,739,8.3,2,38,8,49.3,2,1,287,42,TE,Cincinnati,Cincinnati,Big 12
Tee Higgins,Tee Higgins,CIN,Cincinnati,36,10,58,92,727,12.5,7,42,11,72.7,0,0,206,37,WR,Clemson,Clemson,ACC
Jayden Reed,Jayden Reed,GB,Green Bay,36,14,49,65,727,14.8,6,70,12,51.9,0,0,363,25,WR,Michigan State,Michigan,Big Ten
Marvin Harrison Jr.,Marvin Harrison,ARI,Arizona,38,15,51,100,726,14.2,7,60,10,48.4,1,1,127,36,WR,Ohio State,Ohio State,Big Ten
DeVonta Smith,DeVonta Smith,PHI,Philadelphia,39,12,62,82,713,11.5,6,46,11,59.4,0,0,262,38,WR,Alabama,Alabama,SEC
Rome Odunze,Rome Odunze,CHI,Chicago,40,15,51,95,701,13.7,3,47,8,46.7,2,1,249,35,WR,Washington,Washington,Big Ten
Jaylen Waddle,Jaylen Waddle,MIA,Miami,41,14,54,74,700,13.0,2,63,11,50.0,0,0,232,36,WR,Alabama,Alabama,SEC
Keenan Allen,Keenan Allen,CHI,Chicago,42,13,62,110,694,11.2,7,45,9,53.4,1,0,220,39,WR,California,California,ACC
Josh Downs,Josh Downs,IND,Indianapolis,43,12,59,90,687,11.6,5,69,10,57.3,0,0,332,34,WR,North Carolina,North Carolina,ACC
Cooper Kupp,Cooper Kupp,LAR,LA Rams,44,11,66,97,681,10.3,6,69,9,61.9,1,0,260,27,WR,Eastern Washington,Washington,Big Ten
Hunter Henry,Hunter Henry,NE,New England,45,15,66,96,674,10.2,2,35,4,44.9,0,0,268,40,TE,Arkansas,Arkansas,SEC
Rashod Bateman,Rashod Bateman,BAL,Baltimore,46,15,39,63,668,17.1,8,59,9,44.5,0,0,149,30,WR,Minnesota,Minnesota,Big Ten
Tank Dell,Nathaniel Dell,HOU,Houston,47,14,51,81,667,13.1,3,50,9,47.6,0,0,164,35,WR,Houston,Houston,Big 12
Deebo Samuel Sr.,Deebo Samuel,SF,San Francisco,48,14,50,80,665,13.3,2,76,10,47.5,0,0,412,27,WR,South Carolina,South Carolina,SEC
Alec Pierce,Alec Pierce,IND,Indianapolis,49,14,29,58,645,22.2,5,65,10,46.1,0,0,98,25,WR,Cincinnati,Cincinnati,Big 12
Michael Pittman Jr.,Michael Pittman,IND,Indianapolis,50,14,54,91,627,11.6,2,33,10,44.8,1,1,210,26,WR,Southern California,Southern California,Big Ten
Christian Watson,Christian Watson,GB,Green Bay,51,13,29,51,620,21.4,2,60,12,47.7,0,0,149,21,WR,North Dakota State,NC State,ACC
Ray-Ray McCloud III,Ray Ray McCloud,ATL,Atlanta,52,15,57,79,607,10.6,1,60,7,40.5,3,1,325,26,WR,Clemson,Clemson,ACC
DeAndre Hopkins,DeAndre Hopkins,KC/TEN,Kansas City,53,15,54,76,603,11.2,5,35,6,40.2,1,0,104,35,WR,Clemson,Clemson,ACC
Cade Otton,Cade Otton,TB,Tampa Bay,54,14,59,87,600,10.2,4,44,7,42.9,2,1,311,31,TE,Washington,Washington,Big Ten
Sam LaPorta,Sam LaPorta,DET,Detroit,55,14,47,68,599,12.7,6,52,10,42.8,0,0,292,32,TE,Iowa,Iowa,Big Ten
Wan'Dale Robinson,Wan'Dale Robinson,NYG,NY Giants,56,15,78,123,585,7.5,2,25,3,39.0,0,0,301,30,WR,Kentucky,Kentucky,SEC
De'Von Achane,De'Von Achane,MIA,Miami,57,15,76,85,579,7.6,6,39,3,38.6,1,0,648,30,RB,Texas A&M,Texas A&M,SEC
Chris Godwin,Chris Godwin,TB,Tampa Bay,58,7,50,62,576,11.5,5,55,7,82.3,1,0,350,33,WR,Penn State,Penn St.,Big Ten
Xavier Worthy,Xavier Worthy,KC,Kansas City,59,15,51,89,559,11.0,5,54,3,37.3,0,0,339,31,WR,Texas,Texas,SEC
Tucker Kraft,Tucker Kraft,GB,Green Bay,60,14,41,56,555,13.5,7,67,7,39.6,1,1,365,24,TE,South Dakota State,NC State,ACC
Tyler Lockett,Tyler Lockett,SEA,Seattle,61,15,44,66,552,12.5,2,37,7,36.8,0,0,112,33,WR,Kansas State,Kansas,Big 12
Mark Andrews,Mark Andrews,BAL,Baltimore,62,15,49,59,551,11.2,9,38,4,36.7,0,0,142,34,TE,Oklahoma,Oklahoma,SEC
Alvin Kamara,Alvin Kamara,NO,New Orleans,63,14,68,89,543,8.0,2,57,7,38.8,1,0,542,18,RB,Tennessee,Tennessee,SEC
Joshua Palmer,Josh Palmer,LAC,LA Chargers,63,14,35,59,543,15.5,1,45,10,38.8,0,0,91,26,WR,Tennessee,Tennessee,SEC
Kyle Pitts,Kyle Pitts,ATL,Atlanta,63,15,41,66,543,13.2,3,52,6,36.2,0,0,249,18,TE,Florida,Florida,SEC
Darius Slayton,Darius Slayton,NYG,NY Giants,66,14,38,67,541,14.2,1,43,8,38.6,0,0,105,29,WR,Auburn,Auburn,SEC
DeMario Douglas,Demario Douglas,NE,New England,66,15,59,78,541,9.2,2,35,7,36.1,1,0,348,26,WR,Liberty,Liberty,CUSA
Zach Ertz,Zach Ertz,WSH,Washington,68,15,55,79,538,9.8,4,25,6,35.9,1,0,137,31,TE,Stanford,Stanford,ACC
Michael Wilson,Michael Wilson,ARI,Arizona,69,15,43,65,526,12.2,4,41,10,35.1,1,1,122,24,WR,Stanford,Stanford,ACC
Tutu Atwell,Tutu Atwell,LAR,Los Angeles Rams,70,15,37,54,525,14.2,0,50,9,35.0,0,0,120,27,WR,Louisville,Louisville,ACC
Romeo Doubs,Romeo Doubs,GB,Green Bay,71,11,37,58,523,14.1,4,39,8,47.5,0,0,103,27,WR,Nevada,Nevada,Mountain West
Calvin Austin III,Calvin Austin,PIT,Pittsburgh,72,15,32,52,517,16.2,4,55,10,34.5,0,0,142,17,WR,Memphis,Memphis,The American
Mike Gesicki,Mike Gesicki,CIN,Cincinnati,73,15,47,61,511,10.9,2,47,5,34.1,1,1,191,27,TE,Penn State,Penn St.,Big Ten
Pat Freiermuth,Pat Freiermuth,PIT,Pittsburgh,74,15,50,59,508,10.2,6,30,7,33.9,2,1,222,26,TE,Penn State,Penn St.,Big Ten
David Njoku,David Njoku,CLE,Cleveland,75,11,64,97,505,7.9,5,29,4,45.9,0,0,251,23,TE,Miami,Miami (FL),ACC
Elijah Moore,Elijah Moore,CLE,Cleveland,76,15,57,92,501,8.8,1,44,4,33.4,0,0,121,23,WR,Mississippi,Mississippi St.,SEC
Keon Coleman,Keon Coleman,BUF,Buffalo,77,11,24,40,498,20.8,3,64,11,45.3,0,0,207,18,WR,Florida State,Florida,SEC
Stefon Diggs,Stefon Diggs,HOU,Houston,78,8,47,64,496,10.6,3,49,5,62.0,0,0,185,31,WR,Maryland,Maryland,Big Ten
Amari Cooper,Amari Cooper,BUF/CLE,Buffalo,79,13,41,82,491,12.0,3,30,7,37.8,0,0,108,23,WR,Alabama,Alabama,SEC
Tre Tucker,Tre Tucker,LV,Las Vegas,79,15,42,69,491,11.7,2,58,6,32.7,0,0,200,22,WR,Cincinnati,Cincinnati,Big 12
Dalton Schultz,Dalton Schultz,HOU,Houston,81,15,48,76,482,10.0,2,32,5,32.1,0,0,203,24,TE,Stanford,Stanford,ACC
Jalen Tolbert,Jalen Tolbert,DAL,Dallas,81,15,42,69,482,11.5,6,48,5,32.1,0,0,89,24,WR,South Alabama,South Alabama,Sun Belt
Quentin Johnston,Quentin Johnston,LAC,LA Chargers,83,13,37,69,477,12.9,8,66,9,36.7,0,0,223,22,WR,Texas Christian,Texas,SEC
Cole Kmet,Cole Kmet,CHI,Chicago,84,15,45,53,471,10.5,4,31,7,31.4,0,0,181,25,TE,Notre Dame,Notre Dame,FBS Independent
Jake Ferguson,Jake Ferguson,DAL,Dallas,85,12,54,77,464,8.6,0,27,6,38.7,3,1,293,17,TE,Wisconsin,Wisconsin,Big Ten
Adam Thielen,Adam Thielen,CAR,Carolina,86,8,38,50,461,12.1,3,36,6,57.6,0,0,129,23,WR,Mankato State,NC State,ACC
Breece Hall,Breece Hall,NYJ,NY Jets,87,14,53,70,460,8.7,2,57,5,32.9,0,0,457,14,RB,Iowa State,Iowa,Big Ten
Noah Brown,Noah Brown,WSH,Washington,88,11,35,56,453,12.9,1,52,4,41.2,0,0,83,21,WR,Ohio State,Ohio State,Big Ten
Allen Lazard,Allen Lazard,NYJ,NY Jets,89,10,33,54,450,13.6,5,52,7,45.0,0,0,130,25,WR,Iowa State,Iowa,Big Ten
Kayshon Boutte,Kayshon Boutte,NE,New England,90,13,32,56,444,13.9,2,40,9,34.2,0,0,116,20,WR,Louisiana State,Louisiana,Sun Belt
Dallas Goedert,Dallas Goedert,PHI,Philadelphia,91,9,38,46,441,11.6,2,61,6,49.0,2,0,231,16,TE,South Dakota State,NC State,ACC
Jahmyr Gibbs,Jahmyr Gibbs,DET,Detroit,92,15,43,54,440,10.2,3,54,6,29.3,1,1,512,22,RB,Alabama,Alabama,SEC
Xavier Legette,Xavier Legette,CAR,Carolina,93,14,41,70,439,10.7,4,35,7,31.4,0,0,95,23,WR,South Carolina,South Carolina,SEC
Chig Okonkwo,Chigoziem Okonkwo,TEN,Tennessee,94,15,47,63,437,9.3,2,70,4,29.1,2,1,234,17,TE,Maryland,Maryland,Big Ten
Demarcus Robinson,Demarcus Robinson,LAR,LA Rams,95,15,28,56,433,15.5,7,46,7,28.9,0,0,54,24,WR,Florida,Florida,SEC
Austin Hooper,Austin Hooper,NE,New England,96,15,38,50,430,11.3,3,38,5,28.7,2,1,213,23,TE,Stanford,Stanford,ACC
Noah Gray,Noah Gray,KC,Kansas City,96,15,38,47,430,11.3,5,35,6,28.7,0,0,203,25,TE,Duke,Duke,ACC
Isaiah Likely,Isaiah Likely,BAL,Baltimore,96,14,38,52,430,11.3,5,49,4,30.7,1,1,242,23,TE,Coastal Carolina,Coastal Carolina,Sun Belt
Dalton Kincaid,Dalton Kincaid,BUF,Buffalo,99,12,42,73,424,10.1,2,29,5,35.3,1,0,248,21,TE,Utah,Utah,Big 12
Bijan Robinson,Bijan Robinson,ATL,Atlanta,100,15,56,62,420,7.5,1,29,3,28.0,0,0,508,20,RB,Texas,Texas,SEC
Will Dissly,Will Dissly,LAC,LA Chargers,101,13,43,55,418,9.7,1,29,5,32.2,0,0,256,19,TE,Washington,Washington,Big Ten
James Conner,James Conner,ARI,Arizona,102,15,45,52,410,9.1,1,44,4,27.3,2,1,475,17,RB,Pittsburgh,Pittsburgh,ACC
Nick Westbrook-Ikhine,Nick Westbrook,TEN,Tennessee,102,15,25,47,410,16.4,9,98,4,27.3,0,0,106,21,WR,Indiana,Indiana,Big Ten
Andrei Iosivas,Andrei Iosivas,CIN,Cincinnati,104,15,31,54,408,13.2,6,39,6,27.2,0,0,45,23,WR,Princeton,,
Chris Olave,Chris Olave,NO,New Orleans,105,8,32,44,400,12.5,1,39,4,50.0,1,1,121,22,WR,Ohio State,Ohio State,Big Ten
Devaughn Vele,Devaughn Vele,DEN,Denver,106,11,35,49,398,11.4,2,37,6,36.2,0,0,118,21,WR,Utah,Utah,Big 12
Noah Fant,Noah Fant,SEA,Seattle,107,12,39,53,394,10.1,0,28,2,32.8,0,0,201,20,TE,Iowa,Iowa,Big Ten
Rachaad White,Rachaad White,TB,Tampa Bay,108,14,50,56,389,7.8,6,32,3,27.8,1,1,516,18,RB,Arizona State,Arizona,Big 12
Justice Hill,Justice Hill,BAL,Baltimore,109,15,42,51,383,9.1,3,27,3,25.5,0,0,433,17,RB,Oklahoma State,Oklahoma,SEC
Jalen Coker,Jalen Coker,CAR,Carolina,110,9,23,37,381,16.6,2,83,5,42.3,0,0,149,16,WR,Holy Cross,,
Tim Patrick,Tim Patrick,DET,Detroit,111,14,31,42,379,12.2,3,42,6,27.1,0,0,134,20,WR,Utah,Utah,Big 12
Christian Kirk,Christian Kirk,JAX,Jacksonville,111,8,27,47,379,14.0,1,61,7,47.4,0,0,113,18,WR,Texas A&M,Texas A&M,SEC
Marquez Valdes-Scantling,Marquez Valdes-Scantling,BUF/NO,New Orleans,113,12,16,34,378,23.6,4,71,7,31.5,0,0,123,12,WR,South Florida,Florida,SEC
T.J. Hockenson,T.J. Hockenson,MIN,Minnesota,113,8,34,48,378,11.1,0,34,4,47.3,0,0,122,25,TE,Iowa,Iowa,Big Ten
Tyler Boyd,Tyler Boyd,TEN,Tennessee,115,15,37,53,376,10.2,0,40,4,25.1,0,0,182,19,WR,Pittsburgh,Pittsburgh,ACC
Tyler Conklin,Tyler Conklin,NYJ,NY Jets,115,14,41,61,376,9.2,2,27,6,26.9,0,0,208,19,TE,Central Michigan,Michigan,Big Ten
Juwan Johnson,Juwan Johnson,NO,New Orleans,117,14,36,47,375,10.4,3,30,6,26.8,1,0,136,18,TE,Oregon,Oregon,Big Ten
Brandon Aiyuk,Brandon Aiyuk,SF,San Francisco,118,7,25,47,374,15.0,0,53,5,53.4,0,0,107,19,WR,Arizona State,Arizona,Big 12
Olamide Zaccheaus,Olamide Zaccheaus,WSH,Washington,119,15,35,50,370,10.6,2,49,3,24.7,0,0,227,19,WR,Virginia,Virginia,ACC
Evan Engram,Evan Engram,JAX,Jacksonville,120,9,47,64,365,7.8,1,24,2,40.6,1,1,150,17,TE,Mississippi,Mississippi St.,SEC
Diontae Johnson,Dyontae Johnson,BAL/CAR,NY Giants,121,11,31,63,363,11.7,3,39,5,33.0,0,0,87,20,LB,Toledo,Toledo,MAC
D'Andre Swift,D'Andre Swift,CHI,Chicago,122,15,38,45,358,9.4,0,42,4,23.9,0,0,360,10,RB,Georgia,Georgia,SEC
KaVontae Turpin,KaVontae Turpin,DAL,Dallas,123,15,27,43,351,13.0,2,64,5,23.4,1,1,209,15,WR,Texas Christian,Texas,SEC
Brenton Strange,Brenton Strange,JAX,Jacksonville,123,15,36,48,351,9.8,2,30,6,23.4,1,1,159,17,TE,Penn State,Penn St.,Big Ten
Rashid Shaheed,Rashid Shaheed,NO,New Orleans,125,6,20,41,349,17.5,3,70,5,58.2,0,0,106,12,WR,Weber State,,
Marvin Mims Jr.,Marvin Mims,DEN,Denver,125,15,26,39,349,13.4,2,93,4,23.3,0,0,366,9,WR,Oklahoma,Oklahoma,SEC
Aaron Jones,Aaron Jones,MIN,Minnesota,127,15,42,51,348,8.3,2,25,4,23.2,2,2,353,15,RB,Texas-El Paso,Texas,SEC
Austin Ekeler,Austin Ekeler,WSH,Washington,128,11,33,39,346,10.5,0,34,8,31.5,1,0,403,13,RB,Western State,West,Sun Belt
Parker Washington,Parker Washington,JAX,Jacksonville,129,15,27,44,344,12.7,1,30,5,22.9,0,0,94,16,WR,Penn State,Penn St.,Big Ten
David Montgomery,David Montgomery,DET,Detroit,130,14,36,38,341,9.5,0,40,2,24.4,0,0,365,16,RB,Iowa State,Iowa,Big Ten
Cedric Tillman,Cedric Tillman,CLE,Cleveland,131,11,29,49,339,11.7,3,38,6,30.8,1,1,104,15,WR,Tennessee,Tennessee,SEC
Chase Brown,Chase Brown,CIN,Cincinnati,132,15,50,61,336,6.7,4,34,2,22.4,0,0,303,21,RB,Illinois,Illinois,Big Ten
Jalen McMillan,Jalen McMillan,TB,Tampa Bay,132,11,27,47,336,12.4,5,32,6,30.5,0,0,107,17,WR,Washington,Washington,Big Ten
Theo Johnson,Theo Johnson,NYG,NY Giants,134,12,29,43,331,11.4,1,35,4,27.6,0,0,149,16,TE,Penn State,Penn St.,Big Ten
David Moore,David Moore,CAR,Carolina,135,15,30,53,325,10.8,2,21,2,21.7,0,0,56,16,WR,East Central (OK),East,Sun Belt
Sterling Shepard,Sterling Shepard,TB,Tampa Bay,136,13,31,49,323,10.4,1,30,4,24.8,0,0,99,15,WR,Oklahoma,Oklahoma,SEC
Mack Hollins,Mack Hollins,BUF,Buffalo,137,15,26,44,320,12.3,5,44,3,21.3,0,0,73,21,WR,North Carolina,North Carolina,ACC
Bucky Irving,Bucky Irving,TB,Tampa Bay Buccaneers,137,15,41,43,320,7.8,0,32,2,21.3,0,0,429,13,RB,Oregon,Oregon,Big Ten
Dontayvion Wicks,Dontayvion Wicks,GB,Green Bay,139,14,27,58,310,11.5,4,36,4,22.1,0,0,121,19,WR,Virginia,Virginia,ACC
Dawson Knox,Dawson Knox,BUF,Buffalo,140,15,21,30,307,14.6,1,39,7,20.5,0,0,93,12,TE,Mississippi,Mississippi St.,SEC
Foster Moreau,Foster Moreau,NO,New Orleans,141,14,23,31,302,13.1,4,41,5,21.6,0,0,113,16,TE,Louisiana State,Louisiana,Sun Belt
Josh Jacobs,Josh Jacobs,GB,Green Bay,141,14,31,38,302,9.7,1,49,5,21.6,0,0,354,13,RB,Alabama,Alabama,SEC
Ja'Tavion Sanders,Ja'Tavion Sanders,CAR,Carolina,141,14,29,37,302,10.4,1,46,5,21.6,1,0,169,11,TE,Texas,Texas,SEC
Kenneth Walker III,Kenneth Walker,SEA,Seattle,144,11,46,53,299,6.5,1,21,1,27.2,0,0,363,19,RB,Michigan State,Michigan,Big Ten
Javonte Williams,Javonte Williams,DEN,Denver,145,15,47,64,296,6.3,0,34,2,19.7,0,0,346,12,RB,North Carolina,North Carolina,ACC
Dyami Brown,Dyami Brown,WSH,Washington,146,15,27,36,292,10.8,1,51,5,19.5,1,1,192,12,WR,North Carolina,North Carolina,ACC
Joe Mixon,Joe Mixon,HOU,Houston,147,12,33,48,291,8.8,1,37,4,24.3,0,0,329,12,RB,Oklahoma,Oklahoma,SEC
Adonai Mitchell,Adonai Mitchell,IND,Indianapolis,148,15,21,50,290,13.8,0,36,4,19.3,1,0,81,14,WR,Texas,Texas,SEC
Samaje Perine,Samaje Perine,KC,Kansas City,149,15,25,32,289,11.6,1,36,5,19.3,0,0,291,14,RB,Oklahoma,Oklahoma,SEC
Zach Charbonnet,Zach Charbonnet,SEA,Seattle,149,15,39,49,289,7.4,1,30,3,19.3,0,0,312,7,RB,UCLA,UCLA,Big Ten
Colby Parkinson,Colby Parkinson,LAR,LA Rams,151,15,29,47,288,9.9,1,23,2,19.2,0,0,154,15,TE,Stanford,Stanford,ACC
Rashee Rice,Rashee Rice,KC,Kansas City,151,4,24,29,288,12.0,2,44,3,72.0,0,0,186,15,WR,Southern Methodist,Ga. Southern,Sun Belt
Jordan Akins,Jordan Akins,CLE,Cleveland,153,15,28,42,281,10.0,1,21,2,18.7,1,0,135,15,TE,Central Florida,Florida,SEC
Jalen Nailor,Jalen Nailor,MIN,Minnesota,154,15,20,33,280,14.0,5,33,5,18.7,0,0,74,17,WR,Michigan State,Michigan,Big Ten
Greg Dortch,Greg Dortch,ARI,Arizona,155,15,30,43,277,9.2,1,39,1,18.5,1,1,237,13,WR,Wake Forest,Wake Forest,ACC
Alexander Mattison,Alexander Mattison,LV,Las Vegas,155,12,31,40,277,8.9,1,31,3,23.1,0,0,296,11,RB,Boise State,Boise St.,Mountain West
Saquon Barkley,Saquon Barkley,PHI,Philadelphia,157,15,31,41,276,8.9,2,43,4,18.4,0,0,244,12,RB,Penn State,Penn St.,Big Ten
Ty Johnson,Ty Johnson,BUF,Buffalo,158,15,16,22,275,17.2,3,41,5,18.3,0,0,156,13,RB,Maryland,Maryland,Big Ten
Mike Williams,Mike Williams,PIT/NYJ,Pittsburgh,159,16,20,31,273,13.6,1,32,5,17.1,0,0,35,13,WR,Clemson,Clemson,ACC
Kendrick Bourne,Kendrick Bourne,NE,New England,160,10,24,32,271,11.3,1,37,2,27.1,0,0,84,11,WR,Eastern Washington,Washington,Big Ten
Jaylen Warren,Jaylen Warren,PIT,Pittsburgh,161,13,33,40,269,8.2,0,29,2,20.7,1,0,278,13,RB,Oklahoma State,Oklahoma,SEC
Lil'Jordan Humphrey,Lil'Jordan Humphrey,DEN,Denver,162,15,29,43,267,9.2,1,41,5,17.8,2,1,187,10,WR,Texas,Texas,SEC
Tyrone Tracy Jr.,Tyrone Tracy,NYG,NY Giants,163,15,34,48,263,7.7,1,19,0,17.5,1,0,263,13,RB,Purdue,Purdue,Big Ten
Van Jefferson,Van Jefferson,PIT,Pittsburgh,164,15,21,35,258,12.3,2,43,4,17.2,0,0,76,11,WR,Florida,Florida,SEC
James Cook,James Cook,BUF,Buffalo,164,14,32,38,258,8.1,2,28,3,18.4,0,0,260,14,RB,Georgia,Georgia,SEC
Tyler Johnson,Tyler Johnson,LAR,LA Rams,166,14,22,34,256,11.6,0,63,3,18.3,0,0,154,7,WR,Minnesota,Minnesota,Big Ten
Najee Harris,Najee Harris,PIT,Pittsburgh,166,15,30,39,256,8.5,0,32,4,17.1,0,0,294,11,RB,Alabama,Alabama,SEC
Grant Calcaterra,Grant Calcaterra,PHI,Philadelphia,168,15,21,24,254,12.1,1,34,5,16.9,0,0,122,14,TE,Southern Methodist,Ga. Southern,Sun Belt
Troy Franklin,Troy Franklin,DEN,Denver,169,14,25,49,252,10.1,2,30,5,18.0,0,0,142,10,WR,Oregon,Oregon,Big Ten
Josh Oliver,Josh Oliver,MIN,Minnesota,170,13,20,25,242,12.1,3,28,5,18.6,0,0,119,13,TE,San Jose State,San Jose St.,Mountain West
Gabe Davis,Gabriel Davis,JAX,Jacksonville,171,10,20,42,239,11.9,2,22,6,23.9,1,1,39,13,WR,Central Florida,Florida,SEC
Tony Pollard,Tony Pollard,TEN,Tennessee,172,15,41,57,238,5.8,0,30,2,15.9,0,0,221,9,RB,Memphis,Memphis,The American
Rico Dowdle,Rico Dowdle,DAL,Dallas,173,14,36,45,233,6.5,3,22,1,16.6,0,0,238,12,RB,South Carolina,South Carolina,SEC
Nelson Agholor,Nelson Agholor,BAL,Baltimore,174,14,14,29,231,16.5,2,56,5,16.5,0,0,85,10,WR,Southern California,Southern California,Big Ten
Ameer Abdullah,Ameer Abdullah,LV,Las Vegas,175,15,37,43,229,6.2,3,24,1,15.3,0,0,227,14,RB,Nebraska,Nebraska,Big Ten
Jerome Ford,Jerome Ford,CLE,Cleveland,176,13,37,43,225,6.1,0,26,3,17.3,0,0,294,10,RB,Cincinnati,Cincinnati,Big 12
Luke Schoonmaker,Luke Schoonmaker,DAL,Dallas,176,15,25,34,225,9.0,1,24,3,15.0,0,0,88,10,TE,Michigan,Michigan,Big Ten
Justin Watson,Justin Watson,KC,Kansas City,178,15,19,27,224,11.8,1,25,1,14.9,0,0,59,11,WR,Pennsylvania,,
Josh Whyle,Josh Whyle,TEN,Tennessee,179,15,23,29,219,9.5,1,33,3,14.6,0,0,130,13,TE,Cincinnati,Cincinnati,Big 12
Tyjae Spears,Tyjae Spears,TEN,Tennessee,180,11,27,31,216,8.0,1,43,2,19.6,0,0,251,9,RB,Tulane,Tulane,The American
AJ Barner,AJ Barner,SEA,Seattle,181,15,25,33,211,8.4,3,20,1,14.1,0,0,137,14,TE,Michigan,Michigan,Big Ten
JuJu Smith-Schuster,JuJu Smith-Schuster,KC,Kansas City,182,12,15,22,209,13.9,2,50,3,17.4,0,0,140,10,WR,Southern California,Southern California,Big Ten
Kalif Raymond,Kalif Raymond,DET,Detroit,183,11,16,21,204,12.8,2,38,3,18.5,0,0,131,9,WR,Holy Cross,,
Tommy Tremble,Tommy Tremble,CAR,Carolina,183,10,21,29,204,9.7,1,38,2,20.4,1,1,107,10,TE,Notre Dame,Notre Dame,FBS Independent
Curtis Samuel,Curtis Samuel,BUF,Buffalo,185,13,24,38,201,8.4,1,38,2,15.5,0,0,100,8,WR,Ohio State,Ohio State,Big Ten
Jordan Whittington,Jordan Whittington,LAR,LA Rams,185,13,18,23,201,11.2,0,31,2,15.5,0,0,126,10,WR,Texas,Texas,SEC
Travis Etienne Jr.,Travis Etienne,JAX,Jacksonville,187,13,35,45,199,5.7,0,21,1,15.3,0,0,230,10,RB,Clemson,Clemson,ACC
Brandin Cooks,Brandin Cooks,DAL,Dallas,188,8,19,37,192,10.1,3,29,2,24.0,0,0,37,15,WR,Oregon State,Oregon,Big Ten
Darnell Washington,Darnell Washington,PIT,Pittsburgh,188,15,18,24,192,10.7,1,29,3,12.8,0,0,123,9,TE,Georgia,Georgia,SEC
Tylan Wallace,Tylan Wallace,BAL,Baltimore,190,15,10,10,191,19.1,1,84,2,12.7,0,0,119,5,WR,Oklahoma State,Oklahoma,SEC
Ricky Pearsall,Ricky Pearsall,SF,San Francisco,191,9,17,28,190,11.2,1,46,2,21.1,0,0,63,8,WR,Florida,Florida,SEC
Taysom Hill,Taysom Hill,NO,New Orleans,192,8,23,31,187,8.1,0,34,2,23.4,1,1,137,8,TE,Brigham Young,BYU,Big 12
Zack Moss,Zack Moss,CIN,Cincinnati,192,8,23,27,187,8.1,1,21,1,23.4,0,0,194,11,RB,Utah,Utah,Big 12
Antonio Gibson,Antonio Gibson,NE,New England,194,15,19,22,186,9.8,0,50,2,12.4,0,0,191,9,RB,Memphis,Memphis,The American
Stone Smartt,Stone Smartt,LAC,LA Chargers,195,13,14,17,185,13.2,0,31,4,14.2,1,1,65,9,TE,Old Dominion,Old Dominion,Sun Belt
Ray Davis,Jalyn Armour-Davis,BUF,Baltimore,196,15,14,15,184,13.1,2,63,2,12.3,0,0,147,7,DB,Alabama,Alabama,SEC
Josh Reynolds,Josh Reynolds,DEN/JAX,Jacksonville,197,7,12,21,183,15.3,1,49,4,26.1,0,0,35,8,WR,Texas A&M,Texas A&M,SEC
Adam Trautman,Adam Trautman,DEN,Denver,197,15,12,19,183,15.3,2,37,2,12.2,0,0,95,8,TE,Dayton,,
John Metchie III,John Metchie,HOU,Houston,199,11,17,25,182,10.7,1,28,2,16.5,0,0,62,9,WR,Alabama,Alabama,SEC
Kareem Hunt,Kareem Hunt,KC,Kansas City,200,12,23,32,176,7.7,0,26,1,14.7,0,0,216,10,RB,Toledo,Toledo,MAC
Trey Palmer,Trey Palmer,TB,Tampa Bay,201,13,12,22,172,14.3,1,27,2,13.2,0,0,42,7,WR,Nebraska,Nebraska,Big Ten
Chuba Hubbard,Chuba Hubbard,CAR,Carolina,202,15,43,54,171,4.0,1,20,1,11.4,3,2,245,10,RB,Oklahoma State,Oklahoma,SEC
Luke McCaffrey,Luke McCaffrey,WSH,Washington,203,15,18,24,168,9.3,0,30,2,11.2,0,0,97,8,WR,Rice,Rice,The American
Rhamondre Stevenson,Rhamondre Stevenson,NE,New England,203,14,33,40,168,5.1,1,16,0,12.0,1,0,237,8,RB,Oklahoma,Oklahoma,SEC
Dare Ogunbowale,Dare Ogunbowale,HOU,Houston,205,15,16,24,166,10.4,1,31,2,11.1,0,0,149,7,RB,Wisconsin,Wisconsin,Big Ten
Kyren Williams,Kyren Williams,LAR,LA Rams,205,15,31,37,166,5.4,2,26,1,11.1,0,0,187,6,RB,Notre Dame,Notre Dame,FBS Independent
Jalen Brooks,Jalen Brooks,DAL,Dallas,207,12,11,29,165,15.0,1,41,2,13.8,0,0,37,7,WR,South Carolina,South Carolina,SEC
Cedrick Wilson Jr.,Cedrick Wilson,NO,New Orleans,208,12,13,17,159,12.2,1,25,1,13.3,0,0,57,7,WR,Boise State,Boise St.,Mountain West
DJ Turner,DJ Turner,LV,Cincinnati,209,12,16,29,158,9.9,1,30,2,13.2,0,0,83,9,DB,Michigan,Michigan,Big Ten
Erick All Jr.,Erick All,CIN,Cincinnati,209,9,20,22,158,7.9,0,28,1,17.6,0,0,87,8,TE,Iowa,Iowa,Big Ten
Derrick Henry,Derrick Henry,BAL,Baltimore,211,15,15,17,152,10.1,2,27,2,10.1,0,0,176,8,RB,Alabama,Alabama,SEC
Lucas Krull,Lucas Krull,DEN,Denver,212,11,18,22,149,8.3,0,23,1,13.5,0,0,63,7,TE,Pittsburgh,Pittsburgh,ACC
Elijah Higgins,Elijah Higgins,ARI,Arizona,212,15,18,21,149,8.3,2,23,1,9.9,0,0,69,8,TE,Stanford,Stanford,ACC
Mo Alie-Cox,Mo Alie-Cox,IND,Indianapolis,214,15,12,20,147,12.3,1,22,2,9.8,0,0,49,7,TE,Virginia Commonwealth,Virginia,ACC
Christian McCaffrey,Christian McCaffrey,SF,San Francisco,215,4,15,19,146,9.7,0,30,2,36.5,1,1,98,6,RB,Stanford,Stanford,ACC
Raheem Mostert,Raheem Mostert,MIA,Miami,216,11,17,21,145,8.5,0,25,1,13.2,0,0,135,10,RB,Purdue,Purdue,Big Ten
Brian Robinson Jr.,Brian Robinson,WSH,Washington,217,12,17,22,144,8.5,0,32,1,12.0,0,0,160,4,RB,Alabama,Alabama,SEC
Robert Woods,Robert Woods,HOU,Houston,218,13,16,25,143,8.9,0,32,1,11.0,2,0,65,9,WR,Southern California,Southern California,Big Ten
Tanner Hudson,Tanner Hudson,CIN,Cincinnati,218,10,18,22,143,7.9,1,19,0,14.3,1,1,89,8,TE,Southern Arkansas,Kansas,Big 12
Kyle Juszczyk,Kyle Juszczyk,SF,San Francisco,220,15,16,26,142,8.9,0,34,2,9.5,0,0,62,5,RB,Harvard,,
Kylen Granson,Kylen Granson,IND,Indianapolis,221,15,10,23,141,14.1,0,40,2,9.4,0,0,74,6,TE,Southern Methodist,Ga. Southern,Sun Belt
Braelon Allen,Braelon Allen,NYJ,NY Jets,222,15,17,24,140,8.2,1,15,0,9.3,0,0,156,8,RB,Wisconsin,Wisconsin,Big Ten
Johnny Mundt,John Mundt,MIN,Minnesota,223,15,18,26,135,7.5,2,20,1,9.0,0,0,78,7,TE,Oregon,Oregon,Big Ten
J.K. Dobbins,J.K. Dobbins,LAC,LA Chargers,224,11,28,34,134,4.8,0,15,0,12.2,0,0,175,6,RB,Ohio State,Ohio State,Big Ten
Malik Washington,Malik Washington,MIA,Miami,224,12,18,26,134,7.4,0,20,1,11.2,0,0,85,6,WR,Virginia,Virginia,ACC
Cade Stover,Cade Stover,HOU,Houston,226,13,14,20,132,9.4,1,27,1,10.2,0,0,91,5,TE,Ohio State,Ohio State,Big Ten
Charlie Kolar,Charlie Kolar,BAL,Baltimore,227,12,9,11,131,14.6,1,55,2,10.9,0,0,76,4,TE,Iowa State,Iowa,Big Ten
Jonathan Mingo,Jonathan Mingo,DAL/CAR,Dallas,227,15,14,37,131,9.4,0,35,2,8.7,0,0,67,4,WR,Mississippi,Mississippi St.,SEC
Jonathan Taylor,Jonathan Taylor,IND,Indianapolis,229,12,15,25,122,8.1,1,25,1,10.2,1,0,142,7,RB,Wisconsin,Wisconsin,Big Ten
Jahan Dotson,Jahan Dotson,PHI,Philadelphia,229,15,12,22,122,10.2,0,36,2,8.1,0,0,52,6,WR,Penn State,Penn St.,Big Ten
Michael Mayer,Michael Mayer,LV,Las Vegas,231,9,16,26,121,7.6,0,29,1,13.4,0,0,40,6,TE,Notre Dame,Notre Dame,FBS Independent
Bub Means,,NO,,232,7,9,15,118,13.1,1,36,1,16.9,0,0,20,7,,,,
Daniel Bellinger,Daniel Bellinger,NYG,NY Giants,233,15,12,15,116,9.7,0,17,0,7.7,0,0,45,8,TE,San Diego State,San Diego St.,Mountain West
Devin Singletary,Devin Singletary,NYG,NY Giants,234,13,19,22,115,6.1,0,23,1,8.8,0,0,171,4,RB,Florida Atlantic,Florida,SEC
Rakim Jarrett,Rakim Jarrett,TB,Tampa Bay,235,8,8,10,113,14.1,0,30,2,14.1,0,0,17,4,WR,Maryland,Maryland,Big Ten
Hunter Luepke,Hunter Luepke,DAL,Dallas,236,14,11,15,110,10.0,0,24,1,7.9,0,0,84,5,RB,North Dakota State,NC State,ACC
Jermaine Burton,Jermaine Burton,CIN,Cincinnati,237,13,4,14,107,26.8,0,47,2,8.2,0,0,22,4,WR,Alabama,Alabama,SEC
Simi Fehoko,Simi Fehoko,LAC,LA Chargers,238,8,6,16,106,17.7,0,30,2,13.3,0,0,16,6,WR,Stanford,Stanford,ACC
Emari Demercado,Emari Demercado,ARI,Arizona,239,13,16,20,104,6.5,0,24,1,8.0,0,0,95,3,RB,Texas Christian,Texas,SEC
Sean Tucker,Sean Tucker,TB,Tampa Bay,239,15,8,11,104,13.0,1,36,1,6.9,0,0,103,6,RB,Syracuse,Syracuse,ACC
Jake Bobo,Jake Bobo,SEA,Seattle,241,15,12,16,103,8.6,0,15,0,6.9,0,0,27,7,WR,UCLA,UCLA,Big Ten
Ryan Miller,Ryan Miller,TB,Tampa Bay,242,9,10,16,102,10.2,2,39,1,11.3,0,0,52,7,WR,Furman,,
Kenneth Gainwell,Kenny Gainwell,PHI,Philadelphia,242,15,13,17,102,7.8,0,16,0,6.8,0,0,94,5,RB,Memphis,Memphis,The American
Nick Vannett,Nick Vannett,TEN,Tennessee,244,15,14,17,101,7.2,2,24,1,6.7,0,0,78,4,TE,Ohio State,Ohio State,Big Ten
Jalen Reagor,Jalen Reagor,LAC,LA Chargers,245,8,7,12,100,14.3,0,41,2,12.5,1,1,26,3,WR,Texas Christian,Texas,SEC
Brock Wright,Brock Wright,DET,Detroit,245,15,13,16,100,7.7,2,16,0,6.7,0,0,75,7,TE,Notre Dame,Notre Dame,FBS Independent
Jeremy Ruckert,Jeremy Ruckert,NYJ,NY Jets,245,15,17,26,100,5.9,0,12,0,6.7,0,0,81,6,TE,Ohio State,Ohio State,Big Ten
Julian Hill,Julian Hill,MIA,Miami,245,14,12,18,100,8.3,0,17,0,7.1,1,0,58,5,TE,Campbell,,
Mason Tipton,Mason Tipton,NO,New Orleans,249,10,14,25,99,7.1,0,15,0,9.9,0,0,27,2,WR,Yale,,
KhaDarel Hodge,Khadarel Hodge,ATL,Atlanta,250,15,5,6,98,19.6,1,45,2,6.5,0,0,73,4,WR,Prairie View A&M,Texas A&M,SEC
Miles Sanders,Miles Sanders,CAR,Carolina,250,10,21,26,98,4.7,0,27,1,9.8,0,0,137,3,RB,Penn State,Penn St.,Big Ten
Kevin Austin Jr.,Kevin Austin,NO,New Orleans,250,5,8,15,98,12.3,0,22,1,19.6,0,0,22,7,WR,Notre Dame,Notre Dame,FBS Independent
Drew Sample,Drew Sample,CIN,Cincinnati,253,15,15,17,92,6.1,1,12,0,6.1,1,0,61,6,TE,Washington,Washington,Big Ten
Jordan Mason,Jordan Mason,SF,San Francisco,254,12,11,14,91,8.3,0,24,1,7.6,0,0,59,5,RB,Georgia Tech,Georgia Tech,ACC
Xavier Hutchinson,Xavier Hutchinson,HOU,Houston,254,14,9,20,91,10.1,0,19,0,6.5,0,0,30,5,WR,Iowa State,Iowa,Big Ten
Mecole Hardman,Mecole Hardman,KC,Kansas City,256,12,12,14,90,7.5,0,17,0,7.5,0,0,99,6,WR,Georgia,Georgia,SEC
Pierre Strong Jr.,Pierre Strong,CLE,Cleveland,257,13,11,17,89,8.1,0,21,2,6.8,0,0,111,3,RB,South Dakota State,NC State,ACC
Brevyn Spann-Ford,Brevyn Spann-Ford,DAL,Dallas,258,15,9,14,88,9.8,0,18,0,5.9,0,0,53,6,TE,Minnesota,Minnesota,Big Ten
Roschon Johnson,Roschon Johnson,CHI,Chicago,258,12,11,15,88,8.0,0,17,0,7.3,0,0,70,5,RB,Texas,Texas,SEC
Drew Ogletree,Andrew Ogletree,IND,Indianapolis,258,15,8,13,88,11.0,1,22,2,5.9,0,0,41,5,TE,Youngstown State,NC State,ACC
Isaac Guerendo,Isaac Guerendo,SF,San Francisco,261,14,11,12,87,7.9,0,27,2,6.2,1,0,67,5,RB,Louisville,Louisville,ACC
Ja'Lynn Polk,Ja'Lynn Polk,NE,New England,261,14,12,32,87,7.3,2,21,1,6.2,0,0,13,4,WR,Washington,Washington,Big Ten
Harrison Bryant,Harrison Bryant,LV,Las Vegas,263,11,9,12,86,9.6,0,18,0,7.8,0,0,71,5,TE,Florida Atlantic,Florida,SEC
D'Ernest Johnson,D'Ernest Johnson,JAX,Jacksonville,264,12,9,15,85,9.4,0,26,2,7.1,0,0,85,3,RB,South Florida,Florida,SEC
Ryan Flournoy,Ryan Flournoy,DAL,Dallas,264,9,7,10,85,12.1,0,26,1,9.4,1,1,32,4,WR,Southeast Missouri State,Missouri,SEC
Trey Sermon,Trey Sermon,IND,Indianapolis,266,15,14,15,84,6.0,0,14,0,5.6,0,0,88,3,RB,Ohio State,Ohio State,Big Ten
Trent Sherfield Sr.,Trent Sherfield,MIN,Minnesota,267,15,8,9,83,10.4,1,17,0,5.5,0,0,40,4,WR,Vanderbilt,Vanderbilt,SEC
Nate Adkins,Nate Adkins,DEN,Denver,267,15,10,11,83,8.3,3,16,0,5.5,0,0,48,5,TE,South Carolina,South Carolina,SEC
Cordarrelle Patterson,Cordarrelle Patterson,PIT,Pittsburgh,269,11,12,14,80,6.7,1,20,1,7.3,0,0,56,5,RB,Tennessee,Tennessee,SEC
Eric Saubert,Eric Saubert,SF,San Francisco,269,15,7,9,80,11.4,1,20,1,5.3,0,0,32,3,TE,Drake,,
Bryce Oliver,Bryce Oliver,TEN,Tennessee,269,8,5,6,80,16.0,0,33,1,10.0,0,0,24,3,WR,Youngstown State,NC State,ACC
Isiah Pacheco,Isiah Pacheco,KC,Kansas City,272,6,12,16,79,6.6,0,23,1,13.2,0,0,119,4,RB,Rutgers,Rutgers,Big Ten
Derius Davis,Derius Davis,LAC,LA Chargers,273,13,10,14,78,7.8,1,19,0,6.0,0,0,106,4,WR,Texas Christian,Texas,SEC
Eric Gray,Eric Gray,NYG,NY Giants,273,15,9,10,78,8.7,0,19,0,5.2,0,0,99,3,RB,Oklahoma,Oklahoma,SEC
Alec Ingold,Alec Ingold,MIA,Miami,275,13,9,10,75,8.3,0,25,1,5.8,0,0,49,3,RB,Wisconsin,Wisconsin,Big Ten
Devin Duvernay,Devin Duvernay,JAX,Jacksonville,275,11,10,15,75,7.5,0,28,1,6.8,0,0,62,6,WR,Texas,Texas,SEC
Hayden Hurst,Hayden Hurst,LAC,LA Chargers,277,8,8,13,73,9.1,0,27,1,9.1,0,0,20,2,TE,South Carolina,South Carolina,SEC
Bo Melton,Bo Melton,GB,Green Bay,277,14,5,12,73,14.6,0,28,1,5.2,0,0,6,4,WR,Rutgers,Rutgers,Big Ten
DeAndre Carter,DeAndre Carter,CHI,Chicago,279,13,9,14,72,8.0,0,14,0,5.5,0,0,32,3,WR,Sacramento State,NC State,ACC
Brandon Powell,Brandon Powell,MIN,Minnesota,280,15,7,10,71,10.1,0,13,0,4.7,0,0,12,5,WR,Florida,Florida,SEC
Tyler Allgeier,Tyler Allgeier,ATL,Atlanta,280,15,11,11,71,6.5,0,13,0,4.7,0,0,80,2,RB,Brigham Young,BYU,Big 12
John Bates,John Bates,WSH,Washington,282,15,7,11,70,10.0,0,20,1,4.7,1,1,44,2,TE,Boise State,Boise St.,Mountain West
Ezekiel Elliott,Ezekiel Elliott,DAL,Dallas,283,14,12,15,69,5.8,0,15,0,4.9,0,0,97,3,RB,Ohio State,Ohio State,Big Ten
Scotty Miller,Scott Miller,PIT,Pittsburgh,283,12,5,9,69,13.8,0,21,2,5.8,0,0,33,2,WR,Bowling Green,Bowling Green,MAC
Ben Skowronek,Ben Skowronek,PIT,Pittsburgh,283,9,5,5,69,13.8,0,23,1,7.7,0,0,29,4,WR,Notre Dame,Notre Dame,FBS Independent
Chris Brooks,Christopher Brooks,GB,Green Bay,286,12,10,11,67,6.7,0,15,0,5.6,0,0,92,2,RB,Brigham Young,BYU,Big 12
Ashton Dulin,Ashton Dulin,IND,Indianapolis,286,13,2,8,67,33.5,1,54,1,5.2,0,0,43,2,WR,Malone (OH),,
Isaiah Davis,Isaiah Davis,NYJ,NY Jets,286,15,8,11,67,8.4,1,24,1,4.5,0,0,62,4,RB,South Dakota State,NC State,ACC
Michael Burton,Michael Burton,DEN,Denver,289,15,10,10,65,6.5,1,28,1,4.3,0,0,41,3,RB,Rutgers,Rutgers,Big Ten
Luke Farrell,Luke Farrell,JAX,Jacksonville,290,15,11,16,63,5.7,0,11,0,4.2,0,0,29,4,TE,Ohio State,Ohio State,Big Ten
Payne Durham,Payne Durham,TB,Tampa Bay,290,14,7,9,63,9.0,0,26,1,4.5,1,0,10,2,TE,Purdue,Purdue,Big Ten
Michael Woods II,Michael Woods,CLE,Cleveland,292,4,6,14,62,10.3,0,16,0,15.5,0,0,35,4,WR,Oklahoma,Oklahoma,SEC
Kimani Vidal,Kimani Vidal,LAC,LA Chargers,292,8,5,7,62,12.4,1,38,1,7.8,0,0,37,2,RB,Troy State,Troy,Sun Belt
Jalin Hyatt,Jalin Hyatt,NYG,NY Giants,292,14,8,18,62,7.8,0,19,0,4.4,0,0,6,3,WR,Tennessee,Tennessee,SEC
Pharaoh Brown,Pharaoh Brown,SEA,Seattle,295,13,7,11,61,8.7,0,17,0,4.7,0,0,25,2,TE,Oregon,Oregon,Big Ten
Hunter Long,Hunter Long,LAR,LA Rams,296,15,7,9,60,8.6,0,18,0,4.0,0,0,30,2,TE,Boston College,Boston College,ACC
Jaleel McLaughlin,Jaleel McLaughlin,DEN,Denver,296,14,20,23,60,3.0,2,11,0,4.3,1,1,135,3,RB,Youngstown State,NC State,ACC
JaMycal Hasty,JaMycal Hasty,NE,New England,298,14,10,12,59,5.9,1,16,0,4.2,0,0,72,2,RB,Baylor,Baylor,Big 12
Trey Benson,Trey Benson,ARI,Arizona,298,13,6,6,59,9.8,0,19,0,4.5,0,0,78,3,RB,Florida State,Florida,SEC
K.J. Osborn,K.J. Osborn,NE,Washington,300,7,7,18,57,8.1,1,22,1,8.1,0,0,16,2,WR,Miami,Miami (FL),ACC
Tyler Goodson,Tyler Goodson,IND,Indianapolis,301,14,10,13,56,5.6,1,24,1,4.0,0,0,64,3,RB,Iowa,Iowa,Big Ten
Odell Beckham Jr.,,MIA,,302,9,9,18,55,6.1,0,11,0,6.1,0,0,14,3,,,,
Durham Smythe,Durham Smythe,MIA,Miami,303,15,9,16,53,5.9,0,8,0,3.5,0,0,16,1,TE,Notre Dame,Notre Dame,FBS Independent
Tank Bigsby,Cartavious Bigsby,JAX,Jacksonville,304,14,6,10,51,8.5,0,28,1,3.6,0,0,57,1,RB,Auburn,Auburn,SEC
Jacob Cowing,Jacob Cowing,SF,San Francisco,305,13,2,4,50,25.0,0,41,1,3.8,0,0,16,1,WR,Arizona,Arizona,Big 12
Cam Akers,Cam Akers,HOU/MIN,Minnesota,306,15,10,13,49,4.9,2,9,0,3.3,0,0,50,2,RB,Florida State,Florida,SEC
Jamison Crowder,Jamison Crowder,WSH,Washington,307,4,6,8,47,7.8,2,12,0,11.8,0,0,8,3,WR,Duke,Duke,ACC
Tyquan Thornton,Tyquan Thornton,NE,Kansas City,307,6,4,8,47,11.8,0,17,0,7.8,0,0,24,2,WR,Baylor,Baylor,Big 12
D'Onta Foreman,D'Onta Foreman,CLE,Cleveland,309,9,5,5,46,9.2,0,16,0,5.1,0,0,42,1,RB,Texas,Texas,SEC
Dante Pettis,Dante Pettis,NO,New Orleans,309,5,5,11,46,9.2,0,12,0,9.2,0,0,20,3,WR,Washington,Washington,Big Ten
Blake Corum,Blake Corum,LAR,LA Rams,309,15,6,7,46,7.7,0,12,0,3.1,0,0,54,4,RB,Michigan,Michigan,Big Ten
Emanuel Wilson,Emanuel Wilson,GB,Green Bay,309,14,9,12,46,5.1,1,30,1,3.3,0,0,86,3,RB,Fort Valley State,NC State,ACC
Hollywood Brown,A.J. Brown,KC,Philadelphia,313,1,5,8,45,9.0,0,20,1,45.0,0,0,35,2,WR,Mississippi,Mississippi St.,SEC
Cody White,Cody White,SEA,Seattle,314,4,2,3,44,22.0,0,28,1,11.0,0,0,13,2,WR,Michigan State,Michigan,Big Ten
Ty Chandler,Ty Chandler,MIN,Minnesota,315,15,6,6,42,7.0,0,10,0,2.8,0,0,53,2,RB,North Carolina,North Carolina,ACC
Jordan Mims,Jordan Mims,NO,New Orleans,315,9,4,7,42,10.5,0,25,1,4.7,0,0,44,2,RB,Fresno State,Fresno St.,Mountain West
Blake Whiteheart,Blake Whiteheart,CLE,Cleveland,315,9,4,7,42,10.5,1,29,1,4.7,0,0,4,2,TE,Wake Forest,Wake Forest,ACC
Ben Sims,Ben Sims,GB,Green Bay,315,14,4,5,42,10.5,0,28,1,3.0,0,0,16,1,TE,Baylor,Baylor,Big 12
Malik Heath,Malik Heath,GB,Green Bay,319,11,6,7,41,6.8,1,12,0,3.7,0,0,10,3,WR,Mississippi,Mississippi St.,SEC
MyCole Pruitt,MyCole Pruitt,PIT,Pittsburgh,320,10,6,10,40,6.7,1,18,0,4.0,0,0,16,2,TE,Southern Illinois,Illinois,Big Ten
Charlie Woerner,Charlie Woerner,ATL,Atlanta,320,14,6,11,40,6.7,0,13,0,2.9,0,0,21,3,TE,Georgia,Georgia,SEC
Austin Trammell,Austin Trammell,JAX,Jacksonville,320,1,2,3,40,20.0,0,22,1,40.0,0,0,9,2,WR,Rice,Rice,The American
Hassan Haskins,Hassan Haskins,LAC,LA Chargers,323,15,2,2,39,19.5,1,34,1,2.6,0,0,36,1,RB,Michigan,Michigan,Big Ten
Davis Allen,Davis Allen,LAR,LA Rams,323,13,6,12,39,6.5,0,13,0,3.0,0,0,21,2,TE,Clemson,Clemson,ACC
Xavier Gipson,Xavier Gipson,NYJ,NY Jets,323,15,6,10,39,6.5,1,17,0,2.6,0,0,22,3,WR,Stephen F. Austin,,
Jamaal Williams,Jamaal Williams,NO,New Orleans,326,11,7,9,38,5.4,0,13,0,3.5,0,0,39,2,RB,Brigham Young,BYU,Big 12
Tip Reiman,Tip Reiman,ARI,Arizona,327,15,6,7,37,6.2,0,14,0,2.5,0,0,29,1,TE,Illinois,Illinois,Big Ten
Sione Vaki,Sione Vaki,DET,Detroit,327,14,3,3,37,12.3,0,17,0,2.6,0,0,20,2,RB,Utah,Utah,Big 12
Gerald Everett,Gerald Everett,CHI,Chicago,329,15,8,12,36,4.5,0,17,0,2.4,0,0,41,1,TE,South Alabama,South Alabama,Sun Belt
Dee Eskridge,Dee Eskridge,MIA,Miami Dolphins,329,5,2,2,36,18.0,0,30,1,7.2,0,0,18,2,WR,Western Michigan,Michigan,Big Ten
Laviska Shenault Jr.,Laviska Shenault,LAC/SEA,LA Chargers,329,12,5,5,36,7.2,0,18,0,3.0,0,0,46,2,WR,Colorado,Colorado,Big 12
Britain Covey,Britain Covey,PHI,Philadelphia,332,5,7,8,34,4.9,0,11,0,6.8,0,0,28,2,WR,Utah,Utah,Big 12
Divine Deablo,Divine Deablo,LV,Las Vegas,332,12,1,1,34,34.0,0,34,1,2.8,0,0,30,1,LB,Virginia Tech,Virginia Tech,ACC
Treylon Burks,Treylon Burks,TEN,Tennessee,332,5,4,8,34,8.5,0,13,0,6.8,0,0,5,3,WR,Arkansas,Arkansas,SEC
Connor Heyward,Connor Heyward,PIT,Pittsburgh,335,15,5,7,32,6.4,1,16,0,2.1,0,0,7,2,RB,Michigan State,Michigan,Big Ten
Nick Chubb,Nick Chubb,CLE,Cleveland,336,8,5,11,31,6.2,1,19,0,3.9,0,0,31,3,RB,Georgia,Georgia,SEC
Alex Bachman,Alex Bachman,LV,Las Vegas,336,6,3,3,31,10.3,0,18,0,5.2,0,0,10,2,WR,Wake Forest,Wake Forest,ACC
Tucker Fisk,Tucker Fisk,LAC,LA Chargers,336,7,6,7,31,5.2,0,10,0,4.4,0,0,18,1,TE,Stanford,Stanford,ACC
Parris Campbell,Parris Campbell,PHI,Philadelphia,339,5,6,8,30,5.0,1,7,0,6.0,0,0,9,1,WR,Ohio State,Ohio State,Big Ten
Michael Carter,Michael Carter,ARI,Arizona,339,1,5,5,30,6.0,0,18,0,30.0,0,0,35,2,RB,North Carolina,North Carolina,ACC
Michael Carter,Michael Carter,ARI,NY Jets,339,1,5,5,30,6.0,0,18,0,30.0,0,0,35,2,DB,Duke,Duke,ACC
Tim Jones,Tim Jones,JAX,Jacksonville,339,15,2,4,30,15.0,0,20,1,2.0,0,0,17,2,WR,Southern Mississippi,Southern Miss.,Sun Belt
Zamir White,Zamir White,LV,Las Vegas,339,8,6,8,30,5.0,0,14,0,3.8,0,0,50,2,RB,Georgia,Georgia,SEC
Dan Chisena,Dan Chisena,CAR,Carolina,343,4,2,3,29,14.5,0,23,1,7.3,0,0,9,1,WR,Penn State,Penn St.,Big Ten
Will Mallory,Will Mallory,IND,Indianapolis,343,10,4,8,29,7.3,0,10,0,2.9,0,0,4,1,TE,Miami,Miami (FL),ACC
Sincere McCormick,Sincere McCormick,LV,Las Vegas,343,5,6,7,29,4.8,0,15,0,5.8,0,0,29,2,RB,Texas-San Antonio,Texas,SEC
Greg Dulcich,Greg Dulcich,DEN/NYG,NY Giants,346,7,5,12,28,5.6,0,9,0,4.0,0,0,15,0,TE,UCLA,UCLA,Big Ten
Scott Matlock,Scott Matlock,LAC,LA Chargers,346,15,4,5,28,7.0,0,10,0,1.9,0,0,23,1,RB,Boise State,Boise St.,Mountain West
Ben Sinnott,Ben Sinnott,WSH,Washington,346,15,5,5,28,5.6,1,12,0,1.9,0,0,19,2,TE,Kansas State,Kansas,Big 12
Kenny Yeboah,Kenny Yeboah,NYJ,NY Jets,349,7,3,4,27,9.0,1,12,0,3.9,0,0,27,2,TE,Mississippi,Mississippi St.,SEC
David Bell,David Bell,CLE,Cleveland,349,2,3,3,27,9.0,0,12,0,13.5,0,0,8,1,WR,Purdue,Purdue,Big Ten
Peyton Hendershot,Peyton Hendershot,KC,Kansas City,351,5,3,3,26,8.7,0,11,0,5.2,0,0,15,1,TE,Indiana,Indiana,Big Ten
DJ Chark Jr.,D.J. Chark,LAC,LA Chargers,352,5,3,3,25,8.3,0,12,0,5.0,0,0,7,0,WR,Louisiana State,Louisiana,Sun Belt
Carson Steele,Carson Steele,KC,Kansas City,353,15,5,9,24,4.8,0,9,0,1.6,0,0,35,0,RB,UCLA,UCLA,Big Ten
Anthony Gould,Anthony Gould,IND,Indianapolis,354,6,1,1,23,23.0,0,23,1,3.8,0,0,5,1,WR,Oregon State,Oregon,Big Ten
Jonathon Brooks,Jonathon Brooks,CAR,Carolina,354,3,3,3,23,7.7,0,18,0,7.7,0,0,31,2,RB,Texas,Texas,SEC
Jeremy McNichols,Jeremy McNichols,WSH,Washington,356,15,7,9,22,3.1,0,10,0,1.5,0,0,26,0,RB,Boise State,Boise St.,Mountain West
Ronnie Bell,Ronnie Bell,SF,San Francisco,356,9,2,6,22,11.0,0,12,0,2.4,0,0,2,2,WR,Michigan,Michigan,Big Ten
Kenny McIntosh,Kenny McIntosh,SEA,Seattle,356,15,3,3,22,7.3,0,15,0,1.5,0,0,17,1,RB,Georgia,Georgia,SEC
Luke Musgrave,Luke Musgrave,GB,Green Bay,356,4,5,7,22,4.4,0,6,0,5.5,0,0,15,1,TE,Oregon State,Oregon,Big Ten
Jamari Thrash,Jamari Thrash,CLE,Cleveland,356,7,3,5,22,7.3,0,11,0,3.1,0,0,14,2,WR,Louisville,Louisville,ACC
Shane Zylstra,Shane Zylstra,DET,Detroit,356,10,1,1,22,22.0,0,22,1,2.2,0,0,13,1,TE,Minnesota State,Minnesota,Big Ten
James Proche II,James Proche,CLE,Cleveland,362,7,3,3,21,7.0,0,14,0,3.0,0,0,4,1,WR,Southern Methodist,Ga. Southern,Sun Belt
Devontez Walker,Devontez Walker,BAL,Baltimore,362,7,1,1,21,21.0,1,21,1,3.0,0,0,0,1,WR,North Carolina,North Carolina,ACC
C.J. Ham,C.J. Ham,MIN,Minnesota,364,15,3,4,20,6.7,0,9,0,1.3,1,1,17,0,RB,Augustana (SD),,
Deven Thompkins,Deven Thompkins,CAR,Carolina,364,7,4,4,20,5.0,0,12,0,2.9,0,0,28,2,WR,Utah State,Utah,Big 12
Zay Jones,Zay Jones,ARI,Arizona,366,9,3,5,19,6.3,0,13,0,2.1,0,0,14,2,WR,East Carolina,East Carolina,The American
Jeff Wilson Jr.,Jeffery Wilson,MIA,Miami,366,7,3,3,19,6.3,0,7,0,2.7,0,0,19,0,RB,North Texas,North Texas,The American
Kristian Wilkerson,Kristian Wilkerson,LV,Las Vegas,368,3,2,3,18,9.0,1,9,0,6.0,0,0,11,2,WR,Southeast Missouri State,Missouri,SEC
Marcus Jones,Marcus Jones,NE,New England,368,14,1,1,18,18.0,0,18,0,1.3,0,0,25,1,DB,Houston,Houston,Big 12
Deuce Vaughn,Deuce Vaughn,DAL,Dallas,368,6,3,5,18,6.0,0,8,0,3.0,0,0,13,0,RB,Kansas State,Kansas,Big 12
Mason Kinsey,Mason Kinsey,TEN,Tennessee,371,4,2,2,17,8.5,0,11,0,4.3,0,0,0,1,WR,Berry,,
Chris Blair,Chris Blair,ATL,Atlanta,371,2,1,1,17,17.0,0,17,0,8.5,0,0,0,1,WR,Alcorn State,NC State,ACC
Tanner Conner,Tanner Conner,MIA,Miami,373,8,3,4,16,5.3,0,11,0,2.0,0,0,5,1,TE,Idaho State,,
Quintin Morris,Quintin Morris,BUF,Buffalo,373,14,2,3,16,8.0,1,14,0,1.1,0,0,8,2,TE,Bowling Green,Bowling Green,MAC
Malachi Corley,Malachi Corley,NYJ,NY Jets,373,8,3,6,16,5.3,0,10,0,2.0,0,0,5,1,WR,Western Kentucky,Kentucky,SEC
Trenton Irwin,Trenton Irwin,CIN,Carolina,376,7,3,10,15,5.0,0,6,0,2.1,0,0,4,1,WR,Stanford,Stanford,ACC
Josiah Deguara,Josiah Deguara,JAX,Jacksonville,377,13,3,3,14,4.7,0,8,0,1.1,0,0,7,0,TE,Cincinnati,Cincinnati,Big 12
Casey Washington,Casey Washington,ATL,Atlanta,377,8,1,2,14,14.0,0,14,0,1.8,0,0,11,1,WR,Illinois,Illinois,Big Ten
Audric Estime,Audric Estime,DEN,Denver,377,11,4,4,14,3.5,0,11,0,1.3,0,0,23,1,RB,Notre Dame,Notre Dame,FBS Independent
Johnny Wilson,Johnny Wilson,PHI,Philadelphia,377,14,2,10,14,7.0,1,9,0,1.0,0,0,6,2,WR,Florida State,Florida,SEC
Patrick Taylor Jr.,Patrick Taylor,SF,San Francisco,381,11,2,7,13,6.5,0,12,0,1.2,0,0,12,1,RB,Memphis,Memphis,The American
Blake Watson,Blake Watson,DEN,Denver,381,2,1,2,13,13.0,0,13,0,6.5,0,0,18,0,RB,Memphis,Memphis,The American
Terrace Marshall Jr.,Terrace Marshall,LV,Las Vegas,381,5,2,4,13,6.5,0,7,0,2.6,0,0,1,0,WR,Louisiana State,Louisiana,Sun Belt
River Cracraft,River Cracraft,MIA,Miami,384,6,2,4,12,6.0,0,6,0,2.0,0,0,4,0,WR,Washington State,Washington,Big Ten
Isaiah Hodgins,Isaiah Hodgins,NYG,NY Giants,384,3,2,2,12,6.0,0,7,0,4.0,0,0,1,0,WR,Oregon State,Oregon,Big Ten
Cam Grandy,Cam Grandy,CIN,Cincinnati,384,6,3,3,12,4.0,0,9,0,2.0,0,0,4,1,TE,Illinois State,Illinois,Big Ten
Tyler Higbee,Tyler Higbee,LAR,LA Rams,387,1,1,2,11,11.0,1,11,0,11.0,0,0,11,1,TE,Western Kentucky,Kentucky,SEC
Myles Gaskin,Myles Gaskin,MIN,Jacksonville,387,5,1,1,11,11.0,0,11,0,2.2,0,0,13,0,RB,Washington,Washington,Big Ten
Khalil Herbert,Khalil Herbert,CHI/CIN,Cincinnati,387,12,3,3,11,3.7,0,7,0,0.9,0,0,15,0,RB,Virginia Tech,Virginia Tech,ACC
Travis Homer,Travis Homer,CHI,Chicago,387,10,3,3,11,3.7,0,6,0,1.1,0,0,10,0,RB,Miami,Miami (FL),ACC
Julius Chestnut,Julius Chestnut,TEN,Tennessee,387,15,2,2,11,5.5,0,9,0,0.7,0,0,14,0,RB,Sacred Heart,,
Grant DuBose,Grant DuBose,MIA,Miami,387,3,2,4,11,5.5,0,13,0,3.7,0,0,3,1,WR,North Carolina-Charlotte,North Carolina,ACC
Dalvin Cook,Dalvin Cook,DAL,Dallas,393,2,1,1,10,10.0,0,10,0,5.0,0,0,7,1,RB,Florida State,Florida,SEC
Jack Stoll,Jack Stoll,MIA/PHI,Miami,393,9,2,3,10,5.0,0,6,0,1.1,0,0,2,0,TE,Nebraska,Nebraska,Big Ten
Dallin Holker,Dallin Holker,NO,New Orleans,393,9,1,1,10,10.0,0,10,0,1.1,0,0,11,1,TE,Colorado State,Colorado,Big 12
Jermar Jefferson,Jermar Jefferson,DET,Detroit,393,1,1,1,10,10.0,0,10,0,10.0,0,0,10,1,RB,Oregon State,Oregon,Big Ten
Allen Robinson,Allen Robinson,DET,Detroit,397,11,2,6,9,4.5,0,7,0,0.8,0,0,2,2,WR,Penn State,Penn St.,Big Ten
Eric Tomlinson,Eric Tomlinson,LAC,LA Chargers,397,9,2,4,9,4.5,0,7,0,1.0,0,0,12,0,TE,Texas-El Paso,Texas,SEC
Dan Skipper,Dan Skipper,DET,Detroit,397,15,1,1,9,9.0,1,9,0,0.6,0,0,8,1,OT,Arkansas,Arkansas,SEC
Brandon Johnson,Brandon Johnson,PIT,Pittsburgh,397,3,1,1,9,9.0,0,9,0,3.0,0,0,4,0,WR,Central Florida,Florida,SEC
Kendric Pryor,Kendric Pryor,CIN,Cincinnati,397,1,1,1,9,9.0,0,9,0,9.0,0,0,0,0,WR,Wisconsin,Wisconsin,Big Ten
Tristan Wirfs,Tristan Wirfs,TB,Tampa Bay,397,14,0,0,9,0.0,0,9,0,0.6,1,0,9,0,OT,Iowa,Iowa,Big Ten
Patrick Ricard,Patrick Ricard,BAL,Baltimore,403,15,2,4,8,4.0,1,5,0,0.5,0,0,5,1,RB,Maine,,
Velus Jones Jr.,Velus Jones,CHI/CAR,Carolina,403,2,1,1,8,8.0,0,8,0,4.0,0,0,13,0,WR,Tennessee,Tennessee,SEC
Jha'Quan Jackson,Jha'Quan Jackson,TEN,Tennessee,403,12,1,3,8,8.0,0,8,0,0.7,0,0,2,1,WR,Tulane,Tulane,The American
Jaylen Wright,Jaylen Wright,MIA,Miami,403,13,3,6,8,2.7,0,6,0,0.6,0,0,8,1,RB,Tennessee,Tennessee,SEC
Geoff Swaim,Geoff Swaim,CLE,Cleveland,407,8,1,1,7,7.0,0,7,0,0.9,0,0,5,0,TE,Texas,Texas,SEC
Jared Goff,Jared Goff,DET,Detroit,407,15,1,1,7,7.0,1,7,0,0.5,0,0,2,1,QB,California,California,ACC
Josh Allen,Josh Allen,BUF,Buffalo,407,15,0,0,7,0.0,1,7,0,0.5,0,0,7,1,QB,Wyoming,Wyoming,Mountain West
Ian Thomas,Ian Thomas,CAR,Carolina,407,5,3,6,7,2.3,0,3,0,1.4,0,0,6,1,TE,Indiana,Indiana,Big Ten
John Samuel Shenker,John Samuel Shenker,LV,Las Vegas,407,6,1,1,7,7.0,0,7,0,1.2,0,0,3,0,TE,Auburn,Auburn,SEC
Brevin Jordan,Brevin Jordan,HOU,Houston,407,2,2,3,7,3.5,0,4,0,3.5,0,0,3,1,TE,Miami,Miami (FL),ACC
Ramel Keyton,Ramel Keyton,LV,Las Vegas,407,6,1,3,7,7.0,0,7,0,1.2,0,0,0,1,WR,Tennessee,Tennessee,SEC
Jared Wiley,Jared Wiley,KC,Kansas City,407,7,1,1,7,7.0,0,7,0,1.0,0,0,3,0,TE,Texas Christian,Texas,SEC
Gus Edwards,Gus Edwards,LAC,LA Chargers,415,11,3,5,6,2.0,0,3,0,0.5,0,0,11,0,RB,Rutgers,Rutgers,Big Ten
John Ross,Josh Ross,PHI,Seattle,415,1,1,2,6,6.0,0,6,0,6.0,0,0,2,1,LB,Michigan,Michigan,Big Ten
Collin Johnson,Collin Johnson,CHI,Chicago,415,7,1,2,6,6.0,0,6,0,0.9,0,0,3,1,WR,Texas,Texas,SEC
Jaelon Darden,Jaelon Darden,SEA/CLE,Seattle,415,10,1,1,6,6.0,0,6,0,0.6,0,0,9,1,WR,North Texas,North Texas,The American
David Martin-Robinson,David Martin-Robinson,TEN,Tennessee,415,3,1,2,6,6.0,0,6,0,2.0,0,0,6,1,TE,Temple,Temple,The American
Xavier Smith,Xavier Smith,LAR,LA Rams,415,13,2,2,6,3.0,0,11,0,0.5,0,0,5,1,WR,Florida A&M,Florida,SEC
Ainias Smith,Ainias Smith,PHI,Philadelphia,415,5,3,3,6,2.0,0,5,0,1.2,0,0,7,0,WR,Texas A&M,Texas A&M,SEC
Isaiah Williams,Isaiah Williams,CIN/DET,Cincinnati,415,6,2,3,6,3.0,0,4,0,1.0,0,0,7,0,WR,Illinois,Illinois,Big Ten
Robbie Chosen,Ross Dwelley,MIA,Atlanta Falcons,423,2,1,4,5,5.0,0,5,0,2.5,0,0,1,0,TE,San Diego,San Diego St.,Mountain West
Ross Dwelley,Ross Dwelley,ATL,Atlanta,423,15,1,1,5,5.0,0,5,0,0.3,0,0,4,0,TE,San Diego,San Diego St.,Mountain West
Mike Caliendo,Mike Caliendo,KC,Kansas City,423,15,1,1,5,5.0,0,5,0,0.3,0,0,3,1,OG,Western Michigan,Michigan,Big Ten
Charlie Jones,Charlie Jones,CIN,Cincinnati,423,8,1,1,5,5.0,0,5,0,0.6,0,0,0,0,WR,Purdue,Purdue,Big Ten
Jody Fortson,Joe Fortson,KC,Kansas City,423,3,1,3,5,5.0,0,5,0,1.7,0,0,2,1,TE,Valdosta State,NC State,ACC
Craig Reynolds,Craig Reynolds,DET,Detroit,423,15,1,1,5,5.0,0,5,0,0.3,0,0,9,0,RB,Kutztown,,
Tyler Scott,Tyler Scott,CHI,Chicago,423,9,1,1,5,5.0,0,5,0,0.6,0,0,7,0,WR,Cincinnati,Cincinnati,Big 12
Zach Davidson,Zach Davidson,BUF,Buffalo,423,3,1,2,5,5.0,0,5,0,1.7,0,0,2,0,TE,Central Missouri State,Missouri,SEC
Chris Conley,Chris Conley,SF,San Francisco,431,13,1,7,4,4.0,0,4,0,0.3,0,0,0,0,WR,Georgia,Georgia,SEC
Vederian Lowe,Vederian Lowe,NE,New England,431,12,1,1,4,4.0,1,4,0,0.3,0,0,0,1,OT,Illinois,Illinois,Big Ten
Juanyeh Thomas,Juanyeh Thomas,DAL,Dallas,431,11,1,1,4,4.0,0,4,0,0.4,0,0,0,0,DB,Georgia Tech,Georgia Tech,ACC
MarShawn Lloyd,MarShawn Lloyd,GB,Green Bay,434,1,1,1,3,3.0,0,3,0,3.0,0,0,8,0,RB,Southern California,Southern California,Big Ten
Marcedes Lewis,Marcedes Lewis,CHI,Chicago,435,15,1,1,2,2.0,0,2,0,0.1,0,0,1,1,TE,UCLA,UCLA,Big Ten
Chris Manhertz,Chris Manhertz,NYG,NY Giants,435,15,1,2,2,2.0,1,2,0,0.1,0,0,0,1,TE,Canisius,,
Jake Brendel,Jake Brendel,SF,San Francisco,435,15,0,0,2,0.0,0,2,0,0.1,1,0,2,0,C,UCLA,UCLA,Big Ten
Sam Hubbard,Sam Hubbard,CIN,Cincinnati,435,14,1,1,2,2.0,1,2,0,0.1,0,0,0,1,DE,Ohio State,Ohio State,Big Ten
Patrick Mahomes,Patrick Mahomes,KC,Kansas City,435,15,1,1,2,2.0,0,2,0,0.1,0,0,3,0,QB,Texas Tech,Texas Tech,Big 12
Dameon Pierce,Dameon Pierce,HOU,Houston,435,9,2,2,2,1.0,0,1,0,0.2,0,0,5,0,RB,Florida,Florida,SEC
John FitzPatrick,John FitzPatrick,GB,Green Bay,435,6,1,1,2,2.0,0,2,0,0.3,0,0,0,0,TE,Georgia,Georgia,SEC
Bo Nix,Bo Nix,DEN,Denver,435,15,1,1,2,2.0,1,2,0,0.1,0,0,0,1,QB,Oregon,Oregon,Big Ten
Trent Scott,Trenton Scott,WSH,Washington,443,15,1,1,1,1.0,1,1,0,0.1,0,0,0,1,OT,Grambling,,
DeeJay Dallas,DeeJay Dallas,ARI,Arizona,443,15,1,1,1,1.0,1,1,0,0.1,0,0,0,1,RB,Miami,Miami (FL),ACC
Jaheim Bell,Jaheim Bell,NE,New England,443,13,1,2,1,1.0,0,1,0,0.1,0,0,3,0,TE,Florida State,Florida,SEC
Wanya Morris,Wanya Morris,KC,Kansas City,443,15,1,1,1,1.0,1,1,0,0.1,0,0,0,1,OT,Oklahoma,Oklahoma,SEC
Kendre Miller,Kendre Miller,NO,New Orleans,443,4,2,5,1,0.5,0,6,0,0.3,0,0,4,0,RB,Texas Christian,Texas,SEC
Jordan Matthews,Jordan Matthews,CAR,Carolina,448,4,0,1,0,0.0,0,0,0,0.0,0,0,0,0,TE,Vanderbilt,Vanderbilt,SEC
C.J. Goodwin,C.J. Goodwin,DAL,Dallas,448,15,0,1,0,0.0,0,0,0,0.0,0,0,0,0,DB,California (PA),California,ACC
Taylor Decker,Taylor Decker,DET,Detroit,448,12,0,1,0,0.0,0,0,0,0.0,0,0,0,0,OT,Ohio State,Ohio State,Big Ten
Braxton Berrios,Braxton Berrios,MIA,Miami,448,6,0,4,0,0.0,0,0,0,0.0,0,0,0,0,WR,Miami,Miami (FL),ACC
Andrew Beck,Andrew Beck,HOU/GB,Houston,448,4,0,2,0,0.0,0,0,0,0.0,0,0,0,0,RB,Texas,Texas,SEC
Tom Kennedy,Tom Kennedy,DET,Detroit,448,3,0,1,0,0.0,0,0,0,0.0,0,0,0,0,WR,Bryant,,
Irvin Charles,Irvin Charles,NYJ,NY Jets,448,13,0,1,0,0.0,0,0,0,0.0,0,0,0,0,WR,Indiana (PA),Indiana,Big Ten
Adam Prentice,Adam Prentice,NO,New Orleans,448,14,0,3,0,0.0,0,0,0,0.0,0,0,0,0,RB,South Carolina,South Carolina,SEC
Feleipe Franks,Feleipe Franks,CAR,Carolina,448,14,0,2,0,0.0,0,0,0,0.0,0,0,0,0,TE,Arkansas,Arkansas,SEC
Stephen Sullivan,Stephen Sullivan,CAR,Carolina,448,1,0,1,0,0.0,0,0,0,0.0,0,0,0,0,TE,Louisiana State,Louisiana,Sun Belt
J.J. Taylor,J.J. Taylor,HOU,Houston,448,5,2,3,0,0.0,0,2,0,0.0,0,0,1,0,RB,Arizona,Arizona,Big 12
Sam Franklin Jr.,Sam Franklin,CAR,Carolina,448,8,0,1,0,0.0,0,0,0,0.0,0,0,0,0,DB,Temple,Temple,The American
Kadarius Toney,Ronnie Rivers,CLE,Los Angeles Rams,448,3,0,1,0,0.0,0,0,0,0.0,0,0,0,0,RB,Fresno State,Fresno St.,Mountain West
Ronnie Rivers,Ronnie Rivers,LAR,LA Rams,448,15,1,1,0,0.0,0,0,0,0.0,0,0,7,0,RB,Fresno State,Fresno St.,Mountain West
James Pierre,James Pierre,PIT,Pittsburgh,448,13,0,1,0,0.0,0,0,0,0.0,0,0,0,0,DB,Florida Atlantic,Florida,SEC
Justyn Ross,Justyn Ross,KC,Kansas City,448,2,0,1,0,0.0,0,0,0,0.0,0,0,0,0,WR,Clemson,Clemson,ACC
Erik Ezukanma,Erik Ezukanma,MIA,Miami,448,2,0,2,0,0.0,0,0,0,0.0,0,0,0,0,WR,Texas Tech,Texas Tech,Big 12
Ben VanSumeren,Ben VanSumeren,PHI,Philadelphia,448,11,1,1,0,0.0,0,0,0,0.0,0,0,0,0,LB,Michigan State,Michigan,Big Ten
Dareke Young,Dareke Young,SEA,Seattle,448,12,0,1,0,0.0,0,0,0,0.0,0,0,0,0,WR,Lenoir-Rhyne,,
Baylor Cupp,Baylor Cupp,KC,Kansas City,448,1,0,1,0,0.0,0,0,0,0.0,0,0,0,0,TE,Texas Tech,Texas Tech,Big 12
Xavier Weaver,Xavier Weaver,ARI,Arizona,448,1,0,1,0,0.0,0,0,0,0.0,0,0,0,0,WR,Colorado,Colorado,Big 12
Skyy Moore,Skyy Moore,KC,Kansas City,448,6,0,3,0,0.0,0,0,0,0.0,0,0,0,0,WR,Western Michigan,Michigan,Big Ten
JC Latham,JC Latham,TEN,Tennessee,448,15,1,1,0,0.0,0,0,0,0.0,0,0,4,0,OT,Alabama,Alabama,SEC
C.J. Stroud,C.J. Stroud,HOU,Houston,448,15,0,1,0,0.0,0,0,0,0.0,0,0,0,0,QB,Ohio State,Ohio State,Big Ten
Tyler Smith,Tyler Smith,DAL,Dallas,448,14,1,1,0,0.0,0,0,0,0.0,0,0,6,0,OT,Tulsa,Tulsa,The American
Javon Baker,Javon Baker,NE,New England,448,9,0,2,0,0.0,0,0,0,0.0,0,0,0,0,WR,Central Florida,Florida,SEC
Kameron Johnson,Kameron Johnson,TB,Tampa Bay,448,4,0,1,0,0.0,0,0,0,0.0,0,0,0,0,WR,Barton,,
Anthony Richardson,Anthony Richardson,IND,Indianapolis,475,11,1,1,-1,-1.0,0,-1,0,-0.1,0,0,7,0,QB,Florida,Florida,SEC
George Holani,George Holani,SEA,Seattle,475,3,1,1,-1,-1.0,0,-1,0,-0.3,0,0,0,0,RB,Boise State,Boise St.,Mountain West
Brycen Tremayne,Brycen Tremayne,WSH,Washington,477,1,1,1,-2,-2.0,0,-2,0,-2.0,0,0,0,0,WR,Stanford,Stanford,ACC
Tyler Badie,Tyler Badie,DEN,Denver,477,3,3,3,-2,-0.7,0,2,0,-0.7,1,1,4,0,RB,Missouri,Missouri,SEC
Zach Frazier,Zach Frazier,PIT,Pittsburgh,477,13,0,0,-2,0.0,0,-2,0,-0.2,0,0,-2,0,C,West Virginia,West Virginia,Big 12
Dominick Puni,Dominick Puni,SF,San Francisco,480,15,0,0,-3,0.0,0,-3,0,-0.2,0,0,-3,0,OT,Kansas,Kansas,Big 12
Trevor Lawrence,Trevor Lawrence,JAX,Jacksonville,481,10,0,0,-5,0.0,0,-5,0,-0.5,1,0,-5,0,QB,Clemson,Clemson,ACC
