RK,NAME,GP,SOLO,AST,TOT,SACK,YDS,TFL,PD,INT,YDS,LNG,TD,FF,FR,FTD
1,Zaire Franklin IND,15,83,68,151,2.5,4,6,5,2,4,4,0,3,0,0
2,Budda Baker ARI,15,90,58,148,2.0,13,9,3,0,0,0,0,0,0,0
3,Zack Baun PHI,15,92,53,145,3.5,23,11,3,1,0,0,0,5,1,0
4,Daiyan Henley LAC,15,82,60,142,1.0,1,7,7,0,0,0,0,0,0,0
4,Jamien Sherwood NYJ,15,90,52,142,2.0,11,9,2,0,0,0,0,0,0,0
6,Roquan Smith BAL,14,71,65,136,0.5,3,3,4,1,0,0,0,1,1,0
7,Robert Spillane LV,15,81,53,134,1.0,6,8,5,2,0,0,0,0,0,0
8,Kaden Elliss ATL,15,75,56,131,5.0,37,8,2,0,0,0,0,1,1,0
8,Nick Cross IND,15,82,49,131,1.0,2,5,5,3,25,20,0,1,0,0
10,Germaine Pratt CIN,15,73,57,130,0.0,0,4,5,1,24,24,0,2,2,0
11,E.J. Speed IND,13,87,42,129,0.0,0,7,4,1,12,12,0,0,0,0
12,Christian Rozeboom LAR,15,66,62,128,1.0,6,5,4,1,16,16,0,0,0,0
12,Jordyn Brooks MIA,15,75,53,128,3.0,19,10,5,0,0,0,0,0,2,0
12,Nakobe Dean PHI,15,80,48,128,3.0,26,9,4,1,0,0,0,1,2,0
15,Eric Kendricks DAL,13,63,61,124,3.0,8,3,3,2,15,8,0,3,1,0
16,Ernest Jones IV SEA/TEN,14,72,51,123,0.0,0,4,4,1,12,12,0,1,0,0
17,T.J. Edwards CHI,15,72,47,119,3.0,18,10,3,1,0,0,0,1,1,0
17,Kyzir White ARI,15,51,68,119,2.5,15,7,2,1,0,0,0,0,1,0
19,Bobby Wagner WSH,15,71,47,118,2.0,13,8,2,0,0,0,0,1,2,0
20,Fred Warner SF,15,68,49,117,1.0,0,3,7,2,70,45,1,4,0,0
20,Patrick Queen PIT,15,57,60,117,0.0,0,5,6,0,0,0,0,1,1,0
22,Jack Campbell DET,15,63,53,116,1.5,5,5,5,0,0,0,0,1,0,0
23,Lavonte David TB,15,72,40,112,5.5,44,9,5,1,7,7,0,3,1,0
23,Kevin Byard III CHI,15,67,45,112,1.0,3,4,7,1,0,0,0,0,2,0
25,Dorian Williams BUF,15,65,43,108,0.0,0,5,0,0,0,0,0,1,3,0
26,Micah McFadden NYG,14,60,47,107,3.0,4,8,1,0,0,0,0,1,1,0
27,Quentin Lake LAR,15,69,37,106,2.0,7,1,5,0,0,0,0,0,0,0
28,Demario Davis NO,13,51,53,104,2.0,0,3,6,1,0,0,0,0,0,0
28,Logan Wilson CIN,11,55,49,104,0.0,0,2,1,0,0,0,0,2,2,0
30,Xavier Woods CAR,15,64,38,102,0.0,0,2,5,3,70,33,0,0,0,0
30,Quay Walker GB,13,72,30,102,2.5,19,9,2,0,0,0,0,0,0,0
30,Kyle Hamilton BAL,15,73,29,102,2.0,19,4,8,0,0,0,0,2,1,0
33,Jahlani Tavai NE,15,53,48,101,1.0,7,7,5,1,0,0,0,0,0,0
33,Brandon Jones DEN,14,70,31,101,0.0,0,2,10,3,74,37,0,1,1,0
33,Devin Lloyd JAX,14,53,48,101,1.0,5,5,3,0,0,0,0,1,0,0
36,Jeremy Chinn WSH,15,63,36,99,1.0,9,5,3,1,0,0,0,1,2,0
37,Julian Love SEA,15,72,26,98,0.0,0,3,9,2,26,26,0,2,1,0
37,Grant Delpit CLE,14,57,41,98,1.0,9,6,1,0,0,0,0,0,1,0
37,Terrel Bernard BUF,12,55,43,98,1.0,6,5,3,2,1,1,0,0,1,0
37,Nick Bolton KC,15,70,28,98,3.0,28,11,4,1,0,0,0,1,1,0
37,Tyler Nubin NYG,13,57,41,98,0.0,0,4,1,0,0,0,0,1,1,0
42,Josey Jewell CAR,12,51,46,97,3.5,26,7,7,1,0,0,0,0,2,0
42,Quincy Williams NYJ,15,62,35,97,2.0,22,8,2,0,0,0,0,3,2,0
42,Cody Barton DEN,15,49,48,97,1.5,3,2,4,2,71,56,0,1,1,1
42,Henry To'oTo'o HOU,13,50,47,97,1.5,1,7,3,1,0,0,0,1,0,0
46,DeShon Elliott PIT,13,64,32,96,0.0,0,4,6,1,0,0,0,2,3,0
46,Brian Branch DET,14,72,24,96,0.0,0,7,15,4,48,47,0,1,0,0
48,Josh Metellus MIN,15,57,38,95,0.0,0,2,4,2,16,12,0,1,0,0
48,Kenneth Murray Jr. TEN,14,57,38,95,3.5,13,8,2,1,6,6,0,1,0,0
50,Tremaine Edmunds CHI,15,52,42,94,1.0,7,3,6,1,0,0,0,1,0,0
51,Bobby Okereke NYG,12,47,46,93,2.0,4,6,3,0,0,0,0,3,2,0
51,Blake Cashman MIN,12,57,36,93,3.0,24,7,8,0,0,0,0,0,1,0
53,Tre'von Moehrig LV,15,60,32,92,1.0,4,5,10,2,28,16,0,0,2,0
54,Isaiah McDuffie GB,14,43,47,90,0.5,0,2,3,0,0,0,0,1,0,0
54,DeMarvion Overshown DAL,13,56,34,90,5.0,32,8,4,1,23,23,1,1,1,0
56,Frankie Luvu WSH,15,47,42,89,8.0,46,11,7,1,0,0,0,1,2,0
57,Derwin James Jr. LAC,14,56,32,88,3.5,14,7,6,1,2,2,0,0,0,0
57,Tyrel Dodson SEA/MIA,15,48,40,88,2.0,9,5,3,1,0,0,0,1,0,0
59,Foyesade Oluokun JAX,11,54,33,87,1.0,9,5,6,1,0,0,0,0,0,0
60,Minkah Fitzpatrick PIT,15,54,32,86,0.0,0,1,4,1,25,25,0,1,0,0
61,Drue Tranquill KC,15,48,37,85,2.0,11,5,2,0,0,0,0,0,2,0
61,Jessie Bates III ATL,15,51,34,85,0.0,0,1,10,4,55,55,1,4,1,0
61,Camryn Bynum MIN,15,46,39,85,0.0,0,1,10,3,3,3,0,0,1,0
61,Jaylon Jones IND,15,59,26,85,0.0,0,3,12,2,5,5,0,1,0,0
65,Jordan Poyer MIA,14,43,41,84,0.0,0,0,2,0,0,0,0,0,0,0
65,Devon Witherspoon SEA,15,56,28,84,0.0,0,3,7,0,0,0,0,1,0,0
67,Damar Hamlin BUF,13,58,25,83,0.0,0,2,5,2,19,19,0,0,1,0
68,Justin Reid KC,15,56,26,82,0.0,0,5,8,1,8,8,0,0,0,0
68,Jalen Thompson ARI,13,52,30,82,0.0,0,2,2,0,0,0,0,0,1,0
70,Ventrell Miller JAX,15,53,27,80,0.0,0,4,3,0,0,0,0,1,0,0
70,Mike Sainristil WSH,15,53,27,80,0.0,0,1,11,2,38,38,0,1,1,0
72,Harrison Smith MIN,14,51,28,79,1.0,8,3,9,2,0,0,0,0,1,0
72,De'Vondre Campbell SF,13,44,35,79,0.0,0,3,2,0,0,0,0,0,0,0
72,Donovan Wilson DAL,15,41,38,79,3.5,26,5,5,1,0,0,0,2,1,0
72,Quan Martin WSH,15,43,36,79,0.0,0,2,1,0,0,0,0,3,0,0
72,Alontae Taylor NO,14,55,24,79,4.0,33,7,13,0,0,0,0,2,0,0
77,Julian Blackmon IND,14,56,21,77,0.5,1,1,3,2,17,17,0,0,1,0
78,Jordan Whitehead TB,11,47,29,76,0.0,0,2,3,0,0,0,0,0,0,0
78,Geno Stone CIN,15,44,32,76,0.0,0,0,6,4,88,49,1,0,1,0
78,Deommodore Lenoir SF,14,48,28,76,0.0,0,2,9,2,33,33,0,1,0,0
78,Isaiah Pola-Mao LV,15,50,26,76,1.0,8,1,3,0,0,0,0,2,0,0
82,Taylor Rapp BUF,12,42,33,75,0.0,0,2,6,2,5,5,0,1,0,0
82,Tony Adams NYJ,13,37,38,75,1.0,0,2,6,1,0,0,0,0,0,0
82,Xavier McKinney GB,14,50,25,75,1.0,8,2,9,7,111,48,0,0,1,0
82,Reed Blankenship PHI,14,51,24,75,0.0,0,0,6,4,29,28,0,0,1,0
82,Christian Izien TB,14,48,27,75,0.0,0,4,3,1,17,17,0,1,0,0
87,Javon Bullard GB,13,50,24,74,0.0,0,1,1,0,0,0,0,0,0,0
88,A'Shawn Robinson CAR,14,42,31,73,5.5,46,8,1,0,0,0,0,1,0,0
88,Devin Bush CLE,15,42,31,73,1.0,2,5,3,0,0,0,0,0,0,0
88,Jason Pinnock NYG,14,42,31,73,3.0,13,4,1,0,0,0,0,0,0,0
91,Chamarri Conner KC,14,55,17,72,1.0,9,4,4,2,32,29,0,1,1,1
91,Trenton Simpson BAL,15,40,32,72,1.5,13,5,4,0,0,0,0,0,1,0
91,Tyrice Knight SEA,14,36,36,72,1.0,6,3,2,0,0,0,0,0,1,0
94,Jordan Hicks CLE,11,38,33,71,2.0,7,4,4,0,0,0,0,0,0,0
94,Amani Hooker TEN,14,47,24,71,0.0,0,4,9,5,68,30,0,2,0,0
94,Byron Murphy Jr. MIN,15,54,17,71,0.0,0,5,13,6,2,2,0,1,0,0
94,Elijah Molden LAC,14,41,30,71,0.0,0,2,7,3,28,25,0,0,2,0
94,Kerby Joseph DET,15,49,22,71,0.0,0,1,10,7,60,33,1,0,0,0
94,Riley Moss DEN,12,53,18,71,0.0,0,1,8,1,0,0,0,1,1,0
94,Martin Emerson Jr. CLE,15,56,15,71,0.0,0,3,5,0,0,0,0,1,1,0
94,Ja'Quan McMillian DEN,15,52,19,71,1.0,14,3,9,2,44,44,1,1,0,0
102,Anfernee Jennings NE,14,39,31,70,2.5,13,6,0,0,0,0,0,1,0,0
102,Pete Werner NO,11,45,25,70,0.0,0,3,1,0,0,0,0,0,0,0
102,Bryan Cook KC,15,51,19,70,0.0,0,1,5,2,0,0,0,0,0,0
102,Zyon McCollum TB,15,46,24,70,0.0,0,1,12,2,4,4,0,0,1,0
102,Keisean Nixon GB,14,45,25,70,2.0,14,5,6,1,16,16,0,2,0,0
102,Kyle Dugger NE,11,47,23,70,1.0,4,8,4,0,0,0,0,1,0,0
102,Dee Alford ATL,14,53,17,70,1.0,4,1,10,0,0,0,0,1,0,0
102,Ji'Ayir Brown SF,15,45,25,70,0.0,0,3,5,1,0,0,0,0,0,0
110,Andrew Van Ginkel MIN,15,45,24,69,11.0,73,17,5,2,73,63,2,1,0,0
110,Kamren Curl LAR,15,44,25,69,1.0,10,1,8,0,0,0,0,2,1,1
112,Anthony Walker Jr. MIA,14,34,34,68,1.0,0,0,2,1,5,5,0,0,0,0
112,Azeez Al-Shaair HOU,10,45,23,68,2.0,2,7,4,0,0,0,0,2,0,0
112,Jaycee Horn CAR,15,49,19,68,2.0,27,5,13,1,0,0,0,0,0,0
115,Justin Strnad DEN,15,43,24,67,3.0,8,7,3,0,0,0,0,0,0,0
115,Mack Wilson Sr. ARI,14,40,27,67,3.0,20,4,4,1,0,0,0,0,1,0
115,Kenny Moore II IND,13,44,23,67,0.5,5,4,7,3,28,12,0,0,1,1
115,Cam Taylor-Britt CIN,15,50,17,67,0.5,3,1,15,3,79,51,1,0,0,0
115,Tyrique Stevenson CHI,14,45,22,67,0.0,0,1,11,2,43,43,1,1,0,0
115,Antonio Johnson JAX,15,50,17,67,0.0,0,1,1,0,0,0,0,0,0,0
115,Malik Mustapha SF,14,27,40,67,0.0,0,2,5,1,1,1,0,0,0,0
122,Cameron Heyward PIT,15,33,33,66,8.0,62,11,8,0,0,0,0,0,0,0
122,Malik Hooker DAL,15,40,26,66,0.0,0,1,4,2,20,21,0,0,0,0
122,Harold Landry III TEN,15,37,29,66,8.0,37,13,4,0,0,0,0,0,0,0
122,Cam Lewis BUF,15,47,19,66,0.0,0,2,4,1,0,0,0,0,0,0
122,Jeffery Simmons TEN,14,37,29,66,5.0,35,11,4,0,0,0,0,2,2,0
122,K.J. Britt TB,12,35,31,66,0.5,5,0,1,0,0,0,0,0,0,0
122,Nate Landman ATL,11,31,35,66,0.0,0,0,0,0,0,0,0,3,0,0
129,Michael Jackson CAR,15,51,14,65,0.0,0,1,14,1,1,1,0,0,0,0
129,P.J. Locke DEN,13,44,21,65,1.0,10,3,2,0,0,0,0,1,0,0
129,Jalen Pitre HOU,12,44,21,65,0.0,0,6,8,1,10,10,0,1,0,0
129,Montaric Brown JAX,15,48,17,65,0.0,0,6,7,1,0,0,0,0,0,0
129,Kyler Gordon CHI,13,41,24,65,0.5,4,3,4,0,0,0,0,0,2,0
129,Jarvis Brownlee Jr. TEN,15,42,23,65,0.0,0,7,8,1,2,2,0,0,0,0
135,Akeem Davis-Gaither CIN,15,30,34,64,0.0,0,2,4,1,12,12,0,0,0,0
135,Brandon Stephens BAL,15,53,11,64,1.5,4,3,9,0,0,0,0,0,0,0
135,Payton Wilson PIT,15,38,26,64,0.0,0,2,2,1,0,0,0,0,2,1
135,Joey Porter Jr. PIT,15,47,17,64,0.0,0,2,6,1,16,16,0,0,0,0
135,Trevin Wallace CAR,13,36,28,64,1.0,8,2,0,0,0,0,0,2,1,0
140,Benjamin St-Juste WSH,15,50,13,63,0.0,0,0,7,0,0,0,0,1,1,0
140,Jared Verse LAR,15,34,29,63,4.5,45,11,2,0,0,0,0,2,2,0
142,Eric Murray HOU,15,42,20,62,1.0,14,1,10,1,0,0,0,0,0,0
142,Mike Hilton CIN,14,43,19,62,0.0,0,12,4,1,0,0,0,0,0,0
142,Jack Jones LV,15,49,13,62,0.0,0,3,12,2,53,29,1,0,0,0
142,Christian Elliss NE,14,35,27,62,1.5,14,1,4,1,6,6,0,1,1,0
142,Christian Benford BUF,14,48,14,62,1.0,8,3,9,1,6,6,0,2,1,0
147,Jourdan Lewis DAL,14,34,27,61,1.0,10,3,7,1,0,0,0,1,1,0
147,Chuck Clark NYJ,11,36,25,61,1.0,8,1,2,0,0,0,0,1,1,0
147,Taron Johnson BUF,11,38,23,61,1.0,1,1,5,2,23,23,1,1,1,1
147,Grover Stewart IND,15,26,35,61,3.5,11,8,3,0,0,0,0,1,1,0
147,A.J. Terrell ATL,15,46,15,61,0.0,0,2,5,2,1,1,0,0,0,0
147,Kobie Turner LAR,15,34,27,61,7.0,57,9,4,0,0,0,0,1,1,0
147,Jeremiah Owusu-Koramoah CLE,8,39,22,61,3.0,14,10,3,1,0,0,0,1,0,0
147,Dru Phillips NYG,12,38,23,61,1.0,5,7,0,0,0,0,0,2,0,0
155,Antoine Winfield Jr. TB,9,34,26,60,2.0,11,2,3,0,0,0,0,0,1,1
155,Brian Burns NYG,15,36,24,60,8.0,72,14,8,0,0,0,0,2,0,0
155,Coby Bryant SEA,15,41,19,60,0.0,0,1,5,3,87,69,1,1,0,0
155,Andre Cisco JAX,15,38,22,60,0.0,0,0,7,1,22,22,0,0,0,0
159,Mike Hughes ATL,13,47,12,59,0.0,0,3,6,0,0,0,0,0,0,0
159,Ivan Pace Jr. MIN,9,31,28,59,3.0,14,6,0,0,0,0,0,0,1,1
159,Edgerrin Cooper GB,11,37,22,59,3.5,33,7,4,1,22,22,0,1,1,0
159,Mohamoud Diabate CLE,11,29,30,59,0.0,0,5,3,0,0,0,0,0,0,0
163,T.J. Watt PIT,15,39,19,58,11.5,80,18,3,0,0,0,0,6,2,0
163,Jamel Dean TB,11,44,14,58,0.0,0,0,6,1,0,0,0,1,0,0
163,C.J. Gardner-Johnson PHI,15,34,24,58,0.0,0,2,10,4,22,15,0,1,0,0
163,Marcus Jones NE,14,48,10,58,0.0,0,1,10,1,35,35,0,0,1,0
163,Ar'Darius Washington BAL,15,41,17,58,1.0,7,5,7,2,33,32,0,1,0,0
163,Christian Gonzalez NE,15,49,9,58,0.0,0,1,11,2,2,2,0,0,1,1
169,Adam Butler LV,15,32,25,57,3.5,27,7,2,0,0,0,0,0,0,0
170,Alex Anzalone DET,9,40,16,56,1.0,8,7,4,0,0,0,0,0,0,0
170,Jalen Ramsey MIA,15,36,20,56,1.0,12,5,9,2,7,7,0,0,0,0
170,Marlon Humphrey BAL,14,42,14,56,0.5,3,4,13,6,37,37,1,1,0,0
170,Carlton Davis III DET,13,42,14,56,0.0,0,2,11,2,0,0,0,1,2,0
174,Denzel Perryman LAC,11,39,16,55,1.0,7,2,0,0,0,0,0,0,0,0
174,Davon Godchaux NE,15,19,36,55,0.0,0,1,1,0,0,0,0,0,0,0
174,Rasul Douglas BUF,13,40,15,55,0.0,0,5,5,0,0,0,0,1,0,0
174,Trent McDuffie KC,15,41,14,55,0.5,0,6,12,2,0,0,0,0,0,0
178,Leonard Williams SEA,14,28,26,54,7.0,52,12,3,1,92,92,1,0,0,0
178,D.J. Reed NYJ,12,43,11,54,1.0,8,3,10,0,0,0,0,0,0,0
178,Jerome Baker SEA/TEN,8,30,24,54,1.0,0,2,2,0,0,0,0,1,1,0
178,Travon Walker JAX,15,28,26,54,8.5,80,11,1,0,0,0,0,1,1,1
178,Leo Chenal KC,15,38,16,54,1.0,0,4,3,0,0,0,0,3,0,0
178,Renardo Green SF,15,37,17,54,0.0,0,0,9,1,20,20,0,1,0,0
178,Omar Speights LAR,15,31,23,54,0.0,0,2,2,0,0,0,0,0,0,0
185,Zach Allen DEN,14,30,23,53,5.0,22,13,1,0,0,0,0,0,0,0
185,DaVon Hamilton JAX,15,29,24,53,0.0,0,5,0,0,0,0,0,0,0,0
185,Jevon Holland MIA,13,37,16,53,1.0,12,2,3,0,0,0,0,1,0,0
188,Tyrann Mathieu NO,14,38,14,52,0.0,0,1,6,3,29,23,0,2,1,0
188,Jonathan Jones NE,15,37,15,52,0.0,0,0,6,0,0,0,0,2,0,0
188,DeForest Buckner IND,10,24,28,52,6.5,62,8,1,0,0,0,0,0,0,0
188,Vonn Bell CIN,15,22,30,52,0.0,0,1,2,1,32,32,0,1,1,0
188,Jonathan Greenard MIN,15,36,16,52,11.0,99,16,2,0,0,0,0,4,0,0
188,Divine Deablo LV,12,32,20,52,1.0,13,3,2,0,0,0,0,0,0,0
188,Jonathon Cooper DEN,15,29,23,52,8.0,40,9,1,0,0,0,0,1,0,0
188,Paulson Adebo NO,7,43,9,52,0.0,0,1,10,3,68,47,0,0,0,0
188,Keion White NE,15,28,24,52,5.0,25,7,5,0,0,0,0,2,0,0
188,Jordan Battle CIN,15,32,20,52,0.0,0,1,3,1,0,0,0,0,1,0
188,Terrion Arnold DET,14,40,12,52,0.0,0,0,9,0,0,0,0,0,1,0
188,Byron Young LAR,15,28,24,52,6.0,44,11,1,0,0,0,0,1,0,0
200,Rayshawn Jenkins SEA,11,33,18,51,1.0,16,1,0,0,0,0,0,0,1,1
200,Charvarius Ward SF,11,35,16,51,0.0,0,1,7,0,0,0,0,0,0,0
200,Zaven Collins ARI,15,30,21,51,4.0,33,6,1,0,0,0,0,1,0,0
200,Tarheeb Still LAC,12,36,15,51,0.5,5,0,10,4,85,61,1,0,0,0
200,Kamari Lassiter HOU,12,38,13,51,0.0,0,3,10,3,9,9,0,0,0,0
205,Justin Simmons ATL,14,27,23,50,0.0,0,2,7,2,0,0,0,0,0,0
205,Kendall Fuller MIA,11,37,13,50,0.0,0,1,7,0,0,0,0,0,1,0
205,Neville Hewitt HOU,15,27,23,50,0.0,0,0,3,1,45,45,0,2,0,0
205,Will Harris NO,10,34,16,50,0.0,0,2,4,1,7,7,0,0,0,0
205,Carl Granderson NO,14,32,18,50,5.5,32,8,3,0,0,0,0,1,0,0
205,Malik Harrison BAL,13,21,29,50,2.0,8,3,0,0,0,0,0,0,0,0
205,Greg Rousseau BUF,15,35,15,50,7.5,44,16,2,0,0,0,0,3,1,0
205,Derek Stingley Jr. HOU,15,36,14,50,0.0,0,4,18,5,48,31,0,0,0,0
213,Stephon Gilmore MIN,13,33,16,49,0.0,0,1,9,1,0,0,0,0,0,0
213,Ugo Amadi NO,8,39,10,49,2.0,22,5,6,0,0,0,0,0,0,0
213,Chauncey Golston DAL,15,24,25,49,4.0,16,4,4,1,18,18,0,0,1,0
213,Noah Igbinoghene WSH,15,30,19,49,0.0,0,1,6,0,0,0,0,0,0,0
213,Tykee Smith TB,11,35,14,49,0.0,0,3,7,2,0,0,0,3,0,0
213,Evan Williams GB,13,31,18,49,0.0,0,1,3,1,1,1,0,1,0,0
213,Calen Bullock HOU,15,32,17,49,0.0,0,0,10,5,96,68,0,0,1,0
213,Garrett Williams ARI,14,36,13,49,0.0,0,0,6,2,0,0,0,1,0,0
221,Jimmie Ward HOU,10,32,16,48,0.0,0,5,4,2,67,65,1,0,0,0
221,B.J. Hill CIN,13,23,25,48,3.0,11,6,4,0,0,0,0,0,0,0
221,Isaiah Oliver NYJ,15,34,14,48,1.0,6,2,2,0,0,0,0,0,0,0
221,Tyson Campbell JAX,10,33,15,48,0.0,0,2,5,0,0,0,0,0,0,0
221,Cor'Dale Flott NYG,12,33,15,48,0.0,0,2,7,1,26,26,0,0,0,0
226,Eric Wilson GB,14,28,19,47,2.0,17,7,3,1,0,0,0,1,0,0
226,Sean Murphy-Bunting ARI,13,26,21,47,0.0,0,3,4,2,2,2,0,2,0,0
226,Troy Dye LAC,15,26,21,47,1.5,10,2,0,0,0,0,0,0,0,0
226,Alohi Gilman LAC,10,31,16,47,1.0,0,1,4,1,18,18,0,0,0,0
226,Troy Andersen ATL,7,28,19,47,0.0,0,1,1,1,47,47,1,0,0,0
231,Calais Campbell MIA,15,32,14,46,4.0,31,10,5,0,0,0,0,1,0,0
231,Darius Slay Jr. PHI,13,37,9,46,0.0,0,3,13,0,0,0,0,1,1,0
231,Rakeem Nunez-Roches NYG,13,11,35,46,1.0,1,1,2,0,0,0,0,0,0,0
231,Grady Jarrett ATL,15,25,21,46,2.5,23,9,0,0,0,0,0,0,0,0
231,Ronald Darby JAX,13,36,10,46,0.0,0,3,9,0,0,0,0,0,0,0
231,Troy Reeder LAR,6,26,20,46,0.0,0,1,1,0,0,0,0,0,0,0
231,Michael Hoecht LAR,15,20,26,46,3.0,14,4,2,0,0,0,0,0,0,0
231,Jordan Fuller CAR,8,27,19,46,0.0,0,0,1,0,0,0,0,1,0,0
231,Sauce Gardner NYJ,14,33,13,46,1.0,4,1,8,1,0,0,0,0,0,0
231,Yaya Diaby TB,15,33,13,46,2.5,20,8,0,0,0,0,0,1,1,0
231,Max Melton ARI,15,34,12,46,0.0,0,2,4,0,0,0,0,1,0,0
242,Zach Sieler MIA,13,24,21,45,8.5,75,12,2,1,0,0,0,1,1,0
242,Raekwon McMillan NE,9,25,20,45,0.0,0,1,1,0,0,0,0,0,0,0
242,David Long Jr. MIA/DET,13,29,16,45,0.0,0,3,0,0,0,0,0,0,1,0
242,Maxx Crosby LV,12,28,17,45,7.5,64,17,5,0,0,0,0,0,0,0
242,Juan Thornhill CLE,9,28,17,45,0.0,0,1,2,0,0,0,0,0,0,0
242,Nate Hobbs LV,10,30,15,45,0.0,0,2,5,1,35,35,0,0,0,0
242,Jordan Howden NO,14,22,23,45,0.0,0,1,1,1,-5,-5,0,0,0,0
242,Beanie Bishop Jr. PIT,15,30,15,45,0.5,3,2,6,3,46,41,0,0,1,0
242,Deonte Banks NYG,12,34,11,45,0.0,0,1,9,0,0,0,0,1,0,0
242,Kamren Kinchens LAR,15,27,18,45,0.0,0,1,5,3,112,103,1,1,0,0
242,Cooper DeJean PHI,15,34,11,45,0.5,8,3,6,0,0,0,0,1,2,0
253,Jalen Mills NYJ,9,17,27,44,0.0,0,1,6,1,0,0,0,1,0,0
253,Danielle Hunter HOU,15,30,14,44,12.0,94,17,3,0,0,0,0,1,0,0
253,Daniel Ekuale NE,14,22,22,44,1.0,6,2,0,0,0,0,0,0,0,0
253,Harrison Phillips MIN,15,14,30,44,2.0,14,2,4,0,0,0,0,1,1,0
253,Denzel Ward CLE,15,37,7,44,0.0,0,1,19,2,0,0,0,1,1,0
253,Kristian Fulton LAC,13,32,12,44,0.0,0,2,7,1,29,29,0,0,0,0
253,Dexter Lawrence II NYG,12,23,21,44,9.0,65,8,1,0,0,0,0,1,0,0
253,Nick Bosa SF,12,28,16,44,7.0,40,11,1,1,30,30,0,1,1,0
253,Nazeeh Johnson KC,14,24,20,44,1.0,17,3,3,0,0,0,0,0,0,0
253,Jack Gibbens TEN,10,22,22,44,0.5,3,2,0,0,0,0,0,0,0,0
253,Dane Belton NYG,15,19,25,44,1.0,5,1,4,0,0,0,0,1,0,0
253,Gervon Dexter Sr. CHI,13,23,21,44,5.0,37,4,1,0,0,0,0,0,2,0
265,DeMarcus Walker CHI,15,23,20,43,3.5,20,5,0,0,0,0,0,0,0,0
265,Jarran Reed SEA,15,20,23,43,3.5,36,4,2,0,0,0,0,1,0,0
265,Jaylinn Hawkins NE,15,26,17,43,0.0,0,3,1,0,0,0,0,0,1,0
265,Amik Robertson DET,15,34,9,43,0.0,0,4,6,0,0,0,0,2,0,0
265,Malcolm Rodriguez DET,10,27,16,43,2.0,7,2,1,0,0,0,0,0,1,0
265,Jaylon Johnson CHI,15,34,9,43,0.0,0,7,7,2,11,9,0,0,0,0
265,Riq Woolen SEA,13,29,14,43,0.0,0,0,13,2,4,4,0,1,0,0
265,Nik Bonitto DEN,15,29,14,43,11.5,80,14,3,1,71,71,1,2,1,1
265,Roger McCreary TEN,13,36,7,43,1.0,13,11,1,0,0,0,0,0,0,0
265,T'Vondre Sweat TEN,15,19,24,43,1.0,9,4,1,0,0,0,0,1,1,0
275,Quandre Diggs TEN,8,35,7,42,0.0,0,0,0,0,0,0,0,0,0,0
275,Emmanuel Ogbah MIA,14,22,20,42,3.5,11,7,2,1,0,0,0,0,0,0
275,Marcus Maye LAC/MIA,15,19,23,42,0.0,0,1,3,1,0,0,0,0,0,0
275,Sebastian Joseph-Day TEN,15,18,24,42,2.5,32,3,1,0,0,0,0,0,0,0
275,Darnell Savage JAX,12,33,9,42,0.0,0,2,6,1,16,16,0,0,0,0
275,Osa Odighizuwa DAL,15,23,19,42,4.0,22,5,1,0,0,0,0,1,0,0
275,Trevon Diggs DAL,11,35,7,42,0.0,0,0,11,2,1,1,0,0,0,0
275,Starling Thomas V ARI,15,30,12,42,0.0,0,1,6,0,0,0,0,1,0,0
275,Jalen Carter PHI,15,25,17,42,4.5,31,12,5,0,0,0,0,2,0,0
284,John Jenkins LV,15,12,29,41,1.0,11,3,2,0,0,0,0,0,0,0
284,Elandon Roberts PIT,15,21,20,41,1.0,9,5,0,0,0,0,0,1,0,0
284,Sam Hubbard CIN,14,25,16,41,2.0,6,3,2,1,0,0,0,1,0,0
284,Myles Garrett CLE,15,34,7,41,12.0,85,18,1,0,0,0,0,3,1,0
284,David Onyemata ATL,15,21,20,41,2.0,8,7,1,0,0,0,0,0,0,0
284,Darious Williams LAR,11,29,12,41,0.0,0,1,6,1,0,0,0,0,0,0
284,DJ Johnson CAR,13,17,24,41,0.5,0,2,1,0,0,0,0,0,1,0
284,Braden Fiske LAR,15,18,23,41,6.0,62,8,0,0,0,0,0,2,2,0
284,Quinyon Mitchell PHI,15,32,9,41,0.0,0,0,10,0,0,0,0,0,0,0
293,Jadeveon Clowney CAR,12,22,18,40,3.5,39,7,3,0,0,0,0,0,0,0
293,Jabrill Peppers NE,6,20,20,40,0.0,0,2,2,1,0,0,0,1,0,0
293,Shy Tuttle CAR,13,20,20,40,0.0,0,0,3,0,0,0,0,1,2,0
293,Malcolm Roach DEN,15,17,23,40,2.5,14,4,2,0,0,0,0,1,1,0
293,Baylon Spector BUF,11,22,18,40,1.5,1,2,0,0,0,0,0,0,1,0
293,Grant Stuard IND,15,25,15,40,0.0,0,2,0,0,0,0,0,0,0,0
293,LaBryan Ray CAR,14,15,25,40,1.0,5,2,0,0,0,0,0,0,0,0
293,Elijah Hicks CHI,12,24,16,40,0.0,0,0,2,0,0,0,0,0,2,0
293,Jonathan Owens CHI,15,24,16,40,0.0,0,1,2,1,0,0,0,1,1,0
293,Bobby Brown III LAR,15,13,27,40,0.0,0,3,0,0,0,0,0,0,0,0
293,Cobie Durant LAR,13,28,12,40,1.0,11,4,6,1,0,0,0,1,0,0
293,Nolan Smith Jr. PHI,15,21,19,40,6.5,42,7,2,0,0,0,0,0,2,0
293,Jaquan Brisker CHI,5,23,17,40,1.0,9,3,2,1,0,0,0,1,0,0
306,Leonard Floyd SF,15,23,16,39,8.5,40,8,1,0,0,0,0,1,0,0
306,Josh Hines-Allen JAX,15,23,16,39,7.0,46,8,2,0,0,0,0,1,1,0
306,Pat Jones II MIN,14,19,20,39,7.0,47,9,0,0,0,0,0,1,0,0
306,Darrell Baker Jr. TEN,15,31,8,39,0.0,0,1,5,0,0,0,0,0,0,0
306,Rashan Gary GB,14,21,18,39,6.5,35,6,1,0,0,0,0,1,0,0
306,Percy Butler WSH,15,23,16,39,0.0,0,2,1,0,0,0,0,0,0,0
306,Darius Muasau NYG,13,20,19,39,0.0,0,2,1,1,1,1,0,0,0,0
306,Tuli Tuipulotu LAC,15,23,16,39,7.5,19,9,2,0,0,0,0,1,0,0
306,Chau Smith-Wade CAR,14,24,15,39,0.0,0,1,1,1,3,3,0,1,0,0
315,Daryl Worley TEN,7,22,16,38,0.0,0,0,2,1,0,0,0,0,0,0
315,Trey Hendrickson CIN,15,28,10,38,13.5,98,15,5,0,0,0,0,2,0,0
315,Poona Ford LAC,15,23,15,38,3.0,19,8,5,1,3,3,0,0,0,0
315,Vita Vea TB,14,25,13,38,6.0,39,9,1,0,0,0,0,0,0,0
315,D.J. Jones DEN,15,20,18,38,0.5,2,1,3,0,0,0,0,0,1,0
315,Daron Payne WSH,15,21,17,38,4.0,37,5,1,0,0,0,0,0,0,0
315,Nnamdi Madubuike BAL,15,19,19,38,5.5,18,9,1,0,0,0,0,1,0,0
315,Javon Kinlaw NYJ,15,25,13,38,3.5,37,4,0,0,0,0,0,1,1,0
315,Marist Liufau DAL,15,21,17,38,1.5,9,3,3,0,0,0,0,2,1,0
315,Jer'Zhan Newton WSH,14,18,20,38,2.0,8,6,1,0,0,0,0,1,1,0
325,Khalil Mack LAC,14,18,19,37,5.0,33,5,8,0,0,0,0,2,1,0
325,Shelby Harris CLE,14,18,19,37,1.5,9,5,2,0,0,0,0,1,0,0
325,Chris Jones KC,15,19,18,37,5.0,23,9,0,0,0,0,0,1,0,0
325,Larry Ogunjobi PIT,13,14,23,37,1.5,11,5,0,0,0,0,0,0,0,0
325,John Franklin-Myers DEN,15,17,20,37,5.5,40,7,0,0,0,0,0,0,0,0
325,Isaac Yiadom SF,15,30,7,37,0.0,0,0,6,1,11,11,0,1,1,0
325,Mike Brown TEN,15,18,19,37,0.0,0,0,1,0,0,0,0,0,0,0
325,Marte Mapu NE,8,16,21,37,0.5,5,1,6,1,6,6,0,3,0,0
325,Kwity Paye IND,13,26,11,37,7.0,43,8,0,0,0,0,0,1,0,0
325,Micah Parsons DAL,11,25,12,37,9.5,70,9,1,0,0,0,0,2,0,0
325,Joseph Ossai CIN,15,21,16,37,4.0,27,4,0,0,0,0,0,1,0,0
325,Travis Jones BAL,15,20,17,37,1.0,11,4,0,0,0,0,0,0,0,0
325,Dante Stills ARI,14,16,21,37,4.5,32,4,1,0,0,0,0,1,0,0
338,Josh Sweat PHI,15,24,12,36,8.0,54,9,2,0,0,0,0,0,0,0
338,Arden Key TEN,15,23,13,36,6.5,38,11,1,0,0,0,0,2,1,0
338,Mike Danna KC,11,17,19,36,1.5,14,2,1,0,0,0,0,1,0,0
338,Eric Stokes GB,14,25,11,36,0.0,0,0,0,0,0,0,0,0,0,0
338,Kader Kohou MIA,13,27,9,36,0.0,0,3,7,2,2,2,0,1,1,0
338,Kingsley Enagbare GB,14,17,19,36,4.5,37,6,0,0,0,0,0,2,0,0
338,Pat Surtain II DEN,14,27,9,36,0.0,0,1,11,4,132,100,1,0,0,0
338,Mazi Smith DAL,15,19,17,36,0.5,4,3,0,0,0,0,0,0,0,0
338,Jaylen McCollough LAR,15,22,14,36,0.0,0,0,4,4,6,4,1,0,0,0
338,Ronnie Hickman CLE,12,25,11,36,0.0,0,1,1,0,0,0,0,0,1,0
348,Rodney McLeod Jr. CLE,15,26,9,35,0.0,0,2,4,0,0,0,0,0,1,1
348,Shaq Thompson CAR,4,19,16,35,0.0,0,2,0,0,0,0,0,0,0,0
348,Jonathan Bullard MIN,15,18,17,35,0.0,0,6,2,0,0,0,0,0,0,0
348,Anthony Nelson TB,15,22,13,35,3.0,21,5,1,0,0,0,0,1,1,0
348,Matthew Judon ATL,15,20,15,35,4.5,33,5,5,1,27,27,1,0,0,0
348,Quinnen Williams NYJ,14,24,11,35,6.0,50,8,0,0,0,0,0,0,0,0
348,AJ Epenesa BUF,15,19,16,35,5.0,44,6,2,0,0,0,0,2,0,0
348,Brandin Echols NYJ,14,25,10,35,0.0,0,1,3,2,0,0,0,0,1,0
348,Jonah Elliss DEN,15,23,12,35,5.0,28,7,2,0,0,0,0,0,0,0
357,Kyle Van Noy BAL,14,21,13,34,10.5,69,12,2,0,0,0,0,2,1,0
357,Shaquill Griffin MIN,15,27,7,34,0.0,0,1,6,2,28,28,0,0,0,0
357,Marshon Lattimore WSH/NO,9,25,9,34,0.0,0,0,5,0,0,0,0,0,0,0
357,Donte Jackson PIT,14,24,10,34,0.0,0,2,8,5,88,49,0,0,1,0
357,Krys Barnes ARI,15,19,15,34,2.0,5,3,0,0,0,0,0,0,0,0
357,Alex Highsmith PIT,9,21,13,34,6.0,40,9,1,0,0,0,0,1,0,0
357,Boye Mafe SEA,13,19,15,34,6.0,59,8,3,0,0,0,0,1,0,0
357,Arnold Ebiketie ATL,15,22,12,34,5.0,15,6,2,0,0,0,0,0,1,0
357,Cam Hart LAC,12,25,9,34,0.5,1,0,6,0,0,0,0,1,0,0
357,Derick Hall SEA,15,19,15,34,7.0,39,5,0,0,0,0,0,2,1,1
357,Byron Murphy II SEA,12,10,24,34,0.5,5,2,0,0,0,0,0,0,0,0
357,Will Anderson Jr. HOU,13,25,9,34,10.5,82,14,1,0,0,0,0,1,1,0
369,Dante Fowler Jr. WSH,15,22,11,33,9.5,64,13,1,1,67,67,1,1,0,0
369,Luke Gifford TEN,14,23,10,33,0.0,0,1,1,1,0,0,0,0,0,0
369,Marcus Williams BAL,11,26,7,33,0.0,0,1,2,0,0,0,0,0,1,0
369,Charles Snowden LV,14,14,19,33,1.5,14,3,4,0,0,0,0,0,0,0
369,Odafe Oweh BAL,15,20,13,33,8.0,56,7,0,0,0,0,0,1,0,0
369,Otito Ogbonnia LAC,15,13,20,33,0.0,0,0,0,0,0,0,0,0,0,0
369,Josh Jobe SEA,9,25,8,33,0.0,0,0,7,1,33,33,0,0,0,0
369,Jack Sanborn CHI,15,17,16,33,1.5,9,2,3,0,0,0,0,0,0,0
369,George Karlaftis KC,15,19,14,33,7.0,36,8,4,0,0,0,0,0,0,0
369,Kool-Aid McKinstry NO,12,26,7,33,0.0,0,2,5,0,0,0,0,0,0,0
379,Troy Hill TB/CAR,8,20,12,32,0.0,0,1,1,0,0,0,0,0,0,0
379,Za'Darius Smith CLE/DET,15,19,13,32,8.0,50,8,0,0,0,0,0,0,0,0
379,Khalen Saunders NO,10,14,18,32,2.0,18,2,1,1,37,37,0,0,0,0
379,Kenny Clark GB,14,18,14,32,1.0,7,4,1,0,0,0,0,0,2,0
379,Jeremiah Ledbetter JAX,13,19,13,32,2.0,15,8,0,0,0,0,0,0,0,0
379,Dorance Armstrong WSH,14,17,15,32,4.0,23,5,0,0,0,0,0,1,0,0
379,Nathan Shepherd NO,14,13,19,32,1.5,11,3,0,0,0,0,0,0,0,0
379,Samuel Womack III IND,15,22,10,32,0.0,0,0,9,2,4,4,0,0,0,0
379,Jarrian Jones JAX,15,24,8,32,1.0,9,1,7,1,0,0,0,0,0,0
379,Demani Richardson CAR,12,20,12,32,0.0,0,0,2,1,3,3,0,0,0,0
379,Dadrion Taylor-Demerson ARI,15,20,12,32,0.0,0,2,5,0,0,0,0,0,0,0
379,Clark Phillips III ATL,14,25,7,32,0.0,0,2,3,1,45,45,0,1,1,0
379,Cole Bishop BUF,14,19,13,32,0.0,0,1,1,0,0,0,0,1,0,0
379,Jaylen Watson KC,6,21,11,32,0.0,0,0,6,0,12,0,0,0,0,0
393,Alex Singleton DEN,3,17,14,31,0.0,0,1,1,1,21,21,0,0,0,0
393,Damontae Kazee PIT,13,22,9,31,0.0,0,0,2,1,5,5,0,0,0,0
393,Micheal Clemons NYJ,15,15,16,31,4.5,40,4,0,0,0,0,0,1,0,0
393,Chad Muma JAX,15,12,19,31,0.0,0,0,0,0,0,0,0,0,0,0
393,Laiatu Latu IND,15,16,15,31,4.0,23,5,1,0,0,0,0,3,1,0
393,Jaylon Carlies IND,8,20,11,31,1.0,8,2,1,0,0,0,0,0,0,0
399,Preston Smith PIT/GB,16,11,19,30,3.5,22,4,0,0,0,0,0,0,0,0
399,Maliek Collins SF,15,18,12,30,5.0,37,4,0,0,0,0,0,0,2,0
399,Eddie Jackson BAL,9,18,12,30,0.0,0,1,1,0,0,0,0,0,0,0
399,Nick Scott CAR,8,16,14,30,0.0,0,0,2,0,0,0,0,0,0,0
399,Da'Shawn Hand MIA,15,20,10,30,1.0,5,5,1,0,0,0,0,1,0,0
399,J.J. Russell TB,14,18,12,30,0.0,0,0,1,0,0,0,0,0,1,0
399,Isaiah McGuire CLE,14,14,16,30,1.5,23,6,0,0,0,0,0,3,0,0
399,Dell Pettus NE,15,16,14,30,1.0,7,1,1,0,0,0,0,0,0,0
399,Dee Winters SF,13,20,10,30,0.0,0,0,4,0,0,0,0,0,0,0
399,Decamerion Richardson LV,10,19,11,30,0.0,0,1,2,0,0,0,0,0,0,0
399,Tavius Robinson BAL,15,12,18,30,3.5,17,4,1,0,0,0,0,0,0,0
410,Mario Edwards Jr. HOU,11,11,18,29,2.0,18,2,2,0,0,0,0,0,2,0
410,Amani Oruwariye DAL,7,23,6,29,0.0,0,1,3,1,0,0,0,0,0,0
410,Lorenzo Carter ATL,11,20,9,29,0.0,0,1,0,0,0,0,0,1,0,0
410,Montez Sweat CHI,14,17,12,29,4.5,30,8,2,0,0,0,0,1,0,0
410,Tim Settle Jr. HOU,15,23,6,29,5.0,41,10,0,0,0,0,0,0,1,0
410,Devon Key DEN,15,14,15,29,1.0,0,0,0,0,0,0,0,0,0,0
410,Darnay Holmes LV,15,14,15,29,1.0,8,2,3,0,0,0,0,0,0,0
410,Keeanu Benton PIT,15,12,17,29,0.0,0,1,6,1,11,11,0,0,1,0
410,Sam Okuayinonu SF,14,21,8,29,3.0,15,5,1,0,0,0,0,1,0,0
410,DJ Turner II CIN,11,24,5,29,0.0,0,1,8,0,0,0,0,0,0,0
410,Nate Wiggins BAL,13,21,8,29,0.0,0,0,11,0,0,0,0,1,0,0
410,Lukas Van Ness GB,14,20,9,29,3.0,6,6,0,0,0,0,0,1,1,0
422,Johnathan Hankins SEA,15,14,14,28,1.0,8,5,1,1,0,0,0,0,0,0
422,Levi Wallace DEN,13,20,8,28,0.0,0,0,2,0,0,0,0,0,0,0
422,K'Lavon Chaisson LV,13,16,12,28,4.0,29,6,2,1,0,0,0,0,0,0
422,Dayo Odeyingbo IND,15,13,15,28,3.0,20,7,0,0,0,0,0,2,1,0
422,DaRon Bland DAL,5,18,10,28,0.0,0,0,4,0,0,0,0,1,1,0
422,Claudin Cherelus CAR,13,13,15,28,0.0,0,0,0,0,0,0,0,0,0,0
422,Damone Clark DAL,13,16,12,28,0.5,4,1,1,0,0,0,0,0,0,0
422,Azeez Ojulari NYG,11,12,16,28,6.0,31,7,0,0,0,0,0,0,1,0
422,Kris Jenkins Jr. CIN,13,10,18,28,3.0,15,3,0,0,0,0,0,0,0,0
422,Joshua Williams KC,15,17,11,28,1.0,12,2,3,0,0,0,0,0,0,0
432,Chris Board BAL,15,15,12,27,0.0,0,1,0,0,0,0,0,0,0,0
432,Jerry Tillery MIN,15,12,15,27,0.0,0,1,2,0,0,0,0,0,0,0
432,D.J. Wonnum CAR,6,15,12,27,4.0,30,4,1,0,0,0,0,1,0,0
432,Roy Lopez ARI,14,10,17,27,1.0,10,4,3,0,0,0,0,1,1,0
432,Talanoa Hufanga SF,5,11,16,27,0.0,0,1,0,0,0,0,0,0,0,0
432,Greg Newsome II CLE,13,24,3,27,0.0,0,0,5,1,-2,-2,0,0,0,0
432,Caelen Carson DAL,6,24,3,27,0.0,0,0,4,0,0,0,0,0,0,0
432,Owen Pappoe ARI,14,18,9,27,0.0,0,0,2,0,0,0,0,1,0,0
432,Anfernee Orji NO,14,15,12,27,0.0,0,2,0,0,0,0,0,0,0,0
441,Bud Dupree LAC,15,17,9,26,6.0,30,6,2,1,0,0,0,1,0,0
441,Arik Armstead JAX,15,21,5,26,2.0,11,3,1,0,0,0,0,0,0,0
441,Deatrich Wise Jr. NE,13,15,11,26,5.0,26,5,3,0,0,0,0,0,0,0
441,L.J. Collier ARI,15,10,16,26,3.5,19,4,1,0,0,0,0,0,1,0
441,Ashtyn Davis NYJ,13,17,9,26,0.0,0,3,0,0,0,0,0,0,0,0
441,Tershawn Wharton KC,15,17,9,26,5.5,37,6,2,0,0,0,0,1,0,0
441,Will McDonald IV NYJ,15,17,9,26,10.0,68,10,2,0,0,0,0,2,1,0
441,Jonah Laulu LV,15,12,14,26,1.0,10,2,3,0,0,0,0,0,0,0
441,Teair Tart LAC,15,14,12,26,1.0,11,5,2,1,4,4,0,1,1,0
441,Tyler Davis LAR,14,12,14,26,0.5,2,2,0,0,0,0,0,0,0,0
441,Jakorian Bennett LV,10,15,11,26,0.0,0,0,8,0,0,0,0,0,0,0
452,Cameron Jordan NO,14,11,14,25,3.0,16,3,4,1,0,0,0,0,0,0
452,Morgan Fox LAC,15,19,6,25,3.5,27,4,1,0,0,0,0,0,0,0
452,Solomon Thomas NYJ,14,14,11,25,3.5,17,4,1,0,0,0,0,1,0,0
452,Dre'Mont Jones SEA,15,13,12,25,4.0,35,7,1,0,0,0,0,1,0,0
452,Chazz Surratt NYJ,15,17,8,25,0.0,0,2,0,0,0,0,0,0,0,0
452,Ed Oliver BUF,13,11,14,25,2.0,11,2,0,0,0,0,0,2,0,0
452,T.J. Slaton GB,14,11,14,25,1.0,1,1,0,0,0,0,0,0,0,0
452,Chase Young NO,14,16,9,25,5.5,30,8,2,0,0,0,0,1,0,0
452,Willie Gay NO,13,18,7,25,2.0,8,2,3,0,0,0,0,1,2,0
452,Alim McNeill DET,14,17,8,25,3.5,29,7,1,0,0,0,0,1,0,0
452,Tyler Lacy JAX,13,10,15,25,0.0,0,2,0,0,0,0,0,0,0,0
452,Dax Hill CIN,5,20,5,25,1.0,1,1,2,0,0,0,0,0,0,0
452,Storm Duck MIA,12,17,8,25,0.0,0,1,2,0,0,0,0,0,0,0
465,Mike Pennel Jr. KC,15,10,14,24,3.0,6,3,0,0,0,0,0,1,0,0
465,Folorunso Fatukasi HOU,11,16,8,24,1.0,2,4,0,0,0,0,0,0,0,0
465,Adoree' Jackson NYG,12,15,9,24,0.0,0,1,4,0,0,0,0,1,1,0
465,James Smith-Williams ATL,10,12,12,24,1.0,6,7,0,0,0,0,0,0,0,0
465,Darrell Taylor CHI,14,17,7,24,2.0,18,2,2,0,0,0,0,1,0,0
465,Quinton Bell MIA,15,14,10,24,1.0,9,3,1,0,0,0,0,1,0,0
465,Levi Onwuzurike DET,14,13,11,24,1.5,7,1,0,0,0,0,0,1,0,0
465,Naquan Jones ARI,10,9,15,24,3.0,21,3,2,0,0,0,0,0,0,0
465,Calijah Kancey TB,10,20,4,24,6.5,41,10,0,0,0,0,0,1,1,0
465,Junior Colson LAC,9,13,11,24,0.0,0,0,1,0,0,0,0,0,0,0
465,Jeremiah Pharms Jr. NE,14,13,11,24,2.0,5,4,0,0,0,0,0,0,0,0
476,Sheldon Day WSH,10,12,11,23,0.0,0,2,1,0,0,0,0,0,0,0
476,Dalvin Tomlinson CLE,15,12,11,23,3.0,24,5,0,0,0,0,0,0,0,0
476,J.T. Gray NO,14,12,11,23,0.0,0,0,0,0,0,0,0,1,0,0
476,Ahkello Witherspoon LAR,11,19,4,23,0.0,0,0,6,0,0,0,0,0,0,0
476,Clelin Ferrell WSH,12,11,12,23,3.5,21,4,0,0,0,0,0,1,0,0
476,Jake Hansen HOU,14,14,9,23,1.0,0,1,0,0,0,0,0,0,0,0
476,L'Jarius Sneed TEN,5,19,4,23,0.0,0,2,0,0,0,0,0,0,0,0
476,Isaiah Rodgers PHI,13,16,7,23,0.0,0,0,3,0,0,0,0,1,0,0
476,Michael Carter II NYJ,12,20,3,23,0.0,0,1,1,0,0,0,0,0,1,0
476,Tre Brown SEA,11,19,4,23,0.0,0,0,1,0,0,0,0,0,0,0
476,D.J. Davidson NYG,12,12,11,23,2.0,17,2,0,0,0,0,0,0,2,0
476,Joe Tryon-Shoyinka TB,13,14,9,23,2.0,20,3,2,0,0,0,0,1,0,0
476,Logan Hall TB,14,14,9,23,4.5,30,4,1,0,0,0,0,0,1,0
476,Tyree Wilson LV,14,15,8,23,4.0,31,6,0,0,0,0,0,1,0,0
476,Zach Harrison ATL,15,5,18,23,1.0,2,3,2,0,0,0,0,0,0,0
476,Carrington Valentine GB,12,10,13,23,0.0,0,0,4,1,20,20,0,0,0,0
492,DaQuan Jones BUF,15,11,11,22,2.0,10,5,1,0,0,0,0,0,0,0
492,Ogbo Okoronkwo CLE,15,14,8,22,3.0,26,5,0,0,0,0,0,1,0,0
492,Ben Niemann DET,15,10,12,22,0.0,0,0,1,0,0,0,0,0,1,0
492,Ja'Sir Taylor LAC,13,12,10,22,0.0,0,1,5,0,0,0,0,0,1,0
492,Josh Hayes TB,13,12,10,22,0.0,0,0,3,0,0,0,0,0,1,0
492,Tristin McCollum PHI,12,15,7,22,0.0,0,0,2,0,0,0,0,0,0,0
492,James Pierre PIT,13,16,6,22,0.0,0,0,2,1,18,18,0,2,0,0
492,Dennis Gardeck ARI,7,17,5,22,3.0,19,6,2,1,10,10,0,1,0,0
492,Kayvon Thibodeaux NYG,10,12,10,22,3.0,27,6,1,0,0,0,0,0,0,0
492,SirVocea Dennis TB,4,14,8,22,1.0,13,1,0,0,0,0,0,0,0,0
492,Chop Robinson MIA,15,13,9,22,6.0,43,7,4,0,0,0,0,0,0,0
492,Leonard Taylor III NYJ,12,11,11,22,1.5,9,4,1,0,0,0,0,0,0,0
492,Thomas Harper LV,13,11,11,22,0.0,0,0,1,0,0,0,0,0,1,0
492,Evan Anderson SF,10,11,11,22,1.0,2,2,0,0,0,0,0,1,1,0
506,Nick Bellore WSH,14,11,10,21,0.0,0,1,0,0,0,0,0,0,0,0
506,Joey Bosa LAC,12,16,5,21,5.0,24,5,0,0,0,0,0,2,0,0
506,Charles Harris CAR/PHI,12,15,6,21,3.0,18,4,0,0,0,0,0,0,0,0
506,Byron Cowart CHI,13,11,10,21,0.5,1,3,0,0,0,0,0,0,0,0
506,Josh Butler DAL,5,17,4,21,1.0,0,0,5,0,0,0,0,0,0,0
506,Nick Niemann LAC,11,11,10,21,0.0,0,0,1,0,0,0,0,0,0,0
506,Mykal Walker WSH,15,8,13,21,0.0,0,0,0,0,0,0,0,0,1,0
506,Jesse Luketa ARI,10,12,9,21,3.0,19,4,0,0,0,0,0,1,0,0
506,Jordan Davis PHI,15,12,9,21,1.0,12,2,2,0,0,0,0,0,0,0
506,Christian Roland-Wallace KC,15,14,7,21,0.0,0,2,1,1,0,0,0,1,0,0
506,Bryan Bresee NO,14,14,7,21,7.5,41,7,3,0,0,0,0,1,0,0
506,Kaiir Elam BUF,12,14,7,21,0.0,0,2,2,0,0,0,0,0,1,0
506,Felix Anudike-Uzomah KC,15,12,9,21,1.5,4,4,0,0,0,0,0,1,1,0
519,Brandon Graham PHI,11,15,5,20,3.5,27,6,2,0,0,0,0,1,0,0
519,Tony Jefferson LAC,6,12,8,20,0.0,0,0,0,0,0,0,0,0,0,0
519,Nick Vigil DAL,14,9,11,20,0.0,0,0,0,0,0,0,0,0,0,0
519,Tyquan Lewis IND,8,12,8,20,1.5,10,2,0,0,0,0,0,1,0,0
519,Derek Barnett HOU,14,12,8,20,4.0,17,2,0,0,0,0,0,2,1,1
519,Nick McCloud SF/NYG,13,12,8,20,0.0,0,1,1,0,0,0,0,0,0,0
519,Milton Williams PHI,15,10,10,20,5.0,36,7,1,0,0,0,0,1,1,0
519,Josh Paschal DET,12,14,6,20,2.0,21,5,0,0,0,0,0,0,1,0
519,Myles Murphy CIN,11,11,9,20,0.0,0,1,1,0,0,0,0,0,0,0
519,Nick Herbig PIT,11,12,8,20,4.5,30,4,0,0,0,0,0,4,2,0
519,James Williams TEN,11,14,6,20,0.0,0,0,0,0,0,0,0,0,0,0
519,Austin Booker CHI,15,14,6,20,1.5,3,3,0,0,0,0,0,0,0,0
519,Jaden Hicks KC,15,16,4,20,0.0,0,2,3,3,50,47,0,0,0,0
532,Roy Robertson-Harris SEA/JAX,15,10,9,19,2.0,11,4,1,0,0,0,0,0,0,0
532,Austin Johnson BUF,14,7,12,19,0.5,0,0,2,2,9,5,0,0,0,0
532,Nick Thurman CAR,9,6,13,19,0.0,0,1,0,0,0,0,0,0,0,0
532,Tre'Davious White BAL/LAR,9,14,5,19,0.0,0,0,5,0,0,0,0,0,0,0
532,Marcus Epps LV,3,16,3,19,0.0,0,2,0,0,0,0,0,0,0,0
532,Payton Turner NO,13,9,10,19,2.0,16,3,4,0,0,0,0,2,0,0
532,Khyiris Tonga ARI,11,6,13,19,0.0,0,0,0,0,0,0,0,0,0,0
532,Josh Newton CIN,15,17,2,19,0.0,0,0,6,1,12,12,0,0,0,0
532,Aidan Hutchinson DET,5,12,7,19,7.5,55,7,0,0,0,0,0,1,0,0
532,Zacch Pickens CHI,9,8,11,19,1.0,7,1,0,0,0,0,0,0,0,0
532,Dondrea Tillman DEN,10,10,9,19,4.0,34,4,0,0,0,0,0,0,0,0
543,Brent Urban BAL,11,8,10,18,0.0,0,0,2,0,0,0,0,0,0,0
543,Sheldon Rankins CIN,7,10,8,18,1.0,7,1,0,0,0,0,0,0,0,0
543,DJ Reader DET,13,10,8,18,3.0,19,4,1,0,0,0,0,0,0,0
543,Kamu Grugier-Hill MIN,15,11,7,18,0.0,0,0,3,2,5,5,0,0,0,0
543,Jeremy Reaves WSH,15,8,10,18,0.0,0,0,0,0,0,0,0,1,0,0
543,Johnathan Abram NO,3,10,8,18,0.0,0,0,2,1,30,30,0,0,0,0
543,Neville Gallimore LAR,12,6,12,18,0.0,0,0,0,0,0,0,0,0,0,0
543,Broderick Washington BAL,13,8,10,18,2.0,10,1,2,0,0,0,0,1,0,0
543,Chris Williams CHI,15,16,2,18,3.0,26,3,0,0,0,0,0,0,0,0
543,Benito Jones MIA,15,8,10,18,0.0,0,3,0,0,0,0,0,0,0,0
543,Ja'Marcus Ingram BUF,15,13,5,18,1.0,8,1,4,2,56,31,1,0,0,0
543,Jamin Davis MIN/WSH,9,12,6,18,1.0,6,2,0,0,0,0,0,0,0,0
543,Baron Browning ARI/DEN,11,10,8,18,2.0,7,5,0,0,0,0,0,0,0,0
543,Winston Reid CLE,14,10,8,18,0.5,3,1,2,0,0,0,0,0,1,0
543,Yetur Gross-Matos SF,9,13,5,18,4.0,24,5,0,0,0,0,0,0,0,0
543,Yasir Abdullah JAX,12,14,4,18,0.0,0,0,0,0,0,0,0,0,0,0
543,Devonte Wyatt GB,11,13,5,18,4.0,25,7,0,0,0,0,0,0,2,0
543,JD Bertrand ATL,11,13,5,18,0.0,0,0,0,0,0,0,0,0,0,0
543,Cedric Gray TEN,5,12,6,18,0.0,0,0,0,0,0,0,0,0,0,0
543,Dallas Turner MIN,14,10,8,18,2.0,13,2,1,1,4,4,0,0,0,0
543,Cameron Mitchell CLE,15,13,5,18,0.0,0,1,1,0,0,0,0,0,0,0
543,Trevor Nowaske DET,12,12,6,18,2.0,8,2,1,1,8,8,0,0,0,0
565,Linval Joseph DAL,15,7,10,17,2.0,20,2,0,0,0,0,0,1,0,0
565,C.J. Mosley NYJ,4,13,4,17,0.0,0,0,0,0,0,0,0,0,0,0
565,Michael Pierce BAL,9,6,11,17,2.0,16,1,1,0,0,0,0,0,0,0
565,Chidobe Awuzie TEN,6,10,7,17,0.0,0,0,3,1,8,8,0,0,0,0
565,Taven Bryan IND,15,10,7,17,1.0,7,3,1,0,0,0,0,0,1,0
565,Christian Wilkins LV,5,11,6,17,2.0,15,2,0,0,0,0,0,0,0,0
565,Luke Masterson LV,4,10,7,17,0.0,0,0,0,0,0,0,0,0,0,0
565,Marco Wilson CIN/NE,14,10,7,17,0.0,0,0,2,0,0,0,0,0,0,0
565,Zach Carter LV/CIN,10,10,7,17,1.5,1,0,0,0,0,0,0,0,0,0
565,Phidarian Mathis WSH,12,8,9,17,0.0,0,2,1,0,0,0,0,0,0,0
565,Robert Beal Jr. SF,14,11,6,17,0.0,0,0,0,0,0,0,0,0,0,0
565,Terell Smith CHI,12,13,4,17,0.0,0,0,3,1,23,23,0,0,0,0
565,Karl Brooks GB,14,9,8,17,2.5,18,2,1,0,0,0,0,1,2,0
565,Otis Reese IV TEN,13,8,9,17,0.0,0,1,1,1,2,2,0,0,0,0
565,Chris Braswell TB,15,10,7,17,0.5,5,0,0,0,0,0,0,0,0,0
565,Jaquelin Roy NE,6,12,5,17,2.0,12,3,0,0,0,0,0,0,0,0
581,Maurice Hurst II CLE,8,9,7,16,0.5,3,4,0,0,0,0,0,0,0,0
581,George Odum SF,12,14,2,16,0.0,0,0,4,0,0,0,0,0,0,0
581,Oren Burks PHI,15,10,6,16,0.0,0,0,1,0,0,0,0,1,0,0
581,Jaire Alexander GB,7,15,1,16,0.0,0,0,7,2,52,35,1,0,1,0
581,Dane Jackson CAR,7,12,4,16,0.0,0,1,1,0,0,0,0,0,0,0
581,Isaiah Simmons NYG,15,11,5,16,0.0,0,0,1,0,0,0,0,1,0,0
581,Isaiahh Loudermilk PIT,15,10,6,16,0.0,0,0,1,0,0,0,0,0,0,0
581,Jordan Elliott SF,13,12,4,16,0.0,0,2,0,0,0,0,0,0,0,0
581,Tommy Togiai HOU,6,6,10,16,1.0,9,2,2,0,0,0,0,0,0,0
581,Israel Mukuamu DAL,15,11,5,16,0.0,0,0,2,2,20,15,0,0,0,0
581,Cam Smith MIA,6,13,3,16,0.0,0,0,0,0,0,0,0,0,0,0
581,D'Anthony Bell CLE,15,8,8,16,0.0,0,1,0,0,0,0,0,0,0,0
593,Pat O'Connor DET,10,4,11,15,1.0,12,2,0,0,0,0,0,0,0,0
593,Dawuane Smoot BUF,9,11,4,15,1.5,2,4,1,0,0,0,0,2,0,0
593,Jonathan Allen WSH,6,13,2,15,2.0,7,2,0,0,0,0,0,0,0,0
593,Avonte Maddox PHI,15,7,8,15,0.0,0,0,5,0,0,0,0,0,0,0
593,Demetrius Flannigan-Fowles SF,11,9,6,15,0.0,0,1,2,1,0,0,0,0,0,0
593,Cam Gill CAR,8,4,11,15,0.0,0,0,0,0,0,0,0,0,0,0
593,K'Von Wallace SEA,9,9,6,15,0.0,0,0,0,0,0,0,0,1,0,0
593,Joshua Uche KC/NE,12,12,3,15,2.0,11,2,0,0,0,0,0,0,0,0
593,Julian Okwara ARI,11,8,7,15,0.0,0,2,1,0,0,0,0,0,0,0
593,Jaylon Jones CHI,8,13,2,15,0.0,0,0,2,0,0,0,0,0,0,0
593,James Lynch TEN,15,3,12,15,0.0,0,1,2,0,0,0,0,0,0,0
593,Jordan Jackson DEN,15,2,13,15,0.0,0,0,0,0,0,0,0,0,0,0
593,Jalen Redmond MIN,11,10,5,15,1.0,7,6,2,0,0,0,0,0,0,0
593,Isaiah Foskey NO,14,4,11,15,0.0,0,0,0,0,0,0,0,0,0,0
593,Elijah Chatman NYG,15,9,6,15,1.0,10,2,0,0,0,0,0,0,1,0
593,Christian Harris HOU,2,9,6,15,1.0,9,1,0,0,0,0,0,0,0,0
593,Jalyx Hunt PHI,14,8,7,15,1.5,13,0,1,0,0,0,0,2,0,0
610,Von Miller BUF,11,10,4,14,4.0,31,5,0,0,0,0,0,0,0,0
610,DeMarcus Lawrence DAL,4,7,7,14,3.0,20,4,0,0,0,0,0,1,0,0
610,Ty Summers NYG,14,8,6,14,0.0,0,1,0,0,0,0,0,0,0,0
610,Jalyn Holmes WSH/NYJ,14,9,5,14,2.0,11,4,0,0,0,0,0,0,0,0
610,Casey Toohill BUF,13,9,5,14,1.0,8,2,1,0,0,0,0,0,1,0
610,Khalil Dorsey DET,14,8,6,14,0.0,0,1,2,0,0,0,0,0,0,0
610,Kindle Vildor DET,15,10,4,14,0.0,0,0,2,0,0,0,0,0,0,0
610,Raekwon Davis IND,15,7,7,14,0.0,0,1,1,0,0,0,0,0,0,0
610,D'Marco Jackson NO,10,8,6,14,0.0,0,0,0,0,0,0,0,0,0,0
610,Theo Jackson MIN,15,9,5,14,0.0,0,0,3,1,3,3,0,0,0,0
610,John Ridgeway III NO,11,7,7,14,0.0,0,1,0,0,0,0,0,0,0,0
610,Jay Tufele CIN,11,5,9,14,0.5,1,1,1,0,0,0,0,0,0,0
610,Tavierre Thomas TB,15,8,6,14,0.0,0,0,0,0,0,0,0,0,0,0
610,Tyrek Funderburk TB,11,10,4,14,0.0,0,0,1,0,0,0,0,1,0,0
610,Maason Smith JAX,9,8,6,14,2.0,6,2,2,0,0,0,0,0,0,0
610,Colby Wooden GB,10,7,7,14,0.0,0,2,1,0,0,0,0,0,0,0
610,Tyrus Wheat DAL,8,6,8,14,0.5,0,1,0,0,0,0,0,0,0,0
627,Denico Autry HOU,9,8,5,13,3.0,24,3,3,0,0,0,0,0,0,0
627,DeShawn Williams CAR,10,6,7,13,0.5,4,0,0,0,0,0,0,0,0,0
627,Sam Eguavoen NYJ,15,7,6,13,0.0,0,0,0,0,0,0,0,0,0,0
627,Eddie Goldman ATL,15,7,6,13,1.0,9,1,0,0,0,0,0,0,0,0
627,Andrew Billings CHI,8,9,4,13,1.0,10,2,0,0,0,0,0,1,0,0
627,Carl Lawson DAL,13,7,6,13,5.0,39,4,0,0,0,0,0,1,0,0
627,Kentavius Street ATL,11,7,6,13,1.0,7,4,0,0,0,0,0,0,0,0
627,Jacob Martin CHI,9,8,5,13,3.0,6,3,0,0,0,0,0,0,0,0
627,D'Angelo Ross HOU,8,10,3,13,0.0,0,0,0,0,0,0,0,0,0,0
627,Ka'dar Hollman BAL/HOU,10,11,2,13,0.0,0,0,2,0,0,0,0,0,0,0
627,Devin White HOU,6,9,4,13,0.0,0,0,0,0,0,0,0,0,0,0
627,Shemar Jean-Charles NO,6,5,8,13,0.0,0,0,2,1,0,0,0,0,0,0
627,Amen Ogbongbemiga CHI,15,7,6,13,1.0,10,1,0,0,0,0,0,0,0,0
627,Victor Dimukeje ARI,10,8,5,13,0.0,0,2,0,0,0,0,0,1,0,0
627,DeAngelo Malone ATL,15,8,5,13,2.0,12,3,0,0,0,0,0,0,0,0
627,Amari Burney LV,15,7,6,13,1.0,11,2,0,0,0,0,0,1,0,0
627,Kaevon Merriweather TB,12,8,5,13,1.0,0,0,0,0,0,0,0,0,1,0
627,Asante Samuel Jr. LAC,4,11,2,13,0.0,0,0,2,0,0,0,0,0,0,0
627,Jaylen Harrell TEN,15,8,5,13,0.0,0,2,0,0,0,0,0,0,0,0
627,Tommy Eichenberg LV,12,8,5,13,0.0,0,0,0,0,0,0,0,0,0,0
627,Marshawn Kneeland DAL,9,8,5,13,0.0,0,1,1,0,0,0,0,0,1,0
627,Brandon Joseph DET,14,11,2,13,0.0,0,0,1,0,0,0,0,0,0,0
649,William Gholston TB,15,6,6,12,1.0,4,1,0,0,0,0,0,0,0,0
649,Kwon Alexander DEN/DET,5,4,8,12,0.0,0,0,0,0,0,0,0,1,1,0
649,Yannick Ngakoue BAL/NE,10,5,7,12,1.5,4,1,0,0,0,0,0,0,0,0
649,Ja'Whaun Bentley NE,2,7,5,12,0.5,3,0,0,0,0,0,0,0,0,0
649,Chris Lammons IND,13,10,2,12,1.0,22,1,0,0,0,0,0,1,2,0
649,Sione Takitaki NE,9,4,8,12,0.0,0,0,0,0,0,0,0,0,0,0
649,Khalil Davis HOU/SF,12,7,5,12,1.0,5,4,0,0,0,0,0,0,0,0
649,Zayne Anderson GB,14,10,2,12,0.0,0,0,0,0,0,0,0,0,0,0
649,Kristian Welch BAL/DEN,13,6,6,12,0.0,0,0,0,0,0,0,0,0,0,0
649,Richie Grant ATL,15,11,1,12,0.0,0,1,1,0,0,0,0,0,0,0
649,C.J. Brewer TB,11,7,5,12,2.0,11,3,2,0,0,0,0,0,0,0
649,Segun Olubi IND,15,6,6,12,0.0,0,0,0,0,0,0,0,1,1,0
649,Ta'Quon Graham ATL,10,6,6,12,0.0,0,0,0,0,0,0,0,0,0,0
649,Juanyeh Thomas DAL,11,9,3,12,0.0,0,0,1,0,0,0,0,1,0,0
649,Thomas Booker IV PHI,15,6,6,12,0.5,2,2,1,0,0,0,0,0,0,0
649,Moro Ojomo PHI,15,5,7,12,0.0,0,0,0,0,0,0,0,0,0,0
649,Maema Njongmeta CIN,15,7,5,12,0.0,0,0,0,0,0,0,0,0,2,0
649,Eric Watts NYJ,12,7,5,12,0.0,0,0,0,0,0,0,0,0,0,0
667,Miles Killebrew PIT,15,6,5,11,0.0,0,0,0,0,0,0,0,0,0,0
667,Quinton Jefferson BUF/CLE,10,3,8,11,2.0,18,2,0,0,0,0,0,0,0,0
667,Tyus Bowser SEA/MIA,9,6,5,11,0.0,0,0,0,0,0,0,0,0,0,0
667,Duke Riley MIA,15,5,6,11,0.0,0,0,0,0,0,0,0,0,0,0
667,Jalen Reeves-Maybin DET,8,7,4,11,0.0,0,0,0,0,0,0,0,1,0,0
667,Matt Milano BUF,3,5,6,11,0.0,0,1,0,0,0,0,0,0,1,0
667,Montravius Adams PIT,9,8,3,11,1.0,9,2,0,0,0,0,0,0,0,0
667,Greg Gaines TB,13,4,7,11,1.0,5,2,0,0,0,0,0,0,0,0
667,Jeremy McNichols WSH,15,6,5,11,0.0,0,0,0,0,0,0,0,0,0,0
667,Kevin Givens SF,8,6,5,11,3.5,8,2,0,0,0,0,0,0,0,0
667,Tomon Fox NYG,9,4,7,11,1.0,8,1,0,0,0,0,0,0,0,0
667,Eric Johnson II NE,9,2,9,11,0.0,0,0,0,0,0,0,0,0,0,0
667,Eyioma Uwazurike DEN,4,3,8,11,0.5,2,0,0,0,0,0,0,0,0,0
667,Josh Blackwell CHI,15,9,2,11,0.0,0,0,2,1,10,10,0,0,0,0
667,Tycen Anderson CIN,15,10,1,11,0.0,0,0,0,0,0,0,0,0,0,0
667,Jon Rhattigan CAR,14,6,5,11,0.0,0,0,0,0,0,0,0,0,0,0
667,Javontae Jean-Baptiste WSH,10,5,6,11,1.0,6,1,0,0,0,0,0,0,0,0
667,Nathaniel Watson CLE,12,8,3,11,0.0,0,0,0,0,0,0,0,0,0,0
667,Hunter Luepke DAL,14,3,8,11,0.0,0,0,0,0,0,0,0,0,0,0
667,Jowon Briggs CLE,4,1,10,11,0.0,0,1,0,0,0,0,0,0,1,0
667,Drake Thomas SEA,15,3,8,11,0.0,0,0,1,0,0,0,0,0,0,0
667,Jacoby Windmon CAR,6,6,5,11,1.0,3,1,1,0,0,0,0,0,0,0
667,Jeremiah Trotter Jr. PHI,15,6,5,11,0.0,0,0,1,0,0,0,0,0,0,0
667,Tyler Owens WSH,12,7,4,11,0.0,0,0,0,0,0,0,0,1,0,0
667,Mike Hall Jr. CLE,6,6,5,11,1.0,5,3,0,0,0,0,0,0,0,0
692,Carlos Watkins WSH/DAL,14,3,7,10,0.0,0,0,0,0,0,0,0,0,0,0
692,Kevin King ATL,15,6,4,10,0.0,0,0,2,0,0,0,0,0,1,0
692,Siran Neal MIA,15,8,2,10,0.0,0,0,2,0,0,0,0,0,0,0
692,Bilal Nichols ARI,6,6,4,10,0.0,0,1,0,0,0,0,0,0,0,0
692,Greg Stroman Jr. NYG,4,9,1,10,0.0,0,0,0,0,0,0,0,0,0,0
692,Ezekiel Turner HOU/DET,8,7,3,10,0.5,4,0,0,0,0,0,0,0,0,0
692,Bryce Huff PHI,10,5,5,10,2.5,25,3,0,0,0,0,0,1,0,0
692,Brenden Schooler NE,15,9,1,10,2.0,16,2,0,0,0,0,0,0,0,0
692,Darrick Forrest WSH,8,5,5,10,0.0,0,0,0,0,0,0,0,0,0,0
692,Cory Durden NYG,3,4,6,10,0.0,0,1,0,0,0,0,0,0,0,0
692,Caleb Farley CAR,7,6,4,10,0.0,0,0,0,0,0,0,0,0,0,0
692,Brady Russell SEA,11,6,4,10,0.0,0,0,0,0,0,0,0,0,0,0
692,Kalia Davis SF,11,5,5,10,0.0,0,0,1,1,2,2,0,0,0,0
692,Derrick Barnes DET,3,8,2,10,0.0,0,0,1,0,0,0,0,0,0,0
692,Brenton Cox Jr. GB,5,6,4,10,3.0,22,4,0,0,0,0,0,1,0,0
692,Daniel Hardy CHI,15,7,3,10,0.0,0,0,0,0,0,0,0,1,0,0
692,Dylan Horton HOU,11,2,8,10,0.0,0,0,0,0,0,0,0,0,0,0
692,Jonathan Harris CAR,7,4,6,10,0.0,0,1,0,0,0,0,0,0,1,0
692,AJ Finley LAC/SEA,12,6,4,10,0.0,0,0,0,0,0,0,0,0,0,0
692,Kelee Ringo PHI,15,8,2,10,0.0,0,0,0,0,0,0,0,1,1,0
692,Jordan Jefferson JAX,6,5,5,10,1.0,9,1,0,0,0,0,0,0,0,0
692,Tre Hawkins III NYG,3,8,2,10,0.0,0,0,2,1,0,0,0,0,0,0
692,McKinnley Jackson CIN,11,4,6,10,1.0,7,2,0,0,0,0,0,1,0,0
715,Haason Reddick NYJ,8,6,3,9,0.5,4,2,1,0,0,0,0,0,0,0
715,Al-Quadin Muhammad DET,7,7,2,9,2.0,14,3,1,0,0,0,0,0,0,0
715,Takk McKinley NYJ,7,4,5,9,0.5,3,1,0,0,0,0,0,0,0,0
715,Mike Edwards BUF/TB,6,4,5,9,0.0,0,0,1,0,0,0,0,0,0,0
715,Dre Greenlaw SF,2,3,6,9,0.0,0,0,0,0,0,0,0,0,0,0
715,Feleipe Franks CAR,14,6,3,9,0.0,0,0,0,0,0,0,0,0,1,0
715,Elijah Garcia NYG,3,4,5,9,0.0,0,1,0,0,0,0,0,0,0,0
715,Ashton Dulin IND,13,7,2,9,0.0,0,0,0,0,0,0,0,0,0,0
715,Del'Shawn Phillips HOU,15,4,5,9,0.0,0,0,0,0,0,0,0,0,0,0
715,Jordon Riley NYG,11,6,3,9,0.0,0,2,0,0,0,0,0,0,0,0
715,Jacob Hummel LAR,15,6,3,9,0.0,0,0,0,0,0,0,0,0,0,0
715,Matthew Butler LV,7,4,5,9,0.0,0,0,0,0,0,0,0,0,0,0
715,Vi Jones TB,7,5,4,9,0.0,0,0,0,0,0,0,0,2,0,0
715,Xavier Thomas ARI,12,5,4,9,2.5,13,2,0,0,0,0,0,1,0,0
715,Keondre Coburn TEN,13,5,4,9,0.0,0,0,0,0,0,0,0,0,0,0
715,Rico Payton NO,13,5,4,9,0.0,0,0,1,0,0,0,0,0,0,0
715,Andrew Booth Jr. DAL,5,7,2,9,0.0,0,0,0,0,0,0,0,0,0,0
715,DeWayne Carter BUF,9,8,1,9,0.0,0,4,1,0,0,0,0,0,0,0
715,Jordan Magee WSH,8,7,2,9,0.0,0,0,0,0,0,0,0,0,0,0
715,Mekhi Wingo DET,11,1,8,9,0.0,0,0,0,0,0,0,0,0,0,0
715,Dallis Flowers IND/TB,5,9,0,9,0.0,0,1,0,0,0,0,0,0,0,0
736,Adam Gotsis IND,5,4,4,8,0.0,0,0,0,0,0,0,0,0,0,0
736,John Johnson III LAR,2,4,4,8,0.0,0,0,1,1,0,0,0,0,0,0
736,Demone Harris ATL,7,3,5,8,0.0,0,1,1,0,0,0,0,0,0,0
736,Michael Davis WSH,13,1,7,8,0.0,0,0,1,0,0,0,0,0,0,0
736,Uchenna Nwosu SEA,4,3,5,8,0.0,0,0,0,0,0,0,0,0,0,0
736,Kendall Sheffield NYJ,5,5,3,8,0.0,0,0,0,0,0,0,0,0,0,0
736,Elijah Campbell MIA,15,5,3,8,0.0,0,1,0,0,0,0,0,1,0,0
736,Sam Kamara CLE,9,4,4,8,0.0,0,0,0,0,0,0,0,0,0,0
736,Jeremiah Moon PIT,11,4,4,8,0.0,0,0,0,0,0,0,0,0,0,0
736,Caleb Johnson JAX,15,6,2,8,0.0,0,0,0,0,0,0,0,0,0,0
736,James Houston CLE/DET,9,5,3,8,1.0,5,1,0,0,0,0,0,0,0,0
736,Buddy Johnson DAL,12,3,5,8,0.0,0,0,0,0,0,0,0,0,0,0
736,Jeff Okudah HOU,5,7,1,8,0.0,0,0,0,0,0,0,0,0,0,0
736,Arron Mosby GB,13,5,3,8,0.5,4,1,1,0,0,0,0,0,0,0
736,Josh Ross BAL/SEA,15,5,3,8,0.0,0,0,0,0,0,0,0,0,0,0
736,Malik Herring KC,11,5,3,8,0.0,0,1,0,0,0,0,0,0,0,0
736,Nesta Jade Silvera LV,7,2,6,8,0.0,0,0,0,0,0,0,0,0,0,0
736,Joe Andreessen BUF,11,4,4,8,0.0,0,0,0,0,0,0,0,0,0,0
736,Jalyn Armour-Davis BAL,7,6,2,8,0.0,0,0,1,0,0,0,0,0,0,0
736,David Ojabo BAL,11,5,3,8,2.0,11,2,0,0,0,0,0,0,0,0
736,JL Skinner DEN,12,4,4,8,0.0,0,0,0,0,0,0,0,0,1,0
736,Kris Abrams-Draine DEN,3,5,3,8,0.0,0,0,2,1,17,17,0,0,0,0
736,Alex Wright CLE,4,5,3,8,1.0,2,1,0,0,0,0,0,0,0,0
736,Bo Richter MIN,12,5,3,8,0.0,0,0,0,0,0,0,0,0,1,0
736,Qwan'tez Stiggers NYJ,13,7,1,8,0.0,0,0,0,0,0,0,0,0,0,0
761,C.J. Goodwin DAL,15,7,0,7,0.0,0,0,0,0,0,0,0,1,0,0
761,Fabian Moreau MIN,7,6,1,7,0.0,0,0,1,0,0,0,0,0,0,0
761,Javon Hargrave SF,3,4,3,7,1.0,9,1,0,0,0,0,0,0,0,0
761,KhaDarel Hodge ATL,15,4,3,7,0.0,0,1,0,0,0,0,0,0,1,1
761,Antonio Hamilton Sr. ATL,11,5,2,7,0.0,0,0,0,0,0,0,0,0,0,0
761,Jamal Adams DET/TEN,5,4,3,7,0.0,0,0,0,0,0,0,0,0,0,0
761,Jihad Ward MIN,15,5,2,7,1.0,4,1,1,0,0,0,0,0,1,0
761,Trent Sherfield Sr. MIN,15,6,1,7,0.0,0,0,0,0,0,0,0,0,0,0
761,Terrell Edmunds PIT/JAX,6,5,2,7,0.0,0,0,0,0,0,0,0,0,0,0
761,Irvin Charles NYJ,13,5,2,7,0.0,0,0,0,0,0,0,0,0,0,0
761,Daniel Thomas JAX,13,3,4,7,0.0,0,0,0,0,0,0,0,0,1,0
761,DJ Turner LV,12,3,4,7,0.0,0,0,0,0,0,0,0,0,0,0
761,Cedrick Wilson Jr. NO,12,2,5,7,0.0,0,0,0,0,0,0,0,0,0,0
761,Travis Homer CHI,10,4,3,7,0.0,0,0,0,0,0,0,0,0,0,0
761,Myles Bryant HOU,9,6,1,7,0.0,0,0,0,0,0,0,0,0,0,0
761,Tarvarius Moore CHI,10,7,0,7,0.0,0,0,0,0,0,0,0,0,0,0
761,Sam Franklin Jr. CAR,8,4,3,7,0.0,0,0,0,0,0,0,0,0,0,0
761,Marcelino McCrary-Ball NYJ,10,3,4,7,0.0,0,0,0,0,0,0,0,0,0,0
761,Khaleke Hudson CLE/NO,15,5,2,7,0.0,0,0,0,0,0,0,0,0,0,0
761,Chandler Wooten CAR,3,4,3,7,0.0,0,0,0,0,0,0,0,0,0,0
761,Ali Gaye TEN,13,6,1,7,1.0,10,2,0,0,0,0,0,0,0,0
761,Kemon Hall DAL,6,6,1,7,0.0,0,0,0,0,0,0,0,0,0,0
761,Dominique Robinson CHI,4,4,3,7,0.0,0,0,0,0,0,0,0,0,0,0
761,Rodney Thomas II IND,15,5,2,7,0.0,0,0,0,0,0,0,0,0,0,0
761,JuJu Brents IND,1,3,4,7,0.0,0,0,0,0,0,0,0,0,0,0
761,Myles Cole JAX,6,4,3,7,0.0,0,1,0,0,0,0,0,0,0,0
761,Ryan Miller TB,9,5,2,7,0.0,0,0,0,0,0,0,0,0,0,0
761,Keidron Smith DEN,9,4,3,7,0.0,0,0,0,0,0,0,0,0,0,0
761,Cory Trice Jr. PIT,4,5,2,7,0.0,0,0,1,1,0,0,0,0,0,0
761,Adetomiwa Adebawore IND,15,5,2,7,1.0,8,3,0,0,0,0,0,0,0,0
761,Emmanuel Forbes Jr. WSH,6,2,5,7,0.0,0,0,1,1,19,19,0,0,0,0
761,Sanoussi Kane BAL,13,3,4,7,0.0,0,0,0,0,0,0,0,0,0,0
761,Ruke Orhorhoro ATL,6,3,4,7,0.0,0,1,0,0,0,0,0,0,0,0
761,Nehemiah Pritchett SEA,9,4,3,7,0.0,0,0,1,0,0,0,0,0,0,0
761,Ty'Ron Hopper GB,14,5,2,7,0.0,0,0,0,0,0,0,0,0,0,0
761,Amare Barno CAR,4,4,3,7,1.0,3,1,0,0,0,0,0,0,0,0
761,Art Green NYG,7,5,2,7,0.0,0,0,0,0,0,0,0,1,0,0
761,Marcellas Dial Jr. NE,15,2,5,7,0.0,0,0,0,0,0,0,0,1,0,0
761,Sione Vaki DET,14,7,0,7,0.0,0,0,0,0,0,0,0,1,0,0
800,Jordan Phillips BUF/DAL,7,4,2,6,0.0,0,0,0,0,0,0,0,0,0,0
800,Dare Ogunbowale HOU,15,3,3,6,0.0,0,0,0,0,0,0,0,1,0,0
800,Cameron Sutton PIT,7,1,5,6,0.0,0,0,2,0,0,0,0,0,0,0
800,Mike Ford Jr. CLE,15,5,1,6,0.0,0,0,0,0,0,0,0,0,0,0
800,M.J. Stewart HOU,13,3,3,6,0.0,0,0,0,0,0,0,0,0,1,0
800,Derrick Nnadi KC,15,3,3,6,0.0,0,0,0,0,0,0,0,0,0,0
800,Armon Watts NYG,4,3,3,6,0.0,0,2,0,0,0,0,0,0,0,0
800,Myles Adams SEA/DET,5,3,3,6,0.0,0,0,0,0,0,0,0,0,0,0
800,Lonnie Johnson Jr. CAR,14,5,1,6,0.0,0,0,0,0,0,0,0,0,0,0
800,Jayden Peevy CAR,4,2,4,6,1.5,3,1,1,0,0,0,0,1,0,0
800,Markquese Bell DAL,9,5,1,6,0.0,0,0,0,0,0,0,0,0,0,0
800,Connor Heyward PIT,15,4,2,6,0.0,0,0,0,0,0,0,0,0,0,0
800,Jaelan Phillips MIA,4,2,4,6,1.0,6,1,2,0,0,0,0,0,0,0
800,Kurt Hinish HOU,8,1,5,6,0.0,0,0,0,0,0,0,0,0,0,0
800,Jonathan Ford CHI,2,1,5,6,0.0,0,1,0,0,0,0,0,0,0,0
800,Brian Asamoah II MIN,15,4,2,6,0.0,0,0,0,0,0,0,0,1,0,0
800,Desjuan Johnson LAR,8,1,5,6,0.0,0,0,0,0,0,0,0,0,0,0
800,Christian Barmore NE,4,6,0,6,1.0,2,1,0,0,0,0,0,0,0,0
800,Cameron McGrone IND,8,4,2,6,0.0,0,0,0,0,0,0,0,0,0,0
800,Tyler Allgeier ATL,15,5,1,6,0.0,0,0,0,0,0,0,0,0,0,0
800,Scott Matlock LAC,15,2,4,6,1.0,6,1,1,0,0,0,0,0,0,0
800,Chris Smith II LV,15,2,4,6,0.0,0,0,0,0,0,0,0,0,0,0
800,Dareke Young SEA,12,5,1,6,0.0,0,0,0,0,0,0,0,0,0,0
800,Corey Ballentine GB,12,6,0,6,0.0,0,0,0,0,0,0,0,1,0,0
800,Cade Stover HOU,13,6,0,6,0.0,0,0,0,0,0,0,0,0,0,0
800,Kei'Trel Clark ARI,13,4,2,6,1.0,0,1,0,0,0,0,0,0,0,0
800,Braiden McGregor NYJ,7,3,3,6,0.0,0,0,0,0,0,0,0,0,0,0
800,Will Shipley PHI,15,5,1,6,0.0,0,0,0,0,0,0,0,0,0,0
800,Ennis Rakestraw Jr. DET,8,4,2,6,0.0,0,0,0,0,0,0,0,0,0,0
800,Darius Robinson ARI,4,1,5,6,1.0,0,0,0,0,0,0,0,0,0,0
800,Deane Leonard LAC,9,4,2,6,0.0,0,0,2,0,0,0,0,0,0,0
800,Thomas Incoom CAR,7,6,0,6,0.0,0,1,0,0,0,0,0,0,0,0
832,Casey Kreiter NYG,15,3,2,5,0.0,0,0,0,0,0,0,0,0,0,0
832,Michael Burton DEN,15,1,4,5,0.0,0,0,0,0,0,0,0,0,0,0
832,Dean Lowry PIT,12,1,4,5,1.0,0,0,1,0,0,0,0,0,0,0
832,Eli Ankou BUF,2,1,4,5,0.0,0,0,0,0,0,0,0,0,0,0
832,Tony Brown II CLE,6,2,3,5,0.0,0,0,0,0,0,0,0,1,0,0
832,Marquis Haynes Sr. CAR,2,4,1,5,0.0,0,0,0,0,0,0,0,0,0,0
832,Mitchell Fraboni DEN,15,3,2,5,0.0,0,0,0,0,0,0,0,0,0,0
832,Arthur Maulet BAL,3,4,1,5,0.0,0,0,0,0,0,0,0,0,0,0
832,Kris Boyd HOU,15,2,3,5,0.0,0,0,0,0,0,0,0,0,1,0
832,Adam Prentice NO,14,4,1,5,0.0,0,0,0,0,0,0,0,0,0,0
832,Charlie Woerner ATL,14,3,2,5,0.0,0,0,0,0,0,0,0,0,0,0
832,Janarius Robinson LV,10,2,3,5,0.5,5,0,1,0,0,0,0,0,0,0
832,Ben Skowronek PIT,9,2,3,5,0.0,0,0,0,0,0,0,0,0,2,0
832,Shaq Quarterman LAC/CAR,9,5,0,5,0.0,0,0,0,0,0,0,0,0,0,0
832,Kylen Granson IND,15,5,0,5,0.0,0,0,0,0,0,0,0,0,0,0
832,Avery Williams ATL,15,2,3,5,0.0,0,0,0,0,0,0,0,0,0,0
832,David Moore CAR,15,4,1,5,0.0,0,0,0,0,0,0,0,0,0,0
832,DeeJay Dallas ARI,15,3,2,5,0.0,0,0,0,0,0,0,0,0,0,0
832,Joey Blount ARI,15,3,2,5,0.0,0,0,0,0,0,0,0,0,0,0
832,Laviska Shenault Jr. LAC/SEA,12,5,0,5,0.0,0,0,0,0,0,0,0,0,0,0
832,Jack Cochrane KC,15,3,2,5,0.0,0,0,0,0,0,0,0,0,0,0
832,Christian Braswell JAX,3,1,4,5,0.0,0,0,0,0,0,0,0,0,0,0
832,Alec Pierce IND,14,5,0,5,0.0,0,0,0,0,0,0,0,0,0,0
832,Josh Whyle TEN,15,3,2,5,0.0,0,0,0,0,0,0,0,0,0,0
832,Sydney Brown PHI,9,5,0,5,0.0,0,0,1,0,0,0,0,1,0,0
832,Jake Bobo SEA,15,2,3,5,0.0,0,0,0,0,0,0,0,0,0,0
832,Eku Leota PIT/CAR,3,5,0,5,1.0,1,3,0,0,0,0,0,0,0,0
832,Jarrick Bernard-Converse NYJ,7,2,3,5,0.0,0,0,0,0,0,0,0,0,0,0
832,Bryce Ford-Wheaton NYG,12,4,1,5,0.0,0,0,0,0,0,0,0,0,0,0
832,Bryce Oliver TEN,8,4,1,5,0.0,0,0,0,0,0,0,0,0,0,0
832,Ja'Marr Chase CIN,15,5,0,5,0.0,0,0,0,0,0,0,0,0,0,0
832,Jaden Crumedy CAR,3,2,3,5,0.0,0,0,0,0,0,0,0,0,0,0
832,Cam Jones KC,15,3,2,5,0.0,0,0,0,0,0,0,0,0,0,0
832,Nate Adkins DEN,15,2,3,5,0.0,0,0,0,0,0,0,0,0,0,0
832,Xavier Smith LAR,13,3,2,5,0.0,0,0,0,0,0,0,0,0,0,0
832,Alex Austin NE,7,5,0,5,0.0,0,0,3,0,0,0,0,0,0,0
832,Levelle Bailey DEN,10,1,4,5,0.0,0,0,0,0,0,0,0,0,0,0
832,Javon Solomon BUF,12,5,0,5,2.0,28,2,0,0,0,0,0,1,0,0
832,Jay Ward MIN,14,4,1,5,0.0,0,0,1,0,0,0,0,0,0,0
832,Jalen Graham SF,6,3,2,5,0.0,0,1,0,0,0,0,0,0,0,0
832,Mike Morris SEA,13,3,2,5,0.0,0,0,0,0,0,0,0,0,0,0
832,Josh Wallace LAR,15,4,1,5,0.0,0,0,2,0,0,0,0,0,0,0
832,Natrone Brooks ATL,7,4,1,5,0.0,0,0,1,0,0,0,0,0,0,0
832,Jalen Brooks DAL,12,4,1,5,0.0,0,0,0,0,0,0,0,0,0,0
832,Isaiah Davis NYJ,15,5,0,5,0.0,0,0,0,0,0,0,0,0,0,0
877,Jerry Hughes HOU,6,2,2,4,0.0,0,0,0,0,0,0,0,0,0,0
877,Kareem Jackson BUF,2,2,2,4,0.0,0,0,0,0,0,0,0,0,0,0
877,Carl Davis Jr. WSH,3,1,3,4,0.0,0,0,0,0,0,0,0,0,0,0
877,Bobby McCain MIN,3,2,2,4,0.0,0,0,0,0,0,0,0,0,0,0
877,Joe Cardona NE,14,3,1,4,0.0,0,0,0,0,0,0,0,1,0,0
877,Ameer Abdullah LV,15,2,2,4,0.0,0,0,0,0,0,0,0,0,0,0
877,Tyler Matakevich PIT,9,4,0,4,0.0,0,0,0,0,0,0,0,0,0,0
877,Chris Wormley BAL,2,1,3,4,0.0,0,0,0,0,0,0,0,0,0,0
877,Scott Daly CHI,15,2,2,4,0.0,0,0,0,0,0,0,0,0,0,0
877,Tre Flowers IND/JAX,5,3,1,4,0.0,0,0,0,0,0,0,0,0,0,0
877,Tanner Hudson CIN,10,4,0,4,0.0,0,0,0,0,0,0,0,0,0,0
877,Justin Jones ARI,3,3,1,4,0.0,0,1,0,0,0,0,0,0,1,0
877,David Njoku CLE,11,4,0,4,0.0,0,0,0,0,0,0,0,0,0,0
877,Matthew Adams NYG,11,3,1,4,0.0,0,0,0,0,0,0,0,0,0,0
877,Tremon Smith DEN,15,3,1,4,0.0,0,0,0,0,0,0,0,0,0,0
877,Efe Obada WSH,6,2,2,4,0.0,0,0,0,0,0,0,0,0,0,0
877,Josiah Deguara JAX,13,2,2,4,0.0,0,0,0,0,0,0,0,0,0,0
877,Ty Johnson BUF,15,4,0,4,0.0,0,0,0,0,0,0,0,0,0,0
877,Jacob Bobenmoyer LV,15,3,1,4,0.0,0,0,0,0,0,0,0,0,0,0
877,Nick Westbrook-Ikhine TEN,15,4,0,4,0.0,0,0,0,0,0,0,0,0,0,0
877,Charles Omenihu KC,4,2,2,4,1.0,10,0,0,0,0,0,0,1,0,0
877,Ben Stille ARI/TB,6,1,3,4,1.0,4,1,1,0,0,0,0,0,1,0
877,Boogie Basham NYG,2,1,3,4,0.0,0,1,1,0,0,0,0,0,0,0
877,Khalid Kareem ATL,2,2,2,4,0.0,0,0,0,0,0,0,0,0,0,0
877,Collin Johnson CHI,7,2,2,4,0.0,0,0,0,0,0,0,0,0,0,0
877,Luke Farrell JAX,15,4,0,4,0.0,0,0,0,0,0,0,0,0,0,0
877,Kenny Yeboah NYJ,7,1,3,4,0.0,0,0,0,0,0,0,0,0,0,0
877,Ifeatu Melifonwu DET,1,2,2,4,1.0,2,1,0,0,0,0,0,0,0,0
877,Esezi Otomewo JAX,4,0,4,4,0.5,2,0,0,0,0,0,0,0,0,0
877,Charlie Kolar BAL,12,2,2,4,0.0,0,0,0,0,0,0,0,0,0,0
877,Ty Chandler MIN,15,3,1,4,0.0,0,0,0,0,0,0,0,0,0,0
877,Cade Otton TB,14,4,0,4,0.0,0,0,0,0,0,0,0,0,0,0
877,Patrick Johnson NYG/PHI,13,1,3,4,0.0,0,0,0,0,0,0,0,0,0,0
877,Mark Robinson PIT,15,4,0,4,0.0,0,0,0,0,0,0,0,1,0,0
877,Amari Gainer LV,15,2,2,4,0.0,0,0,0,0,0,0,0,0,0,0
877,Chig Okonkwo TEN,15,3,1,4,0.0,0,0,0,0,0,0,0,0,0,0
877,Colson Yankoff WSH,6,2,2,4,0.0,0,0,0,0,0,0,0,0,0,0
877,Cameron Thomas KC/CLE,7,1,3,4,0.0,0,1,0,0,0,0,0,0,0,0
877,Daniel Bellinger NYG,15,2,2,4,0.0,0,0,0,0,0,0,0,0,0,0
877,Julian Hill MIA,14,1,3,4,0.0,0,0,0,0,0,0,0,0,0,0
877,Kenneth Gainwell PHI,15,4,0,4,0.0,0,0,0,0,0,0,0,0,0,0
877,Hassan Haskins LAC,15,1,3,4,0.0,0,0,0,0,0,0,0,0,0,0
877,Luke Schoonmaker DAL,15,2,2,4,0.0,0,0,0,0,0,0,0,0,0,0
877,Amon-Ra St. Brown DET,15,4,0,4,0.0,0,0,0,0,0,0,0,0,0,0
877,Channing Tindall MIA,9,3,1,4,0.0,0,0,0,0,0,0,0,0,0,0
877,DeMarvin Leal PIT,5,2,2,4,0.0,0,0,0,0,0,0,0,0,0,0
877,Adisa Isaac BAL,4,2,2,4,0.0,0,1,1,0,0,0,0,0,0,0
877,Drake London ATL,15,4,0,4,0.0,0,0,0,0,0,0,0,0,0,0
877,Curtis Jacobs NE,9,2,2,4,0.0,0,0,0,0,0,0,0,0,0,0
877,Tyler Goodson IND,14,2,2,4,0.0,0,0,0,0,0,0,0,0,0,0
877,Cedric Johnson CIN,7,2,2,4,0.0,0,0,0,0,0,0,0,0,0,0
877,Noah Sewell CHI,9,3,1,4,0.0,0,0,0,0,0,0,0,1,0,0
877,Sean Tucker TB,15,3,1,4,0.0,0,0,0,0,0,0,0,0,0,0
877,Jaxon Smith-Njigba SEA,15,4,0,4,0.0,0,0,0,0,0,0,0,0,0,0
877,Jaylan Ford NO,6,2,2,4,0.0,0,0,0,0,0,0,0,0,0,0
877,Jermaine Johnson NYJ,2,4,0,4,0.0,0,1,0,0,0,0,0,0,0,0
877,Jordan Whittington LAR,13,4,0,4,0.0,0,0,0,0,0,0,0,0,1,0
877,Drew Ogletree IND,15,0,4,4,0.0,0,0,0,0,0,0,0,0,0,0
935,Morgan Cox TEN,15,2,1,3,0.0,0,0,0,0,0,0,0,0,0,0
935,Tashaun Gipson Sr. SF,7,2,1,3,0.0,0,0,1,0,0,0,0,0,0,0
935,Riley Dixon DEN,15,2,1,3,0.0,0,0,0,0,0,0,0,0,0,0
935,T.Y. McGill SF/CLE,2,1,2,3,0.0,0,0,0,0,0,0,0,0,0,0
935,Pharaoh Brown SEA,13,1,2,3,0.0,0,0,0,0,0,0,0,0,0,0
935,Eric Saubert SF,15,2,1,3,0.0,0,0,0,0,0,0,0,0,0,0
935,Josh Tupou BAL,3,3,0,3,1.0,1,1,0,0,0,0,0,0,0,0
935,Desmond King II BAL/HOU,3,2,1,3,0.0,0,0,0,0,0,0,0,0,0,0
935,George Kittle SF,13,3,0,3,0.0,0,0,0,0,0,0,0,0,0,0
935,James Conner ARI,15,2,1,3,0.0,0,0,0,0,0,0,0,1,0,0
935,Bruce Hector NYJ,4,1,2,3,0.0,0,0,0,0,0,0,0,0,0,0
935,Zach Cunningham DEN,5,1,2,3,0.0,0,0,0,0,0,0,0,0,0,0
935,Trent Sieg DAL,15,2,1,3,0.0,0,0,0,0,0,0,0,0,0,0
935,Samaje Perine KC,15,1,2,3,0.0,0,0,0,0,0,0,0,0,1,0
935,Ryan Neal TB,1,2,1,3,0.0,0,0,0,0,0,0,0,0,0,0
935,Jalen Davis CIN,2,2,1,3,0.0,0,0,0,0,0,0,0,0,0,0
935,Nick Chubb CLE,8,3,0,3,0.0,0,0,0,0,0,0,0,0,0,0
935,Micah Abernathy ATL,6,0,3,3,0.0,0,0,0,0,0,0,0,0,0,0
935,Jakobi Meyers LV,13,2,1,3,0.0,0,0,0,0,0,0,0,0,0,0
935,Joe Giles-Harris NE,3,2,1,3,0.0,0,0,0,0,0,0,0,0,0,0
935,Alex Bachman LV,6,3,0,3,0.0,0,0,0,0,0,0,0,0,0,0
935,Josh Oliver MIN,13,3,0,3,0.0,0,0,0,0,0,0,0,0,0,0
935,C.J. Ham MIN,15,1,2,3,0.0,0,0,0,0,0,0,0,0,1,0
935,Rashid Shaheed NO,6,3,0,3,0.0,0,0,0,0,0,0,0,0,0,0
935,Jonah Williams LAR/MIN/DET,9,1,2,3,0.0,0,1,0,0,0,0,0,0,0,0
935,Dicaprio Bootle LAC,7,2,1,3,0.0,0,0,0,0,0,0,0,0,0,0
935,Derrick Brown CAR,1,1,2,3,0.0,0,0,0,0,0,0,0,0,0,0
935,Leki Fotu NYJ,2,1,2,3,0.0,0,0,0,0,0,0,0,0,0,0
935,Joe Bachie CIN,12,3,0,3,0.0,0,0,0,0,0,0,0,0,0,0
935,Patrick Taylor Jr. SF,11,3,0,3,0.0,0,0,0,0,0,0,0,0,0,0
935,Reggie Gilliam BUF,13,1,2,3,0.0,0,0,0,0,0,0,0,0,0,0
935,Tanner Conner MIA,8,3,0,3,0.0,0,0,0,0,0,0,0,0,0,0
935,Nicholas Morrow BUF,11,0,3,3,0.0,0,0,0,0,0,0,0,0,0,0
935,Hunter Long LAR,15,2,1,3,0.0,0,0,0,0,0,0,0,0,0,0
935,CeeDee Lamb DAL,15,3,0,3,0.0,0,0,0,0,0,0,0,0,0,0
935,Isaiah Thomas DET,2,0,3,3,0.0,0,0,0,0,0,0,0,0,1,0
935,Ronnie Rivers LAR,15,1,2,3,0.0,0,0,0,0,0,0,0,0,0,0
935,Quintin Morris BUF,14,1,2,3,0.0,0,0,0,0,0,0,0,0,0,0
935,Ty Okada SEA,4,1,2,3,0.0,0,0,0,0,0,0,0,0,0,0
935,Christian Watson GB,13,3,0,3,0.0,0,0,0,0,0,0,0,0,0,0
935,Isaac Ukwu DET,2,2,1,3,0.0,0,0,0,0,0,0,0,0,0,0
935,Pierre Strong Jr. CLE,13,3,0,3,0.0,0,0,0,0,0,0,0,0,0,0
935,Stone Smartt LAC,13,2,1,3,0.0,0,0,0,0,0,0,0,0,0,0
935,Raheem Layne NYG,2,3,0,3,0.0,0,0,0,0,0,0,0,0,0,0
935,Tre Avery TEN,9,3,0,3,0.0,0,0,0,0,0,0,0,0,0,0
935,Raheem Blackshear CAR,14,2,1,3,0.0,0,0,0,0,0,0,0,0,0,0
935,KJ Henry CIN/DAL,4,1,2,3,1.0,9,1,0,0,0,0,0,0,0,0
935,Nick Hampton LAR,14,2,1,3,0.0,0,0,1,0,0,0,0,0,0,0
935,Kana'i Mauga LV,11,2,1,3,0.0,0,0,0,0,0,0,0,0,0,0
935,Brevyn Spann-Ford DAL,15,2,1,3,0.0,0,0,0,0,0,0,0,0,0,0
935,Taki Taimani MIN,7,1,2,3,0.0,0,0,0,0,0,0,0,0,0,0
935,Isaiah Stalbird NO,3,1,2,3,0.0,0,0,0,0,0,0,0,0,0,0
935,Ochaun Mathis NE/PHI,6,2,1,3,0.0,0,0,0,0,0,0,0,1,0,0
935,DJ Ivey CIN,9,3,0,3,0.0,0,0,1,0,0,0,0,0,0,0
935,Tank Dell HOU,14,3,0,3,0.0,0,0,0,0,0,0,0,0,0,0
935,Dylan Laube LV,8,1,2,3,0.0,0,0,0,0,0,0,0,0,0,0
935,DJ Coleman JAX,1,1,2,3,0.0,0,0,0,0,0,0,0,0,0,0
935,Ben VanSumeren PHI,11,3,0,3,0.0,0,0,0,0,0,0,0,0,0,0
935,Elijah Moore CLE,15,3,0,3,0.0,0,0,0,0,0,0,0,0,0,0
935,Khristian Boyd NO,6,2,1,3,0.0,0,0,0,0,0,0,0,0,0,0
935,Zach Charbonnet SEA,15,2,1,3,0.0,0,0,0,0,0,0,0,0,0,0
935,Brandon Dorlus ATL,2,1,2,3,0.0,0,0,0,0,0,0,0,0,0,0
935,Jamal Hill HOU,7,1,2,3,0.0,0,0,0,0,0,0,0,0,0,0
935,De'Antre Prince JAX,9,2,1,3,0.0,0,0,0,0,0,0,0,0,0,0
935,Tre Tucker LV,15,2,1,3,0.0,0,0,0,0,0,0,0,0,0,0
935,Jammie Robinson CAR,6,2,1,3,0.0,0,0,0,0,0,0,0,0,0,0
935,Brock Bowers LV,15,3,0,3,0.0,0,0,0,0,0,0,0,0,0,0
935,Kenneth Walker III SEA,11,3,0,3,0.0,0,0,0,0,0,0,0,0,0,0
935,Jaylen Mahoney SF,3,1,2,3,0.0,0,0,0,0,0,0,0,0,0,0
935,Jerrick Reed II SEA,5,2,1,3,0.0,0,0,0,0,0,0,0,0,0,0
935,Hogan Hatten DET,15,1,2,3,0.0,0,0,0,0,0,0,0,0,0,0
935,Brandon Codrington BUF,15,3,0,3,0.0,0,0,1,0,0,0,0,0,0,0
935,Darrell Luter Jr. SF,3,1,2,3,0.0,0,0,0,0,0,0,0,1,0,0
935,Xavier Hutchinson HOU,14,1,2,3,0.0,0,0,0,0,0,0,0,0,0,0
935,Myles Harden CLE,2,2,1,3,0.0,0,0,0,0,0,0,0,0,0,0
935,Isaiah Bolden NE,12,2,1,3,0.0,0,0,0,0,0,0,0,0,1,0
935,Caleb Murphy LAC/TEN,5,2,1,3,0.0,0,0,0,0,0,0,0,0,0,0
935,Dee Williams SEA/NYG,13,2,1,3,0.0,0,0,0,0,0,0,0,0,0,0
935,Ryan Flournoy DAL,9,3,0,3,0.0,0,0,0,0,0,0,0,0,0,0
1014,Lawrence Guy CIN,4,0,2,2,0.0,0,0,0,0,0,0,0,0,0,0
1014,Andrew DePaola MIN,11,0,2,2,0.0,0,0,0,0,0,0,0,0,0,0
1014,Zach Ertz WSH,15,2,0,2,0.0,0,0,0,0,0,0,0,0,0,0
1014,Davante Adams LV/NYJ,12,2,0,2,0.0,0,0,0,0,0,0,0,0,0,0
1014,Luke Rhodes IND,15,2,0,2,0.0,0,0,0,0,0,0,0,0,0,0
1014,Zach Wood NO,14,1,1,2,0.0,0,0,0,0,0,0,0,0,0,0
1014,Joe Thuney KC,15,2,0,2,0.0,0,0,0,0,0,0,0,0,0,0
1014,Chris Conley SF,13,2,0,2,0.0,0,0,0,0,0,0,0,0,0,0
1014,Justin Hardee Sr. TEN,7,1,1,2,0.0,0,0,0,0,0,0,0,0,0,0
1014,Thomas Hennessy NYJ,15,1,1,2,0.0,0,0,0,0,0,0,0,0,0,0
1014,Mack Hollins BUF,15,1,1,2,0.0,0,0,0,0,0,0,0,0,1,0
1014,Eli Apple LAC,4,2,0,2,0.0,0,0,1,0,0,0,0,0,0,0
1014,Aaron Jones MIN,15,2,0,2,0.0,0,0,0,0,0,0,0,0,0,0
1014,Demarcus Robinson LAR,15,2,0,2,0.0,0,0,0,0,0,0,0,0,0,0
1014,Kendal Vickers NO,1,1,1,2,0.0,0,0,0,0,0,0,0,0,0,0
1014,Mike Williams PIT/NYJ,16,2,0,2,0.0,0,0,0,0,0,0,0,0,0,0
1014,Durham Smythe MIA,15,2,0,2,0.0,0,0,0,0,0,0,0,0,0,0
1014,Chris Godwin TB,7,2,0,2,0.0,0,0,0,0,0,0,0,0,0,0
1014,Tyreek Hill MIA,15,2,0,2,0.0,0,0,0,0,0,0,0,0,0,0
1014,Curtis Samuel BUF,13,2,0,2,0.0,0,0,0,0,0,0,0,0,0,0
1014,Marcus Davenport DET,2,1,1,2,0.5,4,0,0,0,0,0,0,0,0,0
1014,Drew Sample CIN,15,1,1,2,0.0,0,0,0,0,0,0,0,1,0,0
1014,Courtland Sutton DEN,15,2,0,2,0.0,0,0,0,0,0,0,0,0,0,0
1014,Kyle Peko DET,5,1,1,2,0.0,0,1,0,0,0,0,0,0,0,0
1014,Kolton Miller LV,15,2,0,2,0.0,0,0,0,0,0,0,0,0,0,0
1014,Ronnie Harrison Jr. IND,8,2,0,2,0.0,0,0,0,0,0,0,0,1,0,0
1014,Patrick Mekari BAL,15,2,0,2,0.0,0,0,0,0,0,0,0,0,0,0
1014,Christian Kirk JAX,8,2,0,2,0.0,0,0,0,0,0,0,0,0,0,0
1014,Rock Ya-Sin SF,11,2,0,2,0.0,0,0,1,0,0,0,0,0,0,0
1014,Sam Darnold MIN,15,1,1,2,0.0,0,0,0,0,0,0,0,0,0,0
1014,Rex Sunahara CLE,10,1,1,2,0.0,0,0,0,0,0,0,0,0,0,0
1014,Joe Gaziano JAX,2,1,1,2,0.0,0,0,0,0,0,0,0,0,0,0
1014,Lamar Jackson BAL,15,2,0,2,0.0,0,0,0,0,0,0,0,0,0,0
1014,T.J. Smith CAR,3,0,2,2,0.0,0,0,0,0,0,0,0,0,0,0
1014,Robert Hunt CAR,15,2,0,2,0.0,0,0,0,0,0,0,0,0,0,0
1014,Alec Ingold MIA,13,1,1,2,0.0,0,0,0,0,0,0,0,0,0,0
1014,Andrew Wingard JAX,6,2,0,2,0.0,0,0,3,0,0,0,0,0,0,0
1014,Calvin Ridley TEN,15,2,0,2,0.0,0,0,0,0,0,0,0,0,0,0
1014,Ross Matiscik JAX,15,1,1,2,0.0,0,0,0,0,0,0,0,0,0,0
1014,Elerson G. Smith CLE,2,1,1,2,0.0,0,0,0,0,0,0,0,0,0,0
1014,Robert Rochell GB,8,2,0,2,0.0,0,0,0,0,0,0,0,0,1,0
1014,Ko Kieft TB,15,2,0,2,0.0,0,0,0,0,0,0,0,0,0,0
1014,Jack Stoll MIA/PHI,9,2,0,2,0.0,0,0,0,0,0,0,0,0,0,0
1014,Kene Nwangwu NYJ,2,1,1,2,0.0,0,0,0,0,0,0,0,1,0,0
1014,Michael Pittman Jr. IND,14,2,0,2,0.0,0,0,0,0,0,0,0,0,0,0
1014,Khalil Herbert CHI/CIN,12,1,1,2,0.0,0,0,0,0,0,0,0,0,0,0
1014,Noah Fant SEA,12,2,0,2,0.0,0,0,0,0,0,0,0,0,0,0
1014,Jalen Virgil BUF,7,2,0,2,0.0,0,0,0,0,0,0,0,0,1,0
1014,Cole Christiansen KC,9,2,0,2,0.0,0,0,0,0,0,0,0,0,0,0
1014,Teven Jenkins CHI,14,2,0,2,0.0,0,0,0,0,0,0,0,0,0,0
1014,Lil'Jordan Humphrey DEN,15,2,0,2,0.0,0,0,0,0,0,0,0,0,0,0
1014,Jonathan Ward PIT,4,1,1,2,0.0,0,0,0,0,0,0,0,0,0,0
1014,Michael Jordan NE,12,2,0,2,0.0,0,0,0,0,0,0,0,0,0,0
1014,Harrison Bryant LV,11,2,0,2,0.0,0,0,0,0,0,0,0,0,0,0
1014,John Bates WSH,15,1,1,2,0.0,0,0,0,0,0,0,0,0,0,0
1014,Tristan Wirfs TB,14,1,1,2,0.0,0,0,0,0,0,0,0,0,0,0
1014,Damarri Mathis DEN,8,0,2,2,0.0,0,0,1,0,0,0,0,0,0,0
1014,Cal Adomitis CIN,15,2,0,2,0.0,0,0,0,0,0,0,0,0,0,0
1014,Tylan Wallace BAL,15,1,1,2,0.0,0,0,0,0,0,0,0,0,0,0
1014,Neil Farrell MIA,7,1,1,2,0.0,0,0,0,0,0,0,0,0,0,0
1014,Faion Hicks SEA,2,1,1,2,0.0,0,0,0,0,0,0,0,0,0,0
1014,Jake Ferguson DAL,12,2,0,2,0.0,0,0,0,0,0,0,0,0,0,0
1014,John Samuel Shenker LV,6,2,0,2,0.0,0,0,0,0,0,0,0,0,0,0
1014,Jordan Mims NO,9,0,2,2,0.0,0,0,0,0,0,0,0,0,0,0
1014,Marquise Blair SEA,1,2,0,2,0.0,0,0,0,0,0,0,0,0,0,0
1014,Keith Taylor Jr. KC,9,0,2,2,0.0,0,0,0,0,0,0,0,0,0,0
1014,Gabe Davis JAX,10,2,0,2,0.0,0,0,0,0,0,0,0,0,0,0
1014,Akayleb Evans MIN,7,1,1,2,0.0,0,0,0,0,0,0,0,0,0,0
1014,Tony Fields II CLE,1,1,1,2,0.0,0,0,0,0,0,0,0,0,0,0
1014,Mike Greene TB,3,0,2,2,0.0,0,0,0,0,0,0,0,0,0,0
1014,Nico Collins HOU,10,1,1,2,0.0,0,0,0,0,0,0,0,0,0,0
1014,Peyton Hendershot KC,5,1,1,2,0.0,0,0,0,0,0,0,0,0,0,0
1014,Bo Melton GB,14,1,1,2,0.0,0,0,0,0,0,0,0,0,1,0
1014,Blake Grupe NO,14,2,0,2,0.0,0,0,0,0,0,0,0,0,0,0
1014,Brandon Pili MIA,8,1,1,2,0.0,0,0,0,0,0,0,0,0,0,0
1014,Brayden Willis SF,8,1,1,2,0.0,0,0,0,0,0,0,0,0,0,0
1014,Shaka Heyward CIN,4,2,0,2,0.0,0,0,0,0,0,0,0,0,0,0
1014,Simi Fehoko LAC,8,1,1,2,0.0,0,0,0,0,0,0,0,0,0,0
1014,Chris Olave NO,8,2,0,2,0.0,0,0,0,0,0,0,0,0,0,0
1014,Matt Araiza KC,15,2,0,2,0.0,0,0,0,0,0,0,0,0,0,0
1014,Dyami Brown WSH,15,2,0,2,0.0,0,0,0,0,0,0,0,0,0,0
1014,Patrick O'Connell SEA,5,0,2,2,0.0,0,0,0,0,0,0,0,0,0,0
1014,Chris Smith DET,3,0,2,2,0.0,0,0,0,0,0,0,0,0,0,0
1014,Charles Woods LAR,12,2,0,2,0.0,0,0,0,0,0,0,0,0,0,0
1014,Payne Durham TB,14,0,2,2,0.0,0,0,0,0,0,0,0,0,0,0
1014,Isaac Guerendo SF,14,0,2,2,0.0,0,0,0,0,0,0,0,0,0,0
1014,Brennan Jackson LAR,5,2,0,2,0.0,0,0,0,0,0,0,0,0,0,0
1014,Craig Reynolds DET,15,1,1,2,0.0,0,0,0,0,0,0,0,0,0,0
1014,Roschon Johnson CHI,12,2,0,2,0.0,0,0,0,0,0,0,0,0,0,0
1014,Jameson Williams DET,13,2,0,2,0.0,0,0,0,0,0,0,0,0,0,0
1014,Puka Nacua LAR,10,2,0,2,0.0,0,0,0,0,0,0,0,0,0,0
1014,Tatum Bethune SF,9,0,2,2,0.0,0,0,0,0,0,0,0,0,1,0
1014,Kenny McIntosh SEA,15,1,1,2,0.0,0,0,0,0,0,0,0,0,0,0
1014,Zion Logue BUF,2,2,0,2,0.0,0,0,0,0,0,0,0,0,0,0
1014,Rashee Rice KC,4,2,0,2,0.0,0,0,0,0,0,0,0,1,0,0
1014,Tyjae Spears TEN,11,2,0,2,0.0,0,0,0,0,0,0,0,0,0,0
1014,Tank Bigsby JAX,14,2,0,2,0.0,0,0,0,0,0,0,0,0,0,0
1014,Blake Corum LAR,15,1,1,2,0.0,0,0,0,0,0,0,0,0,0,0
1014,Jordan Addison MIN,13,2,0,2,0.0,0,0,0,0,0,0,0,0,0,0
1014,Trey Benson ARI,13,2,0,2,0.0,0,0,0,0,0,0,0,0,0,0
1014,Sam LaPorta DET,14,2,0,2,0.0,0,0,0,0,0,0,0,0,0,0
1014,Xavier Legette CAR,14,2,0,2,0.0,0,0,0,0,0,0,0,0,0,0
1014,Jarius Monroe NYJ,3,0,2,2,0.0,0,0,0,0,0,0,0,0,0,0
1014,Bijan Robinson ATL,15,2,0,2,0.0,0,0,0,0,0,0,0,0,0,0
1014,Parker Washington JAX,15,2,0,2,0.0,0,0,0,0,0,0,0,0,0,0
1014,John Metchie III HOU,11,2,0,2,0.0,0,0,0,0,0,0,0,0,0,0
1014,Justin Eboigbe LAC,5,1,1,2,0.0,0,0,0,0,0,0,0,0,0,0
1014,AJ Barner SEA,15,2,0,2,0.0,0,0,0,0,0,0,0,0,0,0
1014,Mitchell Agude DET,2,1,1,2,0.0,0,0,0,0,0,0,0,1,0,0
1014,Ladd McConkey LAC,14,2,0,2,0.0,0,0,0,0,0,0,0,0,0,0
1014,Drew Sanders DEN,2,1,1,2,1.0,11,1,0,0,0,0,0,0,0,0
1014,Marvin Mims Jr. DEN,15,2,0,2,0.0,0,0,0,0,0,0,0,0,0,0
1014,Josh Downs IND,12,2,0,2,0.0,0,0,0,0,0,0,0,0,0,0
1014,Jake Bates DET,15,2,0,2,0.0,0,0,0,0,0,0,0,0,0,0
1014,Ben Sinnott WSH,15,2,0,2,0.0,0,0,0,0,0,0,0,0,0,0
1014,Devontez Walker BAL,7,2,0,2,0.0,0,0,0,0,0,0,0,0,0,0
1014,Julius Wood TEN,9,1,1,2,0.0,0,0,0,0,0,0,0,0,0,0
1014,Daijahn Anthony CIN,11,2,0,2,0.0,0,0,1,0,0,0,0,0,0,0
1132,Nick Folk TEN,14,1,0,1,0.0,0,0,0,0,0,0,0,0,0,0
1132,Joe Flacco IND,6,0,1,1,0.0,0,0,0,0,0,0,0,0,0,0
1132,Graham Gano NYG,8,1,0,1,0.0,0,0,0,0,0,0,0,0,0,0
1132,Trent Williams SF,2,0,1,1,0.0,0,0,0,0,0,0,0,0,0,0
1132,Bryan Anger DAL,15,1,0,1,0.0,0,0,0,0,0,0,0,0,0,0
1132,Johnny Hekker CAR,15,0,1,1,0.0,0,0,0,0,0,0,0,0,0,0
1132,Charley Hughlett CLE,5,1,0,1,0.0,0,0,0,0,0,0,0,0,0,0
1132,Justin Tucker BAL,15,1,0,1,0.0,0,0,0,0,0,0,0,0,0,0
1132,Greg Van Roten NYG,15,0,1,1,0.0,0,0,0,0,0,0,0,0,0,0
1132,DeAndre Hopkins KC/TEN,15,1,0,1,0.0,0,0,0,0,0,0,0,0,0,0
1132,Travis Kelce KC,15,1,0,1,0.0,0,0,0,0,0,0,0,0,0,0
1132,Brandon McManus GB,8,1,0,1,0.0,0,0,0,0,0,0,0,0,0,0
1132,Adam Thielen CAR,8,1,0,1,0.0,0,0,0,0,0,0,0,0,0,0
1132,James Winchester KC,15,0,1,1,0.0,0,0,0,0,0,0,0,0,0,0
1132,Mike Evans TB,12,1,0,1,0.0,0,0,0,0,0,0,0,0,0,0
1132,Jordan Matthews CAR,4,0,1,1,0.0,0,0,0,0,0,0,0,0,0,0
1132,Taysom Hill NO,8,1,0,1,0.0,0,1,0,0,0,0,0,1,0,0
1132,Jason Myers SEA,15,1,0,1,0.0,0,0,0,0,0,0,0,0,0,0
1132,MyCole Pruitt PIT,10,1,0,1,0.0,0,0,0,0,0,0,0,0,0,0
1132,Chris Manhertz NYG,15,1,0,1,0.0,0,0,0,0,0,0,0,0,0,0
1132,Brandon Allen SF,3,1,0,1,0.0,0,0,0,0,0,0,0,0,0,0
1132,C.J. Uzomah PHI,6,0,1,1,0.0,0,0,0,0,0,0,0,0,0,0
1132,Angelo Blackson ARI,1,1,0,1,0.0,0,0,0,0,0,0,0,0,0,0
1132,Robbie Chosen MIA,2,1,0,1,0.0,0,0,0,0,0,0,0,0,0,0
1132,Shaq Mason HOU,15,1,0,1,0.0,0,0,0,0,0,0,0,0,0,0
1132,Dak Prescott DAL,8,0,1,1,0.0,0,0,0,0,0,0,0,0,0,0
1132,Jameis Winston CLE,12,1,0,1,0.0,0,0,0,0,0,0,0,0,0,0
1132,Ka'imi Fairbairn HOU,15,1,0,1,0.0,0,0,0,0,0,0,0,0,0,0
1132,Kevon Seymour WSH,2,1,0,1,0.0,0,0,0,0,0,0,0,0,0,0
1132,Patrick Ricard BAL,15,0,1,1,0.0,0,0,0,0,0,0,0,0,0,0
1132,Alex Barrett SF,1,1,0,1,0.0,0,0,0,0,0,0,0,0,0,0
1132,Stefon Diggs HOU,8,1,0,1,0.0,0,0,0,0,0,0,0,0,0,0
1132,Reid Ferguson BUF,15,1,0,1,0.0,0,0,0,0,0,0,0,0,0,0
1132,Mark Glowinski IND,3,1,0,1,0.0,0,0,0,0,0,0,0,0,0,0
1132,Bradley Pinion ATL,15,1,0,1,0.0,0,0,0,0,0,0,0,0,0,0
1132,Zach Pascal ARI,15,1,0,1,0.0,0,0,0,0,0,0,0,0,0,0
1132,Isaac Seumalo PIT,11,1,0,1,0.0,0,0,0,0,0,0,0,0,0,0
1132,Christian Kuntz PIT,15,0,1,1,0.0,0,0,0,0,0,0,0,0,0,0
1132,Jack Conklin CLE,10,1,0,1,0.0,0,0,0,0,0,0,0,0,0,0
1132,Jamaal Williams NO,11,1,0,1,0.0,0,0,0,0,0,0,0,0,0,0
1132,Ethan Pocic CLE,14,0,1,1,0.0,0,0,0,0,0,0,0,0,0,0
1132,Austin Hooper NE,15,1,0,1,0.0,0,0,0,0,0,0,0,0,0,0
1132,Tyler Boyd TEN,15,1,0,1,0.0,0,0,0,0,0,0,0,0,0,0
1132,Geoff Swaim CLE,8,1,0,1,0.0,0,0,0,0,0,0,0,0,0,0
1132,Jared Goff DET,15,1,0,1,0.0,0,0,0,0,0,0,0,0,0,0
1132,Aaron Stinnie NYG,14,0,1,1,0.0,0,0,0,0,0,0,0,0,0,0
1132,Anthony Firkser KC/NYJ,7,1,0,1,0.0,0,0,0,0,0,0,0,0,0,0
1132,Younghoe Koo ATL,14,0,1,1,0.0,0,0,0,0,0,0,0,0,0,0
1132,Ezekiel Elliott DAL,14,0,1,1,0.0,0,0,0,0,0,0,0,0,0,0
1132,Marquez Valdes-Scantling BUF/NO,12,1,0,1,0.0,0,0,0,0,0,0,0,0,0,0
1132,Evan Engram JAX,9,1,0,1,0.0,0,0,0,0,0,0,0,0,0,0
1132,Artie Burns SEA,2,1,0,1,0.0,0,0,2,0,0,0,0,0,0,0
1132,River Cracraft MIA,6,1,0,1,0.0,0,0,0,0,0,0,0,0,0,0
1132,Jonnu Smith MIA,15,0,1,1,0.0,0,0,0,0,0,0,0,0,0,0
1132,Bradley Bozeman LAC,15,1,0,1,0.0,0,0,0,0,0,0,0,0,0,0
1132,Alvin Kamara NO,14,1,0,1,0.0,0,0,0,0,0,0,0,0,0,0
1132,Alex Cappa CIN,15,1,0,1,0.0,0,0,0,0,0,0,0,0,0,0
1132,Jermaine Eluemunor NYG,13,0,1,1,0.0,0,0,0,0,0,0,0,0,0,0
1132,Cam Robinson MIN/JAX,15,1,0,1,0.0,0,0,0,0,0,0,0,0,0,0
1132,Jakob Johnson NYG,3,0,1,1,0.0,0,0,0,0,0,0,0,0,0,0
1132,Logan Cooke JAX,15,1,0,1,0.0,0,0,0,0,0,0,0,0,0,0
1132,Elgton Jenkins GB,14,1,0,1,0.0,0,0,0,0,0,0,0,0,0,0
1132,Joe Mixon HOU,12,1,0,1,0.0,0,0,0,0,0,0,0,0,0,0
1132,Ross Dwelley ATL,15,0,1,1,0.0,0,0,0,0,0,0,0,0,0,0
1132,JuJu Smith-Schuster KC,12,1,0,1,0.0,0,0,0,0,0,0,0,0,0,0
1132,Dallas Goedert PHI,9,1,0,1,0.0,0,0,0,0,0,0,0,0,0,0
1132,Terry McLaurin WSH,15,1,0,1,0.0,0,0,0,0,0,0,0,0,0,0
1132,Khari Blasingame CHI/PHI,5,1,0,1,0.0,0,0,0,0,0,0,0,0,0,0
1132,Jackson Barton ARI,3,1,0,1,0.0,0,0,0,0,0,0,0,0,0,0
1132,Braxton Berrios MIA,6,1,0,1,0.0,0,0,0,0,0,0,0,0,0,0
1132,Oshane Ximines NE,2,0,1,1,0.0,0,0,0,0,0,0,0,0,0,0
1132,Jason Sanders MIA,15,1,0,1,0.0,0,0,0,0,0,0,0,0,0,0
1132,Nik Needham MIA,2,0,1,1,0.0,0,0,0,0,0,0,0,0,0,0
1132,Deebo Samuel Sr. SF,14,1,0,1,0.0,0,0,0,0,0,0,0,0,0,0
1132,Josh Woods ATL,3,1,0,1,0.0,0,0,0,0,0,0,0,0,0,0
1132,Allen Lazard NYJ,10,1,0,1,0.0,0,0,0,0,0,0,0,0,0,0
1132,Evan Brown ARI,15,0,1,1,0.0,0,0,0,0,0,0,0,0,0,0
1132,Matthew Wright KC/SF,3,1,0,1,0.0,0,0,0,0,0,0,0,0,0,0
1132,Jordan Akins CLE,15,1,0,1,0.0,0,0,0,0,0,0,0,0,0,0
1132,D'Ernest Johnson JAX,12,0,1,1,0.0,0,0,0,0,0,0,0,0,0,0
1132,Chris Brooks GB,12,0,1,1,0.0,0,0,0,0,0,0,0,0,0,0
1132,Chris Lindstrom ATL,15,1,0,1,0.0,0,0,0,0,0,0,0,0,0,0
1132,KaVontae Turpin DAL,15,1,0,1,0.0,0,0,0,0,0,0,0,0,0,0
1132,Tanner Muse JAX,3,0,1,1,0.0,0,0,0,0,0,0,0,0,0,0
1132,Connor Williams SEA,9,0,1,1,0.0,0,0,0,0,0,0,0,0,0,0
1132,Blake Ferguson MIA,5,0,1,1,0.0,0,0,0,0,0,0,0,0,0,0
1132,Jauan Jennings SF,13,1,0,1,0.0,0,0,0,0,0,0,0,0,0,0
1132,Scotty Miller PIT,12,1,0,1,0.0,0,0,0,0,0,0,0,0,0,0
1132,DJ Moore CHI,15,1,0,1,0.0,0,0,0,0,0,0,0,0,0,0
1132,Duke Shelley NYG,1,1,0,1,0.0,0,0,0,0,0,0,0,0,0,0
1132,Tony Pollard TEN,15,1,0,1,0.0,0,0,0,0,0,0,0,0,0,0
1132,James Proche II CLE,7,1,0,1,0.0,0,0,0,0,0,0,0,0,0,0
1132,Tyler Bass BUF,15,1,0,1,0.0,0,0,0,0,0,0,0,0,0,0
1132,Kevin Dotson LAR,15,1,0,1,0.0,0,0,0,0,0,0,0,0,0,0
1132,Daniel Jones NYG,10,1,0,1,0.0,0,0,0,0,0,0,0,0,0,0
1132,Josh Allen BUF,15,1,0,1,0.0,0,0,0,0,0,0,0,0,0,0
1132,Britain Covey PHI,5,1,0,1,0.0,0,0,0,0,0,0,0,0,0,0
1132,Saquon Barkley PHI,15,1,0,1,0.0,0,0,0,0,0,0,0,0,0,0
1132,Michael Dickson SEA,15,1,0,1,0.0,0,0,0,0,0,0,0,0,0,0
1132,Jake Bailey MIA,15,1,0,1,0.0,0,0,0,0,0,0,0,0,0,0
1132,Diontae Johnson BAL/CAR,11,1,0,1,0.0,0,0,0,0,0,0,0,0,0,0
1132,Bobby Price WSH,2,0,1,1,0.0,0,0,0,0,0,0,0,0,0,0
1132,Jawaan Taylor KC,15,1,0,1,0.0,0,0,0,0,0,0,0,0,0,0
1132,Trayveon Williams CIN,15,1,0,1,0.0,0,0,0,0,0,0,0,0,0,0
1132,Zack Moss CIN,8,0,1,1,0.0,0,0,0,0,0,0,0,0,0,0
1132,Mitch Wishnowsky SF,9,1,0,1,0.0,0,0,0,0,0,0,0,0,0,0
1132,Justice Hill BAL,15,1,0,1,0.0,0,0,0,0,0,0,0,0,0,0
1132,Justin Herbert LAC,15,1,0,1,0.0,0,0,0,0,0,0,0,0,0,0
1132,Luke Wattenberg DEN,11,1,0,1,0.0,0,0,0,0,0,0,0,0,0,0
1132,Devin Duvernay JAX,11,1,0,1,0.0,0,0,0,0,0,0,0,0,0,0
1132,Corey Bojorquez CLE,15,1,0,1,0.0,0,0,0,0,0,0,0,0,0,0
1132,Jalen Hurts PHI,15,1,0,1,0.0,0,0,0,0,0,0,0,0,0,0
1132,Devin Singletary NYG,13,1,0,1,0.0,0,0,0,0,0,0,0,0,0,0
1132,Dillon Radunz TEN,14,1,0,1,0.0,0,0,0,0,0,0,0,0,0,0
1132,Cordell Volson CIN,15,0,1,1,0.0,0,0,0,0,0,0,0,0,0,0
1132,William Kwenkeu BAL,2,0,1,1,0.0,0,0,0,0,0,0,0,0,0,0
1132,Curtis Robinson SF,3,1,0,1,0.0,0,0,0,0,0,0,0,0,0,0
1132,Miles Sanders CAR,10,1,0,1,0.0,0,0,0,0,0,0,0,0,0,0
1132,Blake Gillikin ARI,13,1,0,1,0.0,0,0,0,0,0,0,0,0,0,0
1132,Josh Jacobs GB,14,1,0,1,0.0,0,0,0,0,0,0,0,0,0,0
1132,A.J. Brown PHI,12,1,0,1,0.0,0,0,0,0,0,0,0,0,0,0
1132,Alexander Mattison LV,12,0,1,1,0.0,0,0,0,0,0,0,0,0,0,0
1132,Ryan Van Demark BUF,12,1,0,1,0.0,0,0,0,0,0,0,0,0,0,0
1132,Tee Higgins CIN,10,1,0,1,0.0,0,0,0,0,0,0,0,0,0,0
1132,Travis Etienne Jr. JAX,13,1,0,1,0.0,0,0,0,0,0,0,0,0,0,0
1132,Cam Akers HOU/MIN,15,0,1,1,0.0,0,0,0,0,0,0,0,0,0,0
1132,Trenton Gill TB,8,0,1,1,0.0,0,0,0,0,0,0,0,0,0,0
1132,Noah Gray KC,15,1,0,1,0.0,0,0,0,0,0,0,0,0,0,0
1132,Brock Hoffman DAL,15,1,0,1,0.0,0,0,0,0,0,0,0,0,0,0
1132,Grant Calcaterra PHI,15,0,1,1,0.0,0,0,0,0,0,0,0,0,0,0
1132,Trey Sermon IND,15,1,0,1,0.0,0,0,0,0,0,0,0,0,0,0
1132,Brian Robinson Jr. WSH,12,0,1,1,0.0,0,0,0,0,0,0,0,0,0,0
1132,DeVonta Smith PHI,12,1,0,1,0.0,0,0,0,0,0,0,0,0,0,0
1132,Tua Tagovailoa MIA,11,1,0,1,0.0,0,0,0,0,0,0,0,0,0,0
1132,Jedrick Wills Jr. CLE,5,1,0,1,0.0,0,0,0,0,0,0,0,0,0,0
1132,Nephi Sewell NO,4,1,0,1,0.0,0,0,0,0,0,0,0,0,0,0
1132,Cody White SEA,4,0,1,1,0.0,0,0,0,0,0,0,0,0,0,0
1132,Josh Myers GB,13,0,1,1,0.0,0,0,0,0,0,0,0,0,0,0
1132,Jonathan Taylor IND,12,1,0,1,0.0,0,0,0,0,0,0,0,0,0,0
1132,Aaron Banks SF,13,0,1,1,0.0,0,0,0,0,0,0,0,0,0,0
1132,Princeton Fant DAL,7,0,1,1,0.0,0,0,0,0,0,0,0,0,0,0
1132,Trey Smith KC,15,1,0,1,0.0,0,0,0,0,0,0,0,0,0,0
1132,Drew Dalman ATL,7,1,0,1,0.0,0,0,0,0,0,0,0,0,0,0
1132,Tucker Fisk LAC,7,1,0,1,0.0,0,0,0,0,0,0,0,0,0,0
1132,Dylan Parham LV,13,1,0,1,0.0,0,0,0,0,0,0,0,0,0,0
1132,Tim Jones JAX,15,0,1,1,0.0,0,0,0,0,0,0,0,0,0,0
1132,McClendon Curtis SEA,4,1,0,1,0.0,0,0,0,0,0,0,0,0,0,0
1132,Matt Gay IND,14,0,1,1,0.0,0,0,0,0,0,0,0,0,0,0
1132,Andre Jones Jr. WSH,2,1,0,1,0.0,0,0,0,0,0,0,0,0,0,0
1132,Jalen Tolbert DAL,15,1,0,1,0.0,0,0,0,0,0,0,0,0,0,0
1132,Andre' Sam PHI,1,0,1,1,0.0,0,0,0,0,0,0,0,0,0,0
1132,Demontrey Jacobs NE,13,1,0,1,0.0,0,0,0,0,0,0,0,0,0,0
1132,Rodney Williams PIT,6,1,0,1,0.0,0,0,0,0,0,0,0,0,0,0
1132,Jake Tonges SF,14,1,0,1,0.0,0,0,0,0,0,0,0,0,0,0
1132,Aidan O'Connell LV,7,0,1,1,0.0,0,0,0,0,0,0,0,0,0,0
1132,Darren Hall ARI,4,1,0,1,0.0,0,0,0,0,0,0,0,0,0,0
1132,Justin Jefferson MIN,15,1,0,1,0.0,0,0,0,0,0,0,0,0,0,0
1132,Troy Hairston HOU,2,1,0,1,0.0,0,0,0,0,0,0,0,0,0,0
1132,Jordan Mailata PHI,11,1,0,1,0.0,0,0,0,0,0,0,0,0,0,0
1132,Michael Woods II CLE,4,0,1,1,0.0,0,0,0,0,0,0,0,0,0,0
1132,Dameon Pierce HOU,9,1,0,1,0.0,0,0,0,0,0,0,0,0,0,0
1132,Antonio Gibson NE,15,1,0,1,0.0,0,0,0,0,0,0,0,0,0,0
1132,Trevor Lawrence JAX,10,1,0,1,0.0,0,0,0,0,0,0,0,0,0,0
1132,Jackson Carman MIA,6,1,0,1,0.0,0,0,0,0,0,0,0,0,0,0
1132,Tyrone Tracy Jr. NYG,15,1,0,1,0.0,0,0,0,0,0,0,0,0,0,0
1132,Trevor Denbow IND,8,1,0,1,0.0,0,0,0,0,0,0,0,0,0,0
1132,Kendall Williamson LAC,1,1,0,1,0.0,0,0,0,0,0,0,0,0,0,0
1132,Michael Wilson ARI,15,1,0,1,0.0,0,0,0,0,0,0,0,0,1,0
1132,Brycen Tremayne WSH,1,0,1,1,0.0,0,0,0,0,0,0,0,0,0,0
1132,Tutu Atwell LAR,15,1,0,1,0.0,0,0,0,0,0,0,0,0,0,0
1132,Antonio Grier Jr. TB,7,1,0,1,0.0,0,0,0,0,0,0,0,0,0,0
1132,Rashod Bateman BAL,15,1,0,1,0.0,0,0,0,0,0,0,0,0,0,0
1132,David Martin-Robinson TEN,3,0,1,1,0.0,0,0,0,0,0,0,0,0,0,0
1132,Isaiah Likely BAL,14,1,0,1,0.0,0,0,0,0,0,0,0,0,0,0
1132,Jeremy Ruckert NYJ,15,1,0,1,0.0,0,0,0,0,0,0,0,0,0,0
1132,Juice Scruggs HOU,12,1,0,1,0.0,0,0,0,0,0,0,0,0,0,0
1132,Romeo Doubs GB,11,1,0,1,0.0,0,0,0,0,0,0,0,0,0,0
1132,Evan Deckers TB,9,1,0,1,0.0,0,0,0,0,0,0,0,0,0,0
1132,Brock Purdy SF,14,1,0,1,0.0,0,0,0,0,0,0,0,0,0,0
1132,Anthony Johnson Jr. NYG,7,1,0,1,0.0,0,0,0,0,0,0,0,0,0,0
1132,Tanner McCalister DEN,3,0,1,1,0.0,0,0,0,0,0,0,0,0,0,0
1132,Christian Darrisaw MIN,7,0,1,1,0.0,0,0,0,0,0,0,0,0,0,0
1132,Cameron Dicker LAC,15,1,0,1,0.0,0,0,0,0,0,0,0,0,0,0
1132,Keaontay Ingram KC,1,0,1,1,0.0,0,0,0,0,0,0,0,0,0,0
1132,Bernhard Raimann IND,12,1,0,1,0.0,0,0,0,0,0,0,0,0,0,0
1132,Kelvin Joseph IND,2,1,0,1,0.0,0,0,0,0,0,0,0,0,0,0
1132,Damien Lewis CAR,14,1,0,1,0.0,0,0,0,0,0,0,0,0,0,0
1132,Ben Brown NE,10,1,0,1,0.0,0,0,0,0,0,0,0,0,0,0
1132,Brodric Martin DET,2,0,1,1,0.0,0,0,0,0,0,0,0,0,0,0
1132,Dante Miller NYG,2,0,1,1,0.0,0,0,0,0,0,0,0,0,0,0
1132,Julius Chestnut TEN,15,0,1,1,0.0,0,0,0,0,0,0,0,0,1,0
1132,Andrei Iosivas CIN,15,1,0,1,0.0,0,0,0,0,0,0,0,0,0,0
1132,Mason McCormick PIT,15,1,0,1,0.0,0,0,0,0,0,0,0,0,0,0
1132,Jaylen Waddle MIA,14,0,1,1,0.0,0,0,0,0,0,0,0,0,0,0
1132,Kevin Austin Jr. NO,5,1,0,1,0.0,0,0,0,0,0,0,0,0,0,0
1132,British Brooks HOU,5,1,0,1,0.0,0,0,0,0,0,0,0,0,0,0
1132,Dallin Holker NO,9,0,1,1,0.0,0,0,0,0,0,0,0,0,0,0
1132,Kitan Oladapo GB,6,0,1,1,0.0,0,0,0,0,0,0,0,0,0,0
1132,Luke Goedeke TB,11,1,0,1,0.0,0,0,0,0,0,0,0,0,0,0
1132,Trey Lance DAL,2,1,0,1,0.0,0,0,0,0,0,0,0,0,0,0
1132,Matt Orzech GB,14,1,0,1,0.0,0,0,0,0,0,0,0,0,0,0
1132,Anthony Pittman DET/JAX,2,1,0,1,0.0,0,0,0,0,0,0,0,0,0,0
1132,Jayden Daniels WSH,15,0,1,1,0.0,0,0,0,0,0,0,0,0,0,0
1132,George Pickens PIT,12,1,0,1,0.0,0,0,0,0,0,0,0,0,0,0
1132,Ramel Keyton LV,6,1,0,1,0.0,0,0,0,0,0,0,0,0,0,0
1132,Sean Rhyan GB,14,1,0,1,0.0,0,0,0,0,0,0,0,0,0,0
1132,Jonathan Mingo DAL/CAR,15,1,0,1,0.0,0,0,0,0,0,0,0,0,0,0
1132,Davis Allen LAR,13,1,0,1,0.0,0,0,0,0,0,0,0,0,0,0
1132,Elijah Higgins ARI,15,1,0,1,0.0,0,0,0,0,0,0,0,0,0,0
1132,Sam Howell SEA,3,1,0,1,0.0,0,0,0,0,0,0,0,0,0,0
1132,Luke McCaffrey WSH,15,1,0,1,0.0,0,0,0,0,0,0,0,0,0,0
1132,DeMario Douglas NE,15,1,0,1,0.0,0,0,0,0,0,0,0,0,0,0
1132,Mohamed Kamara MIA,5,0,1,1,0.0,0,0,0,0,0,0,0,0,0,0
1132,Gabriel Murphy MIN,1,1,0,1,0.0,0,0,0,0,0,0,0,0,0,0
1132,Reddy Steward CHI,1,1,0,1,0.0,0,0,0,0,0,0,0,1,0,0
1132,Dontayvion Wicks GB,14,1,0,1,0.0,0,0,0,0,0,0,0,0,0,0
1132,Broderick Jones PIT,15,1,0,1,0.0,0,0,0,0,0,0,0,0,0,0
1132,Eli Ricks PHI,5,0,1,1,0.0,0,0,0,0,0,0,0,0,0,0
1132,Quentin Johnston LAC,13,1,0,1,0.0,0,0,0,0,0,0,0,0,0,0
1132,Anthony Richardson IND,11,1,0,1,0.0,0,0,0,0,0,0,0,0,0,0
1132,Peter Skoronski TEN,15,1,0,1,0.0,0,0,0,0,0,0,0,0,0,0
1132,De'Von Achane MIA,15,1,0,1,0.0,0,0,0,0,0,0,0,0,0,0
1132,Jaheim Bell NE,13,1,0,1,0.0,0,0,0,0,0,0,0,0,0,0
1132,Beau Brade BAL,9,0,1,1,0.0,0,0,0,0,0,0,0,0,0,0
1132,Zay Flowers BAL,15,1,0,1,0.0,0,0,0,0,0,0,0,0,0,0
1132,Jahmyr Gibbs DET,15,1,0,1,0.0,0,0,0,0,0,0,0,0,0,0
1132,Patrick McMorris MIA,4,1,0,1,0.0,0,0,0,0,0,0,0,0,0,0
1132,Asim Richards DAL,11,1,0,1,0.0,0,0,0,0,0,0,0,0,0,0
1132,Brenton Strange JAX,15,0,1,1,0.0,0,0,0,0,0,0,0,0,0,0
1132,Kyren Williams LAR,15,1,0,1,0.0,0,0,0,0,0,0,0,0,0,0
1132,Jalen McMillan TB,11,1,0,1,0.0,0,0,0,0,0,0,0,0,0,0
1132,Roger Rosengarten BAL,15,0,1,1,0.0,0,0,0,0,0,0,0,0,0,0
1132,Rome Odunze CHI,15,1,0,1,0.0,0,0,0,0,0,0,0,0,0,0
1132,Drake Maye NE,11,1,0,1,0.0,0,0,0,0,0,0,0,0,0,0
1132,Amarius Mims CIN,13,0,1,1,0.0,0,0,0,0,0,0,0,0,0,0
1132,Marvin Harrison Jr. ARI,15,1,0,1,0.0,0,0,0,0,0,0,0,0,0,0
1132,Brian Thomas Jr. JAX,15,1,0,1,0.0,0,0,0,0,0,0,0,0,0,0
1132,Treylon Burks TEN,5,1,0,1,0.0,0,0,0,0,0,0,0,0,0,0
1132,Beaux Limmer LAR,15,1,0,1,0.0,0,0,0,0,0,0,0,0,0,0
1132,Millard Bradford NO,2,1,0,1,0.0,0,0,0,0,0,0,0,0,0,0
1132,Devaughn Vele DEN,11,1,0,1,0.0,0,0,0,0,0,0,0,0,0,0
1132,Malik Washington MIA,12,1,0,1,0.0,0,0,0,0,0,0,0,0,0,0
1132,Garrett Wilson NYJ,15,1,0,1,0.0,0,0,0,0,0,0,0,0,0,0
1132,Wanya Morris KC,15,1,0,1,0.0,0,0,0,0,0,0,0,0,0,0
1132,Tucker Kraft GB,14,0,1,1,0.0,0,0,0,0,0,0,0,0,0,0
1132,Isaiah Land IND,10,1,0,1,0.0,0,1,0,0,0,0,0,0,0,0
1132,T.J. Tampa BAL,5,0,1,1,0.0,0,0,0,0,0,0,0,0,0,0
1132,Jacob Cowing SF,13,1,0,1,0.0,0,0,0,0,0,0,0,0,0,0
1132,Kendell Brooks TEN,3,0,1,1,0.0,0,0,0,0,0,0,0,0,0,0
1132,Tyreik McAllister LV,3,1,0,1,0.0,0,0,0,0,0,0,0,0,0,0
1132,Bucky Irving TB,15,1,0,1,0.0,0,0,0,0,0,0,0,0,0,0
1132,Quinn Meinerz DEN,15,1,0,1,0.0,0,0,0,0,0,0,0,0,0,0
1132,Shane Zylstra DET,10,1,0,1,0.0,0,0,0,0,0,0,0,0,0,0
1132,Malachi Corley NYJ,8,1,0,1,0.0,0,0,0,0,0,0,0,0,0,0
1132,Keon Coleman BUF,11,1,0,1,0.0,0,0,0,0,0,0,0,0,0,0
1132,Xavier Worthy KC,15,1,0,1,0.0,0,0,0,0,0,0,0,0,0,0
1132,Bryce Young CAR,12,1,0,1,0.0,0,0,0,0,0,0,0,0,0,0
1132,Malik Heath GB,11,1,0,1,0.0,0,0,0,0,0,0,0,0,0,0
1132,Jalin Hyatt NYG,14,1,0,1,0.0,0,0,0,0,0,0,0,0,0,0
1132,Jalen Coker CAR,9,1,0,1,0.0,0,0,0,0,0,0,0,0,0,0
1132,Rachaad White TB,14,0,1,1,0.0,0,0,0,0,0,0,0,0,0,0
1132,Sam Webb LV,9,0,1,1,0.0,0,0,0,0,0,0,0,0,0,0
1132,Carson Steele KC,15,0,1,1,0.0,0,0,0,0,0,0,0,0,0,0
1132,Jaleel McLaughlin DEN,14,1,0,1,0.0,0,0,0,0,0,0,0,0,0,0
1132,Jackson Powers-Johnson LV,13,0,1,1,0.0,0,0,0,0,0,0,0,0,0,0
1132,Jack Browning TB,1,1,0,1,0.0,0,0,0,0,0,0,0,0,0,0
1132,Dominick Puni SF,15,0,1,1,0.0,0,0,0,0,0,0,0,0,0,0
1132,Levi Drake Rodriguez MIN,2,1,0,1,0.0,0,0,1,0,0,0,0,0,0,0
1400,Kalif Raymond DET,9,0,0,0,0.0,0,0,0,0,0,0,0,0,0,0
1400,Ben Cleveland BAL,15,0,0,0,0.0,0,0,0,0,0,0,0,0,0,0
1400,Adetokunbo Ogundeji PIT,3,0,0,0,0.0,0,0,1,0,0,0,0,0,0,0
1400,Kingsley Jonathan BUF,1,0,0,0,0.0,0,0,0,0,0,0,0,0,0,0
1400,Anders Carlson SF/NYJ,7,0,0,0,0.0,0,0,0,0,0,0,0,0,1,0
1400,Calvin Austin III PIT,9,0,0,0,0.0,0,0,0,0,0,0,0,0,0,0
1400,Casey Rogers NYG,2,0,0,0,0.0,0,0,0,0,0,0,0,0,0,0
1400,Dwight McGlothern MIN,3,0,0,0,0.0,0,0,1,0,0,0,0,0,0,0
1400,Jose Ramirez TB,4,0,0,0,0.0,0,0,0,0,0,0,0,0,0,0
