RK,NAME,GP,REC,TGTS,YDS,AVG,TD,LNG,BIG,YDS/G,FUM,LST,YAC,FD
1,Ja'Marr Chase CIN,15,108,146,"1,510",14.0,16,70,18,100.7,0,0,722,67
2,Justin Jefferson MIN,15,92,134,"1,387",15.1,10,97,26,92.5,1,0,405,59
3,CeeDee Lamb DAL,15,101,152,"1,194",11.8,6,65,16,79.6,1,1,537,54
4,Amon-Ra St. Brown DET,15,101,124,"1,126",11.1,11,66,13,75.1,1,1,380,63
5,Jaxon Smith-Njigba SEA,15,93,126,"1,089",11.7,6,46,14,72.6,1,0,447,53
6,Brian Thomas Jr. JAX,15,73,112,"1,088",14.9,9,85,15,72.5,0,0,490,46
7,Jerry Jeudy CLE,15,72,114,"1,072",14.9,4,89,12,71.5,0,0,308,49
8,Brock Bowers LV,15,101,137,"1,067",10.6,4,57,14,71.1,0,0,549,53
9,A.J. Brown PHI,12,64,92,"1,043",16.3,6,67,16,86.9,0,0,352,50
10,Terry McLaurin WSH,15,73,98,"1,029",14.1,12,86,12,68.6,0,0,279,52
11,Zay Flowers BAL,15,71,109,"1,016",14.3,4,53,18,67.7,0,0,439,46
12,Garrett Wilson NYJ,15,90,141,987,11.0,6,42,14,65.8,1,1,377,53
13,Drake London ATL,15,83,127,978,11.8,7,31,6,65.2,0,0,266,55
14,Malik Nabers NYG,13,97,154,969,10.0,4,39,12,74.5,1,0,327,49
15,George Kittle SF,13,68,83,967,14.2,8,43,18,74.4,0,0,456,44
16,Ladd McConkey LAC,14,69,94,960,13.9,5,60,13,68.6,2,0,326,45
17,Trey McBride ARI,14,92,120,958,10.4,0,37,8,68.4,0,0,411,51
18,Darnell Mooney ATL,15,62,101,955,15.4,5,49,20,63.7,0,0,269,46
19,Davante Adams LV/NYJ,12,74,121,928,12.5,7,71,13,77.3,0,0,409,44
19,Courtland Sutton DEN,15,71,119,928,13.1,6,37,15,61.9,1,1,162,49
21,Nico Collins HOU,10,60,88,909,15.1,6,67,13,90.9,0,0,332,42
22,DK Metcalf SEA,13,60,100,897,14.9,4,71,17,69.0,2,2,244,31
23,Jameson Williams DET,13,47,75,890,18.9,6,82,16,68.5,0,0,421,35
24,Puka Nacua LAR,10,69,92,861,12.5,3,51,9,86.1,0,0,447,42
25,Calvin Ridley TEN,15,56,109,857,15.3,4,63,15,57.1,0,0,187,33
26,Jauan Jennings SF,13,63,93,856,13.6,6,45,12,65.8,0,0,211,43
27,George Pickens PIT,12,55,90,850,15.5,3,44,16,70.8,1,1,199,35
28,Jakobi Meyers LV,13,73,110,843,11.5,2,43,11,64.8,0,0,268,44
29,Tyreek Hill MIA,15,70,111,834,11.9,6,80,12,55.6,0,0,269,47
30,DJ Moore CHI,15,83,122,826,10.0,5,44,10,55.1,0,0,468,35
31,Mike Evans TB,12,57,87,818,14.4,9,57,13,68.2,0,0,194,43
32,Jordan Addison MIN,13,56,85,806,14.4,8,69,12,62.0,0,0,186,35
33,Jonnu Smith MIA,15,76,95,802,10.6,6,57,4,53.5,1,0,457,49
34,Khalil Shakir BUF,14,73,94,796,10.9,4,52,9,56.9,1,0,576,34
35,Travis Kelce KC,15,89,122,739,8.3,2,38,8,49.3,2,1,287,42
36,Tee Higgins CIN,10,58,92,727,12.5,7,42,11,72.7,0,0,206,37
36,Jayden Reed GB,14,49,65,727,14.8,6,70,12,51.9,0,0,363,25
38,Marvin Harrison Jr. ARI,15,51,100,726,14.2,7,60,10,48.4,1,1,127,36
39,DeVonta Smith PHI,12,62,82,713,11.5,6,46,11,59.4,0,0,262,38
40,Rome Odunze CHI,15,51,95,701,13.7,3,47,8,46.7,2,1,249,35
41,Jaylen Waddle MIA,14,54,74,700,13.0,2,63,11,50.0,0,0,232,36
42,Keenan Allen CHI,13,62,110,694,11.2,7,45,9,53.4,1,0,220,39
43,Josh Downs IND,12,59,90,687,11.6,5,69,10,57.3,0,0,332,34
44,Cooper Kupp LAR,11,66,97,681,10.3,6,69,9,61.9,1,0,260,27
45,Hunter Henry NE,15,66,96,674,10.2,2,35,4,44.9,0,0,268,40
46,Rashod Bateman BAL,15,39,63,668,17.1,8,59,9,44.5,0,0,149,30
47,Tank Dell HOU,14,51,81,667,13.1,3,50,9,47.6,0,0,164,35
48,Deebo Samuel Sr. SF,14,50,80,665,13.3,2,76,10,47.5,0,0,412,27
49,Alec Pierce IND,14,29,58,645,22.2,5,65,10,46.1,0,0,98,25
50,Michael Pittman Jr. IND,14,54,91,627,11.6,2,33,10,44.8,1,1,210,26
51,Christian Watson GB,13,29,51,620,21.4,2,60,12,47.7,0,0,149,21
52,Ray-Ray McCloud III ATL,15,57,79,607,10.6,1,60,7,40.5,3,1,325,26
53,DeAndre Hopkins KC/TEN,15,54,76,603,11.2,5,35,6,40.2,1,0,104,35
54,Cade Otton TB,14,59,87,600,10.2,4,44,7,42.9,2,1,311,31
55,Sam LaPorta DET,14,47,68,599,12.7,6,52,10,42.8,0,0,292,32
56,Wan'Dale Robinson NYG,15,78,123,585,7.5,2,25,3,39.0,0,0,301,30
57,De'Von Achane MIA,15,76,85,579,7.6,6,39,3,38.6,1,0,648,30
58,Chris Godwin TB,7,50,62,576,11.5,5,55,7,82.3,1,0,350,33
59,Xavier Worthy KC,15,51,89,559,11.0,5,54,3,37.3,0,0,339,31
60,Tucker Kraft GB,14,41,56,555,13.5,7,67,7,39.6,1,1,365,24
61,Tyler Lockett SEA,15,44,66,552,12.5,2,37,7,36.8,0,0,112,33
62,Mark Andrews BAL,15,49,59,551,11.2,9,38,4,36.7,0,0,142,34
63,Alvin Kamara NO,14,68,89,543,8.0,2,57,7,38.8,1,0,542,18
63,Joshua Palmer LAC,14,35,59,543,15.5,1,45,10,38.8,0,0,91,26
63,Kyle Pitts ATL,15,41,66,543,13.2,3,52,6,36.2,0,0,249,18
66,Darius Slayton NYG,14,38,67,541,14.2,1,43,8,38.6,0,0,105,29
66,DeMario Douglas NE,15,59,78,541,9.2,2,35,7,36.1,1,0,348,26
68,Zach Ertz WSH,15,55,79,538,9.8,4,25,6,35.9,1,0,137,31
69,Michael Wilson ARI,15,43,65,526,12.2,4,41,10,35.1,1,1,122,24
70,Tutu Atwell LAR,15,37,54,525,14.2,0,50,9,35.0,0,0,120,27
71,Romeo Doubs GB,11,37,58,523,14.1,4,39,8,47.5,0,0,103,27
72,Calvin Austin III PIT,15,32,52,517,16.2,4,55,10,34.5,0,0,142,17
73,Mike Gesicki CIN,15,47,61,511,10.9,2,47,5,34.1,1,1,191,27
74,Pat Freiermuth PIT,15,50,59,508,10.2,6,30,7,33.9,2,1,222,26
75,David Njoku CLE,11,64,97,505,7.9,5,29,4,45.9,0,0,251,23
76,Elijah Moore CLE,15,57,92,501,8.8,1,44,4,33.4,0,0,121,23
77,Keon Coleman BUF,11,24,40,498,20.8,3,64,11,45.3,0,0,207,18
78,Stefon Diggs HOU,8,47,64,496,10.6,3,49,5,62.0,0,0,185,31
79,Amari Cooper BUF/CLE,13,41,82,491,12.0,3,30,7,37.8,0,0,108,23
79,Tre Tucker LV,15,42,69,491,11.7,2,58,6,32.7,0,0,200,22
81,Dalton Schultz HOU,15,48,76,482,10.0,2,32,5,32.1,0,0,203,24
81,Jalen Tolbert DAL,15,42,69,482,11.5,6,48,5,32.1,0,0,89,24
83,Quentin Johnston LAC,13,37,69,477,12.9,8,66,9,36.7,0,0,223,22
84,Cole Kmet CHI,15,45,53,471,10.5,4,31,7,31.4,0,0,181,25
85,Jake Ferguson DAL,12,54,77,464,8.6,0,27,6,38.7,3,1,293,17
86,Adam Thielen CAR,8,38,50,461,12.1,3,36,6,57.6,0,0,129,23
87,Breece Hall NYJ,14,53,70,460,8.7,2,57,5,32.9,0,0,457,14
88,Noah Brown WSH,11,35,56,453,12.9,1,52,4,41.2,0,0,83,21
89,Allen Lazard NYJ,10,33,54,450,13.6,5,52,7,45.0,0,0,130,25
90,Kayshon Boutte NE,13,32,56,444,13.9,2,40,9,34.2,0,0,116,20
91,Dallas Goedert PHI,9,38,46,441,11.6,2,61,6,49.0,2,0,231,16
92,Jahmyr Gibbs DET,15,43,54,440,10.2,3,54,6,29.3,1,1,512,22
93,Xavier Legette CAR,14,41,70,439,10.7,4,35,7,31.4,0,0,95,23
94,Chig Okonkwo TEN,15,47,63,437,9.3,2,70,4,29.1,2,1,234,17
95,Demarcus Robinson LAR,15,28,56,433,15.5,7,46,7,28.9,0,0,54,24
96,Austin Hooper NE,15,38,50,430,11.3,3,38,5,28.7,2,1,213,23
96,Noah Gray KC,15,38,47,430,11.3,5,35,6,28.7,0,0,203,25
96,Isaiah Likely BAL,14,38,52,430,11.3,5,49,4,30.7,1,1,242,23
99,Dalton Kincaid BUF,12,42,73,424,10.1,2,29,5,35.3,1,0,248,21
100,Bijan Robinson ATL,15,56,62,420,7.5,1,29,3,28.0,0,0,508,20
101,Will Dissly LAC,13,43,55,418,9.7,1,29,5,32.2,0,0,256,19
102,James Conner ARI,15,45,52,410,9.1,1,44,4,27.3,2,1,475,17
102,Nick Westbrook-Ikhine TEN,15,25,47,410,16.4,9,98,4,27.3,0,0,106,21
104,Andrei Iosivas CIN,15,31,54,408,13.2,6,39,6,27.2,0,0,45,23
105,Chris Olave NO,8,32,44,400,12.5,1,39,4,50.0,1,1,121,22
106,Devaughn Vele DEN,11,35,49,398,11.4,2,37,6,36.2,0,0,118,21
107,Noah Fant SEA,12,39,53,394,10.1,0,28,2,32.8,0,0,201,20
108,Rachaad White TB,14,50,56,389,7.8,6,32,3,27.8,1,1,516,18
109,Justice Hill BAL,15,42,51,383,9.1,3,27,3,25.5,0,0,433,17
110,Jalen Coker CAR,9,23,37,381,16.6,2,83,5,42.3,0,0,149,16
111,Tim Patrick DET,14,31,42,379,12.2,3,42,6,27.1,0,0,134,20
111,Christian Kirk JAX,8,27,47,379,14.0,1,61,7,47.4,0,0,113,18
113,Marquez Valdes-Scantling BUF/NO,12,16,34,378,23.6,4,71,7,31.5,0,0,123,12
113,T.J. Hockenson MIN,8,34,48,378,11.1,0,34,4,47.3,0,0,122,25
115,Tyler Boyd TEN,15,37,53,376,10.2,0,40,4,25.1,0,0,182,19
115,Tyler Conklin NYJ,14,41,61,376,9.2,2,27,6,26.9,0,0,208,19
117,Juwan Johnson NO,14,36,47,375,10.4,3,30,6,26.8,1,0,136,18
118,Brandon Aiyuk SF,7,25,47,374,15.0,0,53,5,53.4,0,0,107,19
119,Olamide Zaccheaus WSH,15,35,50,370,10.6,2,49,3,24.7,0,0,227,19
120,Evan Engram JAX,9,47,64,365,7.8,1,24,2,40.6,1,1,150,17
121,Diontae Johnson BAL/CAR,11,31,63,363,11.7,3,39,5,33.0,0,0,87,20
122,D'Andre Swift CHI,15,38,45,358,9.4,0,42,4,23.9,0,0,360,10
123,KaVontae Turpin DAL,15,27,43,351,13.0,2,64,5,23.4,1,1,209,15
123,Brenton Strange JAX,15,36,48,351,9.8,2,30,6,23.4,1,1,159,17
125,Rashid Shaheed NO,6,20,41,349,17.5,3,70,5,58.2,0,0,106,12
125,Marvin Mims Jr. DEN,15,26,39,349,13.4,2,93,4,23.3,0,0,366,9
127,Aaron Jones MIN,15,42,51,348,8.3,2,25,4,23.2,2,2,353,15
128,Austin Ekeler WSH,11,33,39,346,10.5,0,34,8,31.5,1,0,403,13
129,Parker Washington JAX,15,27,44,344,12.7,1,30,5,22.9,0,0,94,16
130,David Montgomery DET,14,36,38,341,9.5,0,40,2,24.4,0,0,365,16
131,Cedric Tillman CLE,11,29,49,339,11.7,3,38,6,30.8,1,1,104,15
132,Chase Brown CIN,15,50,61,336,6.7,4,34,2,22.4,0,0,303,21
132,Jalen McMillan TB,11,27,47,336,12.4,5,32,6,30.5,0,0,107,17
134,Theo Johnson NYG,12,29,43,331,11.4,1,35,4,27.6,0,0,149,16
135,David Moore CAR,15,30,53,325,10.8,2,21,2,21.7,0,0,56,16
136,Sterling Shepard TB,13,31,49,323,10.4,1,30,4,24.8,0,0,99,15
137,Mack Hollins BUF,15,26,44,320,12.3,5,44,3,21.3,0,0,73,21
137,Bucky Irving TB,15,41,43,320,7.8,0,32,2,21.3,0,0,429,13
139,Dontayvion Wicks GB,14,27,58,310,11.5,4,36,4,22.1,0,0,121,19
140,Dawson Knox BUF,15,21,30,307,14.6,1,39,7,20.5,0,0,93,12
141,Foster Moreau NO,14,23,31,302,13.1,4,41,5,21.6,0,0,113,16
141,Josh Jacobs GB,14,31,38,302,9.7,1,49,5,21.6,0,0,354,13
141,Ja'Tavion Sanders CAR,14,29,37,302,10.4,1,46,5,21.6,1,0,169,11
144,Kenneth Walker III SEA,11,46,53,299,6.5,1,21,1,27.2,0,0,363,19
145,Javonte Williams DEN,15,47,64,296,6.3,0,34,2,19.7,0,0,346,12
146,Dyami Brown WSH,15,27,36,292,10.8,1,51,5,19.5,1,1,192,12
147,Joe Mixon HOU,12,33,48,291,8.8,1,37,4,24.3,0,0,329,12
148,Adonai Mitchell IND,15,21,50,290,13.8,0,36,4,19.3,1,0,81,14
149,Samaje Perine KC,15,25,32,289,11.6,1,36,5,19.3,0,0,291,14
149,Zach Charbonnet SEA,15,39,49,289,7.4,1,30,3,19.3,0,0,312,7
151,Colby Parkinson LAR,15,29,47,288,9.9,1,23,2,19.2,0,0,154,15
151,Rashee Rice KC,4,24,29,288,12.0,2,44,3,72.0,0,0,186,15
153,Jordan Akins CLE,15,28,42,281,10.0,1,21,2,18.7,1,0,135,15
154,Jalen Nailor MIN,15,20,33,280,14.0,5,33,5,18.7,0,0,74,17
155,Greg Dortch ARI,15,30,43,277,9.2,1,39,1,18.5,1,1,237,13
155,Alexander Mattison LV,12,31,40,277,8.9,1,31,3,23.1,0,0,296,11
157,Saquon Barkley PHI,15,31,41,276,8.9,2,43,4,18.4,0,0,244,12
158,Ty Johnson BUF,15,16,22,275,17.2,3,41,5,18.3,0,0,156,13
159,Mike Williams PIT/NYJ,16,20,31,273,13.6,1,32,5,17.1,0,0,35,13
160,Kendrick Bourne NE,10,24,32,271,11.3,1,37,2,27.1,0,0,84,11
161,Jaylen Warren PIT,13,33,40,269,8.2,0,29,2,20.7,1,0,278,13
162,Lil'Jordan Humphrey DEN,15,29,43,267,9.2,1,41,5,17.8,2,1,187,10
163,Tyrone Tracy Jr. NYG,15,34,48,263,7.7,1,19,0,17.5,1,0,263,13
164,Van Jefferson PIT,15,21,35,258,12.3,2,43,4,17.2,0,0,76,11
164,James Cook BUF,14,32,38,258,8.1,2,28,3,18.4,0,0,260,14
166,Tyler Johnson LAR,14,22,34,256,11.6,0,63,3,18.3,0,0,154,7
166,Najee Harris PIT,15,30,39,256,8.5,0,32,4,17.1,0,0,294,11
168,Grant Calcaterra PHI,15,21,24,254,12.1,1,34,5,16.9,0,0,122,14
169,Troy Franklin DEN,14,25,49,252,10.1,2,30,5,18.0,0,0,142,10
170,Josh Oliver MIN,13,20,25,242,12.1,3,28,5,18.6,0,0,119,13
171,Gabe Davis JAX,10,20,42,239,11.9,2,22,6,23.9,1,1,39,13
172,Tony Pollard TEN,15,41,57,238,5.8,0,30,2,15.9,0,0,221,9
173,Rico Dowdle DAL,14,36,45,233,6.5,3,22,1,16.6,0,0,238,12
174,Nelson Agholor BAL,14,14,29,231,16.5,2,56,5,16.5,0,0,85,10
175,Ameer Abdullah LV,15,37,43,229,6.2,3,24,1,15.3,0,0,227,14
176,Jerome Ford CLE,13,37,43,225,6.1,0,26,3,17.3,0,0,294,10
176,Luke Schoonmaker DAL,15,25,34,225,9.0,1,24,3,15.0,0,0,88,10
178,Justin Watson KC,15,19,27,224,11.8,1,25,1,14.9,0,0,59,11
179,Josh Whyle TEN,15,23,29,219,9.5,1,33,3,14.6,0,0,130,13
180,Tyjae Spears TEN,11,27,31,216,8.0,1,43,2,19.6,0,0,251,9
181,AJ Barner SEA,15,25,33,211,8.4,3,20,1,14.1,0,0,137,14
182,JuJu Smith-Schuster KC,12,15,22,209,13.9,2,50,3,17.4,0,0,140,10
183,Kalif Raymond DET,11,16,21,204,12.8,2,38,3,18.5,0,0,131,9
183,Tommy Tremble CAR,10,21,29,204,9.7,1,38,2,20.4,1,1,107,10
185,Curtis Samuel BUF,13,24,38,201,8.4,1,38,2,15.5,0,0,100,8
185,Jordan Whittington LAR,13,18,23,201,11.2,0,31,2,15.5,0,0,126,10
187,Travis Etienne Jr. JAX,13,35,45,199,5.7,0,21,1,15.3,0,0,230,10
188,Brandin Cooks DAL,8,19,37,192,10.1,3,29,2,24.0,0,0,37,15
188,Darnell Washington PIT,15,18,24,192,10.7,1,29,3,12.8,0,0,123,9
190,Tylan Wallace BAL,15,10,10,191,19.1,1,84,2,12.7,0,0,119,5
191,Ricky Pearsall SF,9,17,28,190,11.2,1,46,2,21.1,0,0,63,8
192,Taysom Hill NO,8,23,31,187,8.1,0,34,2,23.4,1,1,137,8
192,Zack Moss CIN,8,23,27,187,8.1,1,21,1,23.4,0,0,194,11
194,Antonio Gibson NE,15,19,22,186,9.8,0,50,2,12.4,0,0,191,9
195,Stone Smartt LAC,13,14,17,185,13.2,0,31,4,14.2,1,1,65,9
196,Ray Davis BUF,15,14,15,184,13.1,2,63,2,12.3,0,0,147,7
197,Josh Reynolds DEN/JAX,7,12,21,183,15.3,1,49,4,26.1,0,0,35,8
197,Adam Trautman DEN,15,12,19,183,15.3,2,37,2,12.2,0,0,95,8
199,John Metchie III HOU,11,17,25,182,10.7,1,28,2,16.5,0,0,62,9
200,Kareem Hunt KC,12,23,32,176,7.7,0,26,1,14.7,0,0,216,10
201,Trey Palmer TB,13,12,22,172,14.3,1,27,2,13.2,0,0,42,7
202,Chuba Hubbard CAR,15,43,54,171,4.0,1,20,1,11.4,3,2,245,10
203,Luke McCaffrey WSH,15,18,24,168,9.3,0,30,2,11.2,0,0,97,8
203,Rhamondre Stevenson NE,14,33,40,168,5.1,1,16,0,12.0,1,0,237,8
205,Dare Ogunbowale HOU,15,16,24,166,10.4,1,31,2,11.1,0,0,149,7
205,Kyren Williams LAR,15,31,37,166,5.4,2,26,1,11.1,0,0,187,6
207,Jalen Brooks DAL,12,11,29,165,15.0,1,41,2,13.8,0,0,37,7
208,Cedrick Wilson Jr. NO,12,13,17,159,12.2,1,25,1,13.3,0,0,57,7
209,DJ Turner LV,12,16,29,158,9.9,1,30,2,13.2,0,0,83,9
209,Erick All Jr. CIN,9,20,22,158,7.9,0,28,1,17.6,0,0,87,8
211,Derrick Henry BAL,15,15,17,152,10.1,2,27,2,10.1,0,0,176,8
212,Lucas Krull DEN,11,18,22,149,8.3,0,23,1,13.5,0,0,63,7
212,Elijah Higgins ARI,15,18,21,149,8.3,2,23,1,9.9,0,0,69,8
214,Mo Alie-Cox IND,15,12,20,147,12.3,1,22,2,9.8,0,0,49,7
215,Christian McCaffrey SF,4,15,19,146,9.7,0,30,2,36.5,1,1,98,6
216,Raheem Mostert MIA,11,17,21,145,8.5,0,25,1,13.2,0,0,135,10
217,Brian Robinson Jr. WSH,12,17,22,144,8.5,0,32,1,12.0,0,0,160,4
218,Robert Woods HOU,13,16,25,143,8.9,0,32,1,11.0,2,0,65,9
218,Tanner Hudson CIN,10,18,22,143,7.9,1,19,0,14.3,1,1,89,8
220,Kyle Juszczyk SF,15,16,26,142,8.9,0,34,2,9.5,0,0,62,5
221,Kylen Granson IND,15,10,23,141,14.1,0,40,2,9.4,0,0,74,6
222,Braelon Allen NYJ,15,17,24,140,8.2,1,15,0,9.3,0,0,156,8
223,Johnny Mundt MIN,15,18,26,135,7.5,2,20,1,9.0,0,0,78,7
224,J.K. Dobbins LAC,11,28,34,134,4.8,0,15,0,12.2,0,0,175,6
224,Malik Washington MIA,12,18,26,134,7.4,0,20,1,11.2,0,0,85,6
226,Cade Stover HOU,13,14,20,132,9.4,1,27,1,10.2,0,0,91,5
227,Charlie Kolar BAL,12,9,11,131,14.6,1,55,2,10.9,0,0,76,4
227,Jonathan Mingo DAL/CAR,15,14,37,131,9.4,0,35,2,8.7,0,0,67,4
229,Jonathan Taylor IND,12,15,25,122,8.1,1,25,1,10.2,1,0,142,7
229,Jahan Dotson PHI,15,12,22,122,10.2,0,36,2,8.1,0,0,52,6
231,Michael Mayer LV,9,16,26,121,7.6,0,29,1,13.4,0,0,40,6
232,Bub Means NO,7,9,15,118,13.1,1,36,1,16.9,0,0,20,7
233,Daniel Bellinger NYG,15,12,15,116,9.7,0,17,0,7.7,0,0,45,8
234,Devin Singletary NYG,13,19,22,115,6.1,0,23,1,8.8,0,0,171,4
235,Rakim Jarrett TB,8,8,10,113,14.1,0,30,2,14.1,0,0,17,4
236,Hunter Luepke DAL,14,11,15,110,10.0,0,24,1,7.9,0,0,84,5
237,Jermaine Burton CIN,13,4,14,107,26.8,0,47,2,8.2,0,0,22,4
238,Simi Fehoko LAC,8,6,16,106,17.7,0,30,2,13.3,0,0,16,6
239,Emari Demercado ARI,13,16,20,104,6.5,0,24,1,8.0,0,0,95,3
239,Sean Tucker TB,15,8,11,104,13.0,1,36,1,6.9,0,0,103,6
241,Jake Bobo SEA,15,12,16,103,8.6,0,15,0,6.9,0,0,27,7
242,Ryan Miller TB,9,10,16,102,10.2,2,39,1,11.3,0,0,52,7
242,Kenneth Gainwell PHI,15,13,17,102,7.8,0,16,0,6.8,0,0,94,5
244,Nick Vannett TEN,15,14,17,101,7.2,2,24,1,6.7,0,0,78,4
245,Jalen Reagor LAC,8,7,12,100,14.3,0,41,2,12.5,1,1,26,3
245,Brock Wright DET,15,13,16,100,7.7,2,16,0,6.7,0,0,75,7
245,Jeremy Ruckert NYJ,15,17,26,100,5.9,0,12,0,6.7,0,0,81,6
245,Julian Hill MIA,14,12,18,100,8.3,0,17,0,7.1,1,0,58,5
249,Mason Tipton NO,10,14,25,99,7.1,0,15,0,9.9,0,0,27,2
250,KhaDarel Hodge ATL,15,5,6,98,19.6,1,45,2,6.5,0,0,73,4
250,Miles Sanders CAR,10,21,26,98,4.7,0,27,1,9.8,0,0,137,3
250,Kevin Austin Jr. NO,5,8,15,98,12.3,0,22,1,19.6,0,0,22,7
253,Drew Sample CIN,15,15,17,92,6.1,1,12,0,6.1,1,0,61,6
254,Jordan Mason SF,12,11,14,91,8.3,0,24,1,7.6,0,0,59,5
254,Xavier Hutchinson HOU,14,9,20,91,10.1,0,19,0,6.5,0,0,30,5
256,Mecole Hardman KC,12,12,14,90,7.5,0,17,0,7.5,0,0,99,6
257,Pierre Strong Jr. CLE,13,11,17,89,8.1,0,21,2,6.8,0,0,111,3
258,Brevyn Spann-Ford DAL,15,9,14,88,9.8,0,18,0,5.9,0,0,53,6
258,Roschon Johnson CHI,12,11,15,88,8.0,0,17,0,7.3,0,0,70,5
258,Drew Ogletree IND,15,8,13,88,11.0,1,22,2,5.9,0,0,41,5
261,Isaac Guerendo SF,14,11,12,87,7.9,0,27,2,6.2,1,0,67,5
261,Ja'Lynn Polk NE,14,12,32,87,7.3,2,21,1,6.2,0,0,13,4
263,Harrison Bryant LV,11,9,12,86,9.6,0,18,0,7.8,0,0,71,5
264,D'Ernest Johnson JAX,12,9,15,85,9.4,0,26,2,7.1,0,0,85,3
264,Ryan Flournoy DAL,9,7,10,85,12.1,0,26,1,9.4,1,1,32,4
266,Trey Sermon IND,15,14,15,84,6.0,0,14,0,5.6,0,0,88,3
267,Trent Sherfield Sr. MIN,15,8,9,83,10.4,1,17,0,5.5,0,0,40,4
267,Nate Adkins DEN,15,10,11,83,8.3,3,16,0,5.5,0,0,48,5
269,Cordarrelle Patterson PIT,11,12,14,80,6.7,1,20,1,7.3,0,0,56,5
269,Eric Saubert SF,15,7,9,80,11.4,1,20,1,5.3,0,0,32,3
269,Bryce Oliver TEN,8,5,6,80,16.0,0,33,1,10.0,0,0,24,3
272,Isiah Pacheco KC,6,12,16,79,6.6,0,23,1,13.2,0,0,119,4
273,Derius Davis LAC,13,10,14,78,7.8,1,19,0,6.0,0,0,106,4
273,Eric Gray NYG,15,9,10,78,8.7,0,19,0,5.2,0,0,99,3
275,Alec Ingold MIA,13,9,10,75,8.3,0,25,1,5.8,0,0,49,3
275,Devin Duvernay JAX,11,10,15,75,7.5,0,28,1,6.8,0,0,62,6
277,Hayden Hurst LAC,8,8,13,73,9.1,0,27,1,9.1,0,0,20,2
277,Bo Melton GB,14,5,12,73,14.6,0,28,1,5.2,0,0,6,4
279,DeAndre Carter CHI,13,9,14,72,8.0,0,14,0,5.5,0,0,32,3
280,Brandon Powell MIN,15,7,10,71,10.1,0,13,0,4.7,0,0,12,5
280,Tyler Allgeier ATL,15,11,11,71,6.5,0,13,0,4.7,0,0,80,2
282,John Bates WSH,15,7,11,70,10.0,0,20,1,4.7,1,1,44,2
283,Ezekiel Elliott DAL,14,12,15,69,5.8,0,15,0,4.9,0,0,97,3
283,Scotty Miller PIT,12,5,9,69,13.8,0,21,2,5.8,0,0,33,2
283,Ben Skowronek PIT,9,5,5,69,13.8,0,23,1,7.7,0,0,29,4
286,Chris Brooks GB,12,10,11,67,6.7,0,15,0,5.6,0,0,92,2
286,Ashton Dulin IND,13,2,8,67,33.5,1,54,1,5.2,0,0,43,2
286,Isaiah Davis NYJ,15,8,11,67,8.4,1,24,1,4.5,0,0,62,4
289,Michael Burton DEN,15,10,10,65,6.5,1,28,1,4.3,0,0,41,3
290,Luke Farrell JAX,15,11,16,63,5.7,0,11,0,4.2,0,0,29,4
290,Payne Durham TB,14,7,9,63,9.0,0,26,1,4.5,1,0,10,2
292,Michael Woods II CLE,4,6,14,62,10.3,0,16,0,15.5,0,0,35,4
292,Kimani Vidal LAC,8,5,7,62,12.4,1,38,1,7.8,0,0,37,2
292,Jalin Hyatt NYG,14,8,18,62,7.8,0,19,0,4.4,0,0,6,3
295,Pharaoh Brown SEA,13,7,11,61,8.7,0,17,0,4.7,0,0,25,2
296,Hunter Long LAR,15,7,9,60,8.6,0,18,0,4.0,0,0,30,2
296,Jaleel McLaughlin DEN,14,20,23,60,3.0,2,11,0,4.3,1,1,135,3
298,JaMycal Hasty NE,14,10,12,59,5.9,1,16,0,4.2,0,0,72,2
298,Trey Benson ARI,13,6,6,59,9.8,0,19,0,4.5,0,0,78,3
300,K.J. Osborn NE,7,7,18,57,8.1,1,22,1,8.1,0,0,16,2
301,Tyler Goodson IND,14,10,13,56,5.6,1,24,1,4.0,0,0,64,3
302,Odell Beckham Jr. MIA,9,9,18,55,6.1,0,11,0,6.1,0,0,14,3
303,Durham Smythe MIA,15,9,16,53,5.9,0,8,0,3.5,0,0,16,1
304,Tank Bigsby JAX,14,6,10,51,8.5,0,28,1,3.6,0,0,57,1
305,Jacob Cowing SF,13,2,4,50,25.0,0,41,1,3.8,0,0,16,1
306,Cam Akers HOU/MIN,15,10,13,49,4.9,2,9,0,3.3,0,0,50,2
307,Jamison Crowder WSH,4,6,8,47,7.8,2,12,0,11.8,0,0,8,3
307,Tyquan Thornton NE,6,4,8,47,11.8,0,17,0,7.8,0,0,24,2
309,D'Onta Foreman CLE,9,5,5,46,9.2,0,16,0,5.1,0,0,42,1
309,Dante Pettis NO,5,5,11,46,9.2,0,12,0,9.2,0,0,20,3
309,Blake Corum LAR,15,6,7,46,7.7,0,12,0,3.1,0,0,54,4
309,Emanuel Wilson GB,14,9,12,46,5.1,1,30,1,3.3,0,0,86,3
313,Hollywood Brown KC,1,5,8,45,9.0,0,20,1,45.0,0,0,35,2
314,Cody White SEA,4,2,3,44,22.0,0,28,1,11.0,0,0,13,2
315,Ty Chandler MIN,15,6,6,42,7.0,0,10,0,2.8,0,0,53,2
315,Jordan Mims NO,9,4,7,42,10.5,0,25,1,4.7,0,0,44,2
315,Blake Whiteheart CLE,9,4,7,42,10.5,1,29,1,4.7,0,0,4,2
315,Ben Sims GB,14,4,5,42,10.5,0,28,1,3.0,0,0,16,1
319,Malik Heath GB,11,6,7,41,6.8,1,12,0,3.7,0,0,10,3
320,MyCole Pruitt PIT,10,6,10,40,6.7,1,18,0,4.0,0,0,16,2
320,Charlie Woerner ATL,14,6,11,40,6.7,0,13,0,2.9,0,0,21,3
320,Austin Trammell JAX,1,2,3,40,20.0,0,22,1,40.0,0,0,9,2
323,Hassan Haskins LAC,15,2,2,39,19.5,1,34,1,2.6,0,0,36,1
323,Davis Allen LAR,13,6,12,39,6.5,0,13,0,3.0,0,0,21,2
323,Xavier Gipson NYJ,15,6,10,39,6.5,1,17,0,2.6,0,0,22,3
326,Jamaal Williams NO,11,7,9,38,5.4,0,13,0,3.5,0,0,39,2
327,Tip Reiman ARI,15,6,7,37,6.2,0,14,0,2.5,0,0,29,1
327,Sione Vaki DET,14,3,3,37,12.3,0,17,0,2.6,0,0,20,2
329,Gerald Everett CHI,15,8,12,36,4.5,0,17,0,2.4,0,0,41,1
329,Dee Eskridge MIA,5,2,2,36,18.0,0,30,1,7.2,0,0,18,2
329,Laviska Shenault Jr. LAC/SEA,12,5,5,36,7.2,0,18,0,3.0,0,0,46,2
332,Britain Covey PHI,5,7,8,34,4.9,0,11,0,6.8,0,0,28,2
332,Divine Deablo LV,12,1,1,34,34.0,0,34,1,2.8,0,0,30,1
332,Treylon Burks TEN,5,4,8,34,8.5,0,13,0,6.8,0,0,5,3
335,Connor Heyward PIT,15,5,7,32,6.4,1,16,0,2.1,0,0,7,2
336,Nick Chubb CLE,8,5,11,31,6.2,1,19,0,3.9,0,0,31,3
336,Alex Bachman LV,6,3,3,31,10.3,0,18,0,5.2,0,0,10,2
336,Tucker Fisk LAC,7,6,7,31,5.2,0,10,0,4.4,0,0,18,1
339,Parris Campbell PHI,5,6,8,30,5.0,1,7,0,6.0,0,0,9,1
339,Michael Carter ARI,1,5,5,30,6.0,0,18,0,30.0,0,0,35,2
339,Tim Jones JAX,15,2,4,30,15.0,0,20,1,2.0,0,0,17,2
339,Zamir White LV,8,6,8,30,5.0,0,14,0,3.8,0,0,50,2
343,Dan Chisena CAR,4,2,3,29,14.5,0,23,1,7.3,0,0,9,1
343,Will Mallory IND,10,4,8,29,7.3,0,10,0,2.9,0,0,4,1
343,Sincere McCormick LV,5,6,7,29,4.8,0,15,0,5.8,0,0,29,2
346,Greg Dulcich DEN/NYG,7,5,12,28,5.6,0,9,0,4.0,0,0,15,0
346,Scott Matlock LAC,15,4,5,28,7.0,0,10,0,1.9,0,0,23,1
346,Ben Sinnott WSH,15,5,5,28,5.6,1,12,0,1.9,0,0,19,2
349,Kenny Yeboah NYJ,7,3,4,27,9.0,1,12,0,3.9,0,0,27,2
349,David Bell CLE,2,3,3,27,9.0,0,12,0,13.5,0,0,8,1
351,Peyton Hendershot KC,5,3,3,26,8.7,0,11,0,5.2,0,0,15,1
352,DJ Chark Jr. LAC,5,3,3,25,8.3,0,12,0,5.0,0,0,7,0
353,Carson Steele KC,15,5,9,24,4.8,0,9,0,1.6,0,0,35,0
354,Anthony Gould IND,6,1,1,23,23.0,0,23,1,3.8,0,0,5,1
354,Jonathon Brooks CAR,3,3,3,23,7.7,0,18,0,7.7,0,0,31,2
356,Jeremy McNichols WSH,15,7,9,22,3.1,0,10,0,1.5,0,0,26,0
356,Ronnie Bell SF,9,2,6,22,11.0,0,12,0,2.4,0,0,2,2
356,Kenny McIntosh SEA,15,3,3,22,7.3,0,15,0,1.5,0,0,17,1
356,Luke Musgrave GB,4,5,7,22,4.4,0,6,0,5.5,0,0,15,1
356,Jamari Thrash CLE,7,3,5,22,7.3,0,11,0,3.1,0,0,14,2
356,Shane Zylstra DET,10,1,1,22,22.0,0,22,1,2.2,0,0,13,1
362,James Proche II CLE,7,3,3,21,7.0,0,14,0,3.0,0,0,4,1
362,Devontez Walker BAL,7,1,1,21,21.0,1,21,1,3.0,0,0,0,1
364,C.J. Ham MIN,15,3,4,20,6.7,0,9,0,1.3,1,1,17,0
364,Deven Thompkins CAR,7,4,4,20,5.0,0,12,0,2.9,0,0,28,2
366,Zay Jones ARI,9,3,5,19,6.3,0,13,0,2.1,0,0,14,2
366,Jeff Wilson Jr. MIA,7,3,3,19,6.3,0,7,0,2.7,0,0,19,0
368,Kristian Wilkerson LV,3,2,3,18,9.0,1,9,0,6.0,0,0,11,2
368,Marcus Jones NE,14,1,1,18,18.0,0,18,0,1.3,0,0,25,1
368,Deuce Vaughn DAL,6,3,5,18,6.0,0,8,0,3.0,0,0,13,0
371,Mason Kinsey TEN,4,2,2,17,8.5,0,11,0,4.3,0,0,0,1
371,Chris Blair ATL,2,1,1,17,17.0,0,17,0,8.5,0,0,0,1
373,Tanner Conner MIA,8,3,4,16,5.3,0,11,0,2.0,0,0,5,1
373,Quintin Morris BUF,14,2,3,16,8.0,1,14,0,1.1,0,0,8,2
373,Malachi Corley NYJ,8,3,6,16,5.3,0,10,0,2.0,0,0,5,1
376,Trenton Irwin CIN,7,3,10,15,5.0,0,6,0,2.1,0,0,4,1
377,Josiah Deguara JAX,13,3,3,14,4.7,0,8,0,1.1,0,0,7,0
377,Casey Washington ATL,8,1,2,14,14.0,0,14,0,1.8,0,0,11,1
377,Audric Estime DEN,11,4,4,14,3.5,0,11,0,1.3,0,0,23,1
377,Johnny Wilson PHI,14,2,10,14,7.0,1,9,0,1.0,0,0,6,2
381,Patrick Taylor Jr. SF,11,2,7,13,6.5,0,12,0,1.2,0,0,12,1
381,Blake Watson DEN,2,1,2,13,13.0,0,13,0,6.5,0,0,18,0
381,Terrace Marshall Jr. LV,5,2,4,13,6.5,0,7,0,2.6,0,0,1,0
384,River Cracraft MIA,6,2,4,12,6.0,0,6,0,2.0,0,0,4,0
384,Isaiah Hodgins NYG,3,2,2,12,6.0,0,7,0,4.0,0,0,1,0
384,Cam Grandy CIN,6,3,3,12,4.0,0,9,0,2.0,0,0,4,1
387,Tyler Higbee LAR,1,1,2,11,11.0,1,11,0,11.0,0,0,11,1
387,Myles Gaskin MIN,5,1,1,11,11.0,0,11,0,2.2,0,0,13,0
387,Khalil Herbert CHI/CIN,12,3,3,11,3.7,0,7,0,0.9,0,0,15,0
387,Travis Homer CHI,10,3,3,11,3.7,0,6,0,1.1,0,0,10,0
387,Julius Chestnut TEN,15,2,2,11,5.5,0,9,0,0.7,0,0,14,0
387,Grant DuBose MIA,3,2,4,11,5.5,0,13,0,3.7,0,0,3,1
393,Dalvin Cook DAL,2,1,1,10,10.0,0,10,0,5.0,0,0,7,1
393,Jack Stoll MIA/PHI,9,2,3,10,5.0,0,6,0,1.1,0,0,2,0
393,Dallin Holker NO,9,1,1,10,10.0,0,10,0,1.1,0,0,11,1
393,Jermar Jefferson DET,1,1,1,10,10.0,0,10,0,10.0,0,0,10,1
397,Allen Robinson DET,11,2,6,9,4.5,0,7,0,0.8,0,0,2,2
397,Eric Tomlinson LAC,9,2,4,9,4.5,0,7,0,1.0,0,0,12,0
397,Dan Skipper DET,15,1,1,9,9.0,1,9,0,0.6,0,0,8,1
397,Brandon Johnson PIT,3,1,1,9,9.0,0,9,0,3.0,0,0,4,0
397,Kendric Pryor CIN,1,1,1,9,9.0,0,9,0,9.0,0,0,0,0
397,Tristan Wirfs TB,14,0,0,9,0.0,0,9,0,0.6,1,0,9,0
403,Patrick Ricard BAL,15,2,4,8,4.0,1,5,0,0.5,0,0,5,1
403,Velus Jones Jr. CHI/CAR,2,1,1,8,8.0,0,8,0,4.0,0,0,13,0
403,Jha'Quan Jackson TEN,12,1,3,8,8.0,0,8,0,0.7,0,0,2,1
403,Jaylen Wright MIA,13,3,6,8,2.7,0,6,0,0.6,0,0,8,1
407,Geoff Swaim CLE,8,1,1,7,7.0,0,7,0,0.9,0,0,5,0
407,Jared Goff DET,15,1,1,7,7.0,1,7,0,0.5,0,0,2,1
407,Josh Allen BUF,15,0,0,7,0.0,1,7,0,0.5,0,0,7,1
407,Ian Thomas CAR,5,3,6,7,2.3,0,3,0,1.4,0,0,6,1
407,John Samuel Shenker LV,6,1,1,7,7.0,0,7,0,1.2,0,0,3,0
407,Brevin Jordan HOU,2,2,3,7,3.5,0,4,0,3.5,0,0,3,1
407,Ramel Keyton LV,6,1,3,7,7.0,0,7,0,1.2,0,0,0,1
407,Jared Wiley KC,7,1,1,7,7.0,0,7,0,1.0,0,0,3,0
415,Gus Edwards LAC,11,3,5,6,2.0,0,3,0,0.5,0,0,11,0
415,John Ross PHI,1,1,2,6,6.0,0,6,0,6.0,0,0,2,1
415,Collin Johnson CHI,7,1,2,6,6.0,0,6,0,0.9,0,0,3,1
415,Jaelon Darden SEA/CLE,10,1,1,6,6.0,0,6,0,0.6,0,0,9,1
415,David Martin-Robinson TEN,3,1,2,6,6.0,0,6,0,2.0,0,0,6,1
415,Xavier Smith LAR,13,2,2,6,3.0,0,11,0,0.5,0,0,5,1
415,Ainias Smith PHI,5,3,3,6,2.0,0,5,0,1.2,0,0,7,0
415,Isaiah Williams CIN/DET,6,2,3,6,3.0,0,4,0,1.0,0,0,7,0
423,Robbie Chosen MIA,2,1,4,5,5.0,0,5,0,2.5,0,0,1,0
423,Ross Dwelley ATL,15,1,1,5,5.0,0,5,0,0.3,0,0,4,0
423,Mike Caliendo KC,15,1,1,5,5.0,0,5,0,0.3,0,0,3,1
423,Charlie Jones CIN,8,1,1,5,5.0,0,5,0,0.6,0,0,0,0
423,Jody Fortson KC,3,1,3,5,5.0,0,5,0,1.7,0,0,2,1
423,Craig Reynolds DET,15,1,1,5,5.0,0,5,0,0.3,0,0,9,0
423,Tyler Scott CHI,9,1,1,5,5.0,0,5,0,0.6,0,0,7,0
423,Zach Davidson BUF,3,1,2,5,5.0,0,5,0,1.7,0,0,2,0
431,Chris Conley SF,13,1,7,4,4.0,0,4,0,0.3,0,0,0,0
431,Vederian Lowe NE,12,1,1,4,4.0,1,4,0,0.3,0,0,0,1
431,Juanyeh Thomas DAL,11,1,1,4,4.0,0,4,0,0.4,0,0,0,0
434,MarShawn Lloyd GB,1,1,1,3,3.0,0,3,0,3.0,0,0,8,0
435,Marcedes Lewis CHI,15,1,1,2,2.0,0,2,0,0.1,0,0,1,1
435,Chris Manhertz NYG,15,1,2,2,2.0,1,2,0,0.1,0,0,0,1
435,Jake Brendel SF,15,0,0,2,0.0,0,2,0,0.1,1,0,2,0
435,Sam Hubbard CIN,14,1,1,2,2.0,1,2,0,0.1,0,0,0,1
435,Patrick Mahomes KC,15,1,1,2,2.0,0,2,0,0.1,0,0,3,0
435,Dameon Pierce HOU,9,2,2,2,1.0,0,1,0,0.2,0,0,5,0
435,John FitzPatrick GB,6,1,1,2,2.0,0,2,0,0.3,0,0,0,0
435,Bo Nix DEN,15,1,1,2,2.0,1,2,0,0.1,0,0,0,1
443,Trent Scott WSH,15,1,1,1,1.0,1,1,0,0.1,0,0,0,1
443,DeeJay Dallas ARI,15,1,1,1,1.0,1,1,0,0.1,0,0,0,1
443,Jaheim Bell NE,13,1,2,1,1.0,0,1,0,0.1,0,0,3,0
443,Wanya Morris KC,15,1,1,1,1.0,1,1,0,0.1,0,0,0,1
443,Kendre Miller NO,4,2,5,1,0.5,0,6,0,0.3,0,0,4,0
448,Jordan Matthews CAR,4,0,1,0,0.0,0,0,0,0.0,0,0,0,0
448,C.J. Goodwin DAL,15,0,1,0,0.0,0,0,0,0.0,0,0,0,0
448,Taylor Decker DET,12,0,1,0,0.0,0,0,0,0.0,0,0,0,0
448,Braxton Berrios MIA,6,0,4,0,0.0,0,0,0,0.0,0,0,0,0
448,Andrew Beck HOU/GB,4,0,2,0,0.0,0,0,0,0.0,0,0,0,0
448,Tom Kennedy DET,3,0,1,0,0.0,0,0,0,0.0,0,0,0,0
448,Irvin Charles NYJ,13,0,1,0,0.0,0,0,0,0.0,0,0,0,0
448,Adam Prentice NO,14,0,3,0,0.0,0,0,0,0.0,0,0,0,0
448,Feleipe Franks CAR,14,0,2,0,0.0,0,0,0,0.0,0,0,0,0
448,Stephen Sullivan CAR,1,0,1,0,0.0,0,0,0,0.0,0,0,0,0
448,J.J. Taylor HOU,5,2,3,0,0.0,0,2,0,0.0,0,0,1,0
448,Sam Franklin Jr. CAR,8,0,1,0,0.0,0,0,0,0.0,0,0,0,0
448,Kadarius Toney CLE,3,0,1,0,0.0,0,0,0,0.0,0,0,0,0
448,Ronnie Rivers LAR,15,1,1,0,0.0,0,0,0,0.0,0,0,7,0
448,James Pierre PIT,13,0,1,0,0.0,0,0,0,0.0,0,0,0,0
448,Justyn Ross KC,2,0,1,0,0.0,0,0,0,0.0,0,0,0,0
448,Erik Ezukanma MIA,2,0,2,0,0.0,0,0,0,0.0,0,0,0,0
448,Ben VanSumeren PHI,11,1,1,0,0.0,0,0,0,0.0,0,0,0,0
448,Dareke Young SEA,12,0,1,0,0.0,0,0,0,0.0,0,0,0,0
448,Baylor Cupp KC,1,0,1,0,0.0,0,0,0,0.0,0,0,0,0
448,Xavier Weaver ARI,1,0,1,0,0.0,0,0,0,0.0,0,0,0,0
448,Skyy Moore KC,6,0,3,0,0.0,0,0,0,0.0,0,0,0,0
448,JC Latham TEN,15,1,1,0,0.0,0,0,0,0.0,0,0,4,0
448,C.J. Stroud HOU,15,0,1,0,0.0,0,0,0,0.0,0,0,0,0
448,Tyler Smith DAL,14,1,1,0,0.0,0,0,0,0.0,0,0,6,0
448,Javon Baker NE,9,0,2,0,0.0,0,0,0,0.0,0,0,0,0
448,Kameron Johnson TB,4,0,1,0,0.0,0,0,0,0.0,0,0,0,0
475,Anthony Richardson IND,11,1,1,-1,-1.0,0,-1,0,-0.1,0,0,7,0
475,George Holani SEA,3,1,1,-1,-1.0,0,-1,0,-0.3,0,0,0,0
477,Brycen Tremayne WSH,1,1,1,-2,-2.0,0,-2,0,-2.0,0,0,0,0
477,Tyler Badie DEN,3,3,3,-2,-0.7,0,2,0,-0.7,1,1,4,0
477,Zach Frazier PIT,13,0,0,-2,0.0,0,-2,0,-0.2,0,0,-2,0
480,Dominick Puni SF,15,0,0,-3,0.0,0,-3,0,-0.2,0,0,-3,0
481,Trevor Lawrence JAX,10,0,0,-5,0.0,0,-5,0,-0.5,1,0,-5,0
